user_id,city,device_type,kyc_level,account_age_months,account_age_band,active_days_per_month,transactions_per_day,monthly_transaction_count,avg_transaction_amount,max_transaction_amount,total_monthly_spend,merchant_txn_ratio,peer_txn_ratio,merchant_count_month,peer_count_month,failed_transactions,failed_txn_ratio,refund_requests,refund_ratio,night_txn_ratio,weekend_txn_ratio,session_count,app_open_frequency,avg_session_duration_min,avg_gap_between_txn_hours,spend_volatility,avg_balance_before_txn,cashback_usage_ratio,suspicious_activity_score
UPI00001,Mumbai,Android,Minimum,28,2y+,17,5.12,109,246.96,683.99,28538.33,0.562,0.393,53,56,4,0.0504,0,0.0029,0.073,0.321,66,111,2.14,3.72,0.359,5464.53,0.333,26.91
UPI00002,Chennai,Android,Premium,11,6-12m,14,1.55,20,517.36,1066.87,11178.3,0.611,0.422,20,0,0,0.0119,1,0.0502,0.113,0.292,33,50,4.18,31.47,0.476,2894.69,0.327,13.03
UPI00003,Pune,Android,Premium,31,2y+,17,3.96,54,894.5,2600.47,45782.65,0.498,0.551,14,44,4,0.0808,1,0.0186,0.102,0.365,31,41,6.2,12.27,0.409,7560.72,0.279,32.01
UPI00004,Chennai,Android,Minimum,14,1-2y,11,9.99,110,1358.09,4488.76,151267.94,0.565,0.35,57,53,23,0.2184,1,0.0108,0.614,0.598,41,117,9.17,4.02,0.535,47098.46,0.373,77.72
UPI00005,Ahmedabad,Android,Full,29,2y+,16,11.99,167,493.71,2021.13,73530.16,0.258,0.742,29,141,23,0.1572,4,0.0259,0.553,0.448,44,84,7.42,3.23,0.847,55402.11,0.31,78.22
UPI00006,Ahmedabad,Android,Full,33,2y+,21,6.02,104,213.15,438.67,25820.07,0.841,0.184,63,40,3,0.0342,2,0.0214,0.174,0.422,52,78,2.68,2.07,0.241,18225.15,0.491,29.79
UPI00007,Hyderabad,iOS,Minimum,9,6-12m,18,5.28,88,702.77,1324.82,56242.5,0.828,0.191,55,33,6,0.0759,2,0.0318,0.092,0.427,23,34,3.37,7.09,0.262,31593.91,0.477,44.56
UPI00008,Delhi,Android,Full,30,2y+,22,8.89,182,201.64,732.21,30264.11,0.698,0.312,108,77,5,0.0313,1,0.0082,0.211,0.347,79,184,9.53,6.26,0.798,16629.12,0.438,38.19
UPI00009,Mumbai,Android,Full,16,1-2y,23,5.12,121,736.49,2830.05,75430.6,0.949,0.045,116,0,0,0.0007,0,0.0066,0.167,0.227,52,71,6.66,5.17,0.451,53770.17,0.438,12.36
UPI00010,Mumbai,Android,Full,12,6-12m,28,6.77,154,62.07,180.09,11026.34,0.592,0.399,75,80,3,0.0291,2,0.0174,0.137,0.386,75,117,3.75,3.07,0.384,4107.74,0.409,29.6
UPI00011,Mumbai,iOS,Minimum,10,6-12m,8,1.34,18,338.95,1039.73,5968.16,0.602,0.344,5,10,2,0.1145,1,0.0579,0.123,0.293,12,12,5.16,40.55,0.492,4071.97,0.364,31.17
UPI00012,Pune,Android,Minimum,25,2y+,16,4.58,88,4756.22,8286.79,447210.95,0.762,0.251,58,27,3,0.0398,0,0.0076,0.145,0.352,34,54,4.37,7.49,0.115,44839.62,0.346,20.62
UPI00013,Bengaluru,Android,Full,23,1-2y,25,4.18,108,2005.05,6976.58,187019.87,0.474,0.539,32,81,17,0.1689,7,0.074,0.552,0.455,115,196,6.24,5.29,0.719,129168.55,0.377,73.32
UPI00014,Chennai,Android,Full,37,2y+,15,5.18,87,348.75,755.21,24926.5,0.481,0.553,37,51,2,0.0355,2,0.0238,0.155,0.388,69,98,3.16,5.42,0.272,9815.86,0.369,25.75
UPI00015,Hyderabad,Android,Full,11,6-12m,5,0.8,4,683.18,1481.87,3123.79,0.575,0.399,0,3,0,0.0087,3,0.2,0.023,0.229,4,6,3.82,175.32,0.273,50,0.384,27.44
UPI00016,Pune,iOS,Premium,15,1-2y,21,10.25,192,215.56,674.41,43719.5,0.606,0.442,105,92,4,0.0326,0,0.0066,0.059,0.294,56,96,3.6,2.68,0.442,23217.66,0.345,38.42
UPI00017,Mumbai,iOS,Premium,28,2y+,14,5.15,66,938.34,1742.77,63858.98,0.705,0.305,35,33,0,0.0053,0,0.0017,0.104,0.344,24,36,6.77,8.28,0.258,38553.25,0.335,19.71
UPI00018,Mumbai,Android,Full,27,2y+,9,2.24,16,708.4,1629.9,9710.87,0.627,0.414,9,10,0,0.0012,0,0.0052,0.134,0.451,17,29,1.76,45.4,0.261,4634.38,0.403,7.37
UPI00019,Bengaluru,Android,Full,19,1-2y,7,6.18,41,368.11,1177.0,12982.5,0.316,0.801,15,24,30,0.35,9,0.2,0.532,0.476,30,62,8.07,17.88,0.68,8801.89,0.312,100
UPI00020,Bengaluru,Android,Minimum,1,0-6m,20,3.8,35,2163.27,6115.54,73545.73,0.776,0.206,17,18,4,0.1156,0,0.0019,0.127,0.205,37,42,4.91,19.11,0.212,41131.49,0.362,44.9
UPI00021,Hyderabad,Android,Minimum,19,1-2y,25,9.85,256,236.62,509.68,53714.91,0.637,0.358,120,138,4,0.0221,0,0.0032,0.174,0.391,57,96,7.84,5.11,0.246,7409.36,0.364,19.05
UPI00022,Pune,Android,Full,19,1-2y,20,5.56,125,1567.63,5205.29,222163.77,0.331,0.735,23,97,12,0.1046,11,0.0936,0.378,0.493,82,234,5.78,3.76,0.717,144286.86,0.271,58.69
UPI00023,Hyderabad,Android,Full,26,2y+,4,1.08,2,332.95,900.11,741.77,0.435,0.495,0,1,2,0.35,1,0.2,0.081,0.395,12,19,6.41,250,0.392,1299.99,0.247,84.71
UPI00024,Delhi,Android,Minimum,24,1-2y,6,1.4,11,628.12,1755.67,6878.2,0.36,0.717,0,8,1,0.1019,1,0.0925,0.088,0.386,12,16,4.99,63.8,0.447,2813.2,0.217,41.92
UPI00025,Bengaluru,Android,Minimum,1,0-6m,6,1.8,16,585.18,1285.78,8473.27,0.545,0.455,5,14,0,0.0034,1,0.0644,0.12,0.495,12,18,2.37,41.81,0.167,2940.99,0.308,14.41
UPI00026,Hyderabad,Android,Full,25,2y+,24,9.1,215,276.82,986.23,56232.87,0.656,0.379,104,106,7,0.0394,1,0.0062,0.07,0.309,73,154,5.07,3.6,0.52,37407.79,0.408,38.22
UPI00027,Kolkata,Android,Minimum,27,2y+,17,4.57,84,1846.31,4142.84,153205.86,0.694,0.298,42,46,3,0.0461,2,0.0262,0.128,0.321,38,52,8.06,8.27,0.169,60520.39,0.438,35.23
UPI00028,Hyderabad,iOS,Full,30,2y+,25,6.61,185,306.83,760.63,47677.74,0.639,0.39,121,58,0,0.0116,2,0.0131,0.063,0.353,98,170,5.21,3.09,0.294,7279.3,0.343,21.48
UPI00029,Bengaluru,Android,Premium,29,2y+,21,1.99,59,661.63,1355.22,36041.98,0.529,0.514,29,29,2,0.0399,0,0.0013,0.085,0.286,51,87,4.45,16.14,0.217,19065.48,0.302,29.73
UPI00030,Chennai,Android,Full,31,2y+,17,15.46,253,926.39,2335.57,249243.4,0.342,0.564,70,181,32,0.1409,5,0.0249,0.598,0.629,70,132,11.5,0.77,0.59,172761.78,0.298,83.56
UPI00031,Ahmedabad,Android,Minimum,32,2y+,21,5.58,107,1168.62,3172.65,104953.23,0.827,0.169,61,45,2,0.0245,3,0.0348,0.187,0.323,37,76,2.94,0.99,0.288,44019.01,0.405,35.26
UPI00032,Kolkata,Android,Minimum,5,0-6m,22,6.32,147,144.31,292.94,19243.57,0.585,0.399,70,72,7,0.0546,2,0.014,0.128,0.361,71,100,4.08,1.71,0.328,8854.17,0.344,35.48
UPI00033,Bengaluru,Android,Minimum,33,2y+,22,4.9,103,330.97,1066.39,39212.73,0.47,0.572,43,58,1,0.0117,1,0.0148,0.122,0.251,53,94,6.83,5.08,0.448,28691.0,0.31,32.27
UPI00034,Kolkata,Android,Full,35,2y+,7,9.64,59,2590.58,10139.58,133732.14,0.216,0.85,12,46,24,0.35,4,0.0735,0.308,0.343,21,29,2.97,9.57,0.587,95690.52,0.278,99.79
UPI00035,Hyderabad,iOS,Minimum,4,0-6m,23,3.21,47,431.13,1565.57,17850.29,0.484,0.533,19,28,7,0.1611,0,0.0045,0.15,0.418,48,66,4.4,18.16,0.352,9425.25,0.303,53.96
UPI00036,Hyderabad,Android,Full,16,1-2y,14,4.05,80,1245.11,4417.61,86588.24,0.254,0.741,22,56,30,0.35,5,0.0633,0.494,0.687,43,77,6.35,13.91,0.86,60249.82,0.276,96.41
UPI00037,Bengaluru,Android,Full,18,1-2y,25,7.34,207,288.4,972.64,58367.57,0.603,0.415,133,73,7,0.0384,2,0.0127,0.072,0.253,76,165,4.8,4.39,0.358,12441.01,0.29,27.78
UPI00038,Delhi,iOS,Full,26,2y+,13,5.01,86,702.8,1913.07,64111.65,0.918,0.102,84,5,5,0.0698,2,0.0285,0.044,0.333,45,87,2.36,5.65,0.362,49499.0,0.528,32.81
UPI00039,Kolkata,Android,Full,16,1-2y,23,7.3,178,227.54,514.22,37955.08,0.55,0.418,100,77,3,0.02,3,0.0236,0.053,0.373,81,185,5.14,6.37,0.123,4058.82,0.387,25.73
UPI00040,Ahmedabad,Android,Minimum,8,6-12m,23,2.84,66,486.77,1053.36,29952.53,0.627,0.343,35,26,0,0.0101,0,0.0001,0.071,0.371,52,76,3.87,9.48,0.118,8714.31,0.371,8.85
UPI00041,Ahmedabad,Android,Premium,21,1-2y,7,5.48,34,441.77,984.86,15214.89,0.548,0.492,12,22,5,0.1621,1,0.0349,0.048,0.387,10,15,1.96,20.45,0.19,7560.33,0.371,55.31
UPI00042,Bengaluru,Android,Premium,29,2y+,18,2.6,47,433.31,1197.86,17083.68,0.484,0.493,15,34,1,0.0292,0,0.0003,0.087,0.291,51,100,6.72,9.42,0.435,7526.47,0.304,19.05
UPI00043,Pune,Android,Full,23,1-2y,4,1.55,4,396.89,917.89,1544.35,0.479,0.495,0,2,0,0.0076,1,0.2,0.107,0.405,3,5,3.12,176.55,0.496,50,0.284,32.61
UPI00044,Hyderabad,Android,Minimum,27,2y+,18,6.65,114,671.13,1597.83,68625.08,0.907,0.101,72,43,5,0.045,2,0.0244,0.146,0.252,56,89,4.76,9.84,0.19,13671.43,0.443,27.19
UPI00045,Kolkata,Android,Full,32,2y+,26,3.56,69,2772.6,7353.61,161382.99,0.624,0.42,43,20,5,0.0858,1,0.0222,0.146,0.378,52,88,6.2,11.98,0.414,33711.88,0.377,30.08
UPI00046,Ahmedabad,Android,Premium,25,2y+,20,10.48,197,1322.89,3857.55,290216.86,0.585,0.379,106,87,20,0.1127,7,0.0445,0.381,0.431,55,142,2.05,4.8,0.673,206147.93,0.329,65.37
UPI00047,Ahmedabad,iOS,Full,12,6-12m,23,3.64,68,794.45,2284.01,46113.85,0.658,0.385,44,22,9,0.1376,0,0.0089,0.139,0.275,63,112,4.98,9.59,0.39,20103.53,0.365,37.2
UPI00048,Bengaluru,Android,Full,26,2y+,18,3.93,94,718.83,2356.75,71202.22,0.679,0.285,59,37,6,0.0764,0,0.0043,0.149,0.26,34,62,6.25,7.55,0.428,11699.44,0.423,27.99
UPI00049,Chennai,Android,Full,16,1-2y,19,4.18,51,827.33,1422.56,42438.89,0.9,0.085,48,1,4,0.0915,2,0.0467,0.066,0.282,46,72,9.41,13.71,0.305,13104.75,0.392,27.19
UPI00050,Pune,Android,Minimum,19,1-2y,28,10.16,241,273.77,836.86,62887.49,0.536,0.503,122,122,3,0.0161,1,0.0111,0.057,0.328,89,177,7.29,0.52,0.356,37704.96,0.256,17.92
UPI00051,Hyderabad,Android,Premium,15,1-2y,19,2.06,53,666.36,2654.07,34757.72,0.594,0.425,27,29,3,0.0709,2,0.0394,0.143,0.27,43,48,5.9,11.69,0.6,15206.86,0.385,25.68
UPI00052,Chennai,Android,Full,33,2y+,12,2.85,45,671.21,1711.85,33970.84,0.936,0.074,20,23,5,0.1165,4,0.0946,0.16,0.381,37,55,7.42,15.43,0.461,5375.5,0.397,56.35
UPI00053,Chennai,Android,Full,20,1-2y,24,8.28,225,140.81,342.11,31071.39,0.501,0.511,87,141,6,0.0325,2,0.0113,0.215,0.249,68,83,6.64,9.1,0.353,7500.34,0.255,39.87
UPI00054,Hyderabad,Android,Full,25,2y+,23,8.58,229,226.21,634.86,52700.03,0.504,0.476,114,117,6,0.0339,1,0.0132,0.204,0.325,96,162,4.13,3.07,0.47,19801.97,0.343,23.29
UPI00055,Kolkata,Android,Minimum,14,1-2y,18,4.73,106,201.06,524.23,23951.87,0.694,0.302,65,38,6,0.0709,0,0.0005,0.153,0.272,57,71,6.83,7.65,0.382,5613.7,0.422,19.61
UPI00056,Ahmedabad,iOS,Minimum,19,1-2y,26,3.63,94,225.96,299.07,23448.04,0.652,0.325,55,41,5,0.0663,2,0.0274,0.161,0.242,75,105,6.2,7.33,0.194,8194.43,0.335,34.16
UPI00057,Hyderabad,Android,Full,3,0-6m,20,8.01,164,293.49,785.79,48721.57,0.573,0.408,67,90,0,0.0053,3,0.0206,0.107,0.29,53,98,8.97,2.63,0.409,10489.5,0.303,37.16
UPI00058,Mumbai,Android,Full,27,2y+,21,9.34,193,2913.85,10283.86,571401.68,0.221,0.841,34,161,6,0.0472,9,0.0491,0.748,0.392,107,241,7.93,2.9,0.528,77465.5,0.235,56.75
UPI00059,Delhi,Android,Minimum,4,0-6m,8,1.58,23,214.38,358.82,4799.35,0.579,0.367,18,4,0,0.0024,0,0.0008,0.052,0.467,13,13,1.96,30.22,0.188,50,0.348,23.5
UPI00060,Delhi,iOS,Minimum,6,0-6m,13,4.77,73,806.9,2573.14,59627.66,0.875,0.099,60,13,0,0.0113,0,0.0028,0.164,0.408,30,46,3.38,15.31,0.593,9243.19,0.444,21.02
UPI00061,Hyderabad,Android,Full,9,6-12m,24,4.83,121,40,112.36,3985.65,0.658,0.344,64,55,3,0.031,0,0.0065,0.126,0.284,35,69,4.25,6.68,0.207,1829.85,0.37,32.73
UPI00062,Delhi,iOS,Minimum,20,1-2y,5,1.08,7,326.84,905.95,2299.81,0.547,0.406,6,0,0,0.0023,0,0.0023,0.135,0.189,6,6,4.18,101.09,0.424,335.35,0.367,10.15
UPI00063,Bengaluru,iOS,Full,17,1-2y,22,6.69,123,200.92,765.08,24821.44,0.516,0.531,43,83,3,0.0358,1,0.0178,0.19,0.38,84,185,6.34,8.73,0.517,15896.35,0.267,29.79
UPI00064,Hyderabad,Android,Minimum,15,1-2y,20,4.7,70,490.55,1144.96,38129.19,0.668,0.295,30,38,1,0.0218,0,0.0045,0.172,0.375,55,61,3.21,11.62,0.429,5001.73,0.312,19.11
UPI00065,Ahmedabad,Android,Full,10,6-12m,21,7.86,157,230.71,636.09,36123.2,0.641,0.35,71,85,4,0.0324,1,0.0163,0.182,0.326,50,63,6.52,4.37,0.29,22605.11,0.358,26.55
UPI00066,Delhi,Android,Full,22,1-2y,23,12.51,283,1058.54,3084.21,345182.03,0.593,0.37,143,140,20,0.0826,5,0.026,0.661,0.596,74,131,6.35,1.78,0.765,251504.49,0.32,69.91
UPI00067,Mumbai,Android,Full,1,0-6m,31,7.26,239,206.22,609.36,54805.51,0.56,0.425,117,123,6,0.0378,4,0.0203,0.098,0.305,91,165,5.9,0.2,0.694,33690.49,0.342,31.12
UPI00068,Delhi,Android,Full,3,0-6m,19,8.26,198,977.58,3253.35,186682.04,0.936,0.063,111,88,0,0.0136,3,0.0178,0.189,0.276,39,47,7.47,3.62,0.508,65391.55,0.471,20.51
UPI00069,Pune,Android,Full,14,1-2y,24,4.51,79,829.48,2261.91,70579.13,0.823,0.196,50,26,0,0.001,3,0.0448,0.12,0.378,54,77,2.91,10.16,0.134,51411.68,0.407,16.55
UPI00070,Hyderabad,Android,Minimum,6,0-6m,21,3.21,74,187.88,447.67,16090.66,0.902,0.111,37,40,3,0.0516,1,0.0152,0.181,0.241,65,91,6.24,8.11,0.328,6486.23,0.443,29.2
UPI00071,Mumbai,Android,Minimum,22,1-2y,17,2.59,31,2512.11,5190.49,75502.7,0.797,0.17,25,3,6,0.1983,0,0.0056,0.076,0.24,31,46,2.56,22.98,0.091,31406.17,0.427,41.16
UPI00072,Hyderabad,Android,Minimum,21,1-2y,27,6.97,219,200.13,551.2,42647.5,0.485,0.47,96,125,5,0.0306,1,0.0078,0.07,0.268,88,195,2.04,3.49,0.37,28046.2,0.346,28.65
UPI00073,Bengaluru,Android,Minimum,14,1-2y,20,5.88,113,207.38,683.42,25127.32,0.692,0.264,73,36,4,0.0434,1,0.0159,0.069,0.354,52,89,5.93,3.98,0.722,11610.1,0.307,25.87
UPI00074,Hyderabad,Android,Minimum,17,1-2y,8,0.11,1,223.81,602.91,263.93,0.645,0.384,1,0,3,0.35,1,0.2,0.035,0.256,11,17,4.89,250,0.359,2621.9,0.333,100
UPI00075,Ahmedabad,Android,Minimum,6,0-6m,4,1.31,4,413.46,1731.73,1377.79,0.486,0.556,0,2,2,0.35,0,0.0098,0.042,0.517,4,6,3.94,183.39,0.504,1617.29,0.263,75.42
UPI00076,Chennai,iOS,Full,20,1-2y,13,1.66,33,4261.49,16458.61,119800.48,0.789,0.211,25,13,1,0.0399,0,0.0083,0.17,0.216,21,27,3.23,21.32,0.674,73082.34,0.372,22.91
UPI00077,Ahmedabad,Android,Premium,17,1-2y,12,9.24,116,310.59,952.16,41294.14,0.321,0.726,28,85,4,0.0525,6,0.0562,0.672,0.318,57,148,11.48,9.84,0.599,16627.36,0.251,72.34
UPI00078,Mumbai,iOS,Full,25,2y+,21,4.15,84,1231.28,2578.43,91046.27,0.902,0.109,79,7,0,0.0068,1,0.0179,0.134,0.386,43,54,7.62,11.26,0.215,67173.87,0.445,27.06
UPI00079,Hyderabad,iOS,Full,17,1-2y,23,4.64,85,1637.72,4586.76,142415.51,0.427,0.582,30,53,17,0.2253,7,0.0894,0.735,0.576,79,236,3.39,8.28,0.57,66748.25,0.342,89.53
UPI00080,Pune,Android,Full,30,2y+,25,7.57,185,260.72,702.9,45446.74,0.488,0.494,67,113,4,0.0369,3,0.0222,0.128,0.364,88,192,4.05,3.93,0.295,17706.88,0.373,24.07
UPI00081,Pune,Android,Premium,31,2y+,22,6.51,150,186.77,451.36,28326.92,0.65,0.361,81,68,0,0.0088,2,0.0163,0.123,0.223,57,98,7.0,6.24,0.368,13693.83,0.304,15.13
UPI00082,Pune,Android,Full,19,1-2y,2,1.25,2,535.8,1653.88,882.81,0.326,0.595,0,2,0,0.0123,2,0.2,0.055,0.181,4,4,4.16,250,0.393,50,0.256,38.15
UPI00083,Bengaluru,Android,Premium,21,1-2y,6,0.71,8,386.74,1207.77,2654.05,0.466,0.595,2,3,0,0.0089,0,0.0017,0.119,0.194,2,3,4.66,88.1,0.289,413.55,0.29,20.23
UPI00084,Ahmedabad,iOS,Minimum,15,1-2y,2,0.86,1,392.8,762.63,338.37,0.397,0.603,0,0,3,0.35,0,0.0047,0.085,0.251,4,4,4.36,250,0.246,553.76,0.313,76.63
UPI00085,Hyderabad,Android,Full,24,1-2y,21,5.32,115,1872.49,6233.8,246458.52,0.436,0.621,31,79,16,0.1506,1,0.0175,0.471,0.496,92,156,10.0,5.97,0.688,67171.59,0.322,41.87
UPI00086,Chennai,Android,Premium,27,2y+,1,0.45,1,430.12,971.28,424.47,0.516,0.409,1,0,0,0.0085,1,0.2,0.11,0.264,6,10,4.17,250,0.356,3184.86,0.35,24.21
UPI00087,Hyderabad,Android,Full,38,2y+,12,4.1,52,849.99,1279.73,42326.26,0.944,0.059,29,21,2,0.0462,2,0.0469,0.044,0.243,32,39,5.76,15.06,0.061,19680.74,0.441,23.04
UPI00088,Mumbai,Android,Premium,26,2y+,15,4.68,52,1003.5,2890.17,53627.01,0.859,0.134,41,13,5,0.0974,0,0.0092,0.126,0.357,41,50,3.6,9.1,0.492,17042.55,0.459,24.95
UPI00089,Hyderabad,Android,Full,23,1-2y,19,8.09,135,877.85,3319.24,122737.55,0.369,0.659,34,102,22,0.1693,9,0.0707,0.343,0.395,96,174,10.09,6.77,0.579,44319.06,0.312,72.26
UPI00090,Hyderabad,iOS,Full,23,1-2y,22,6.44,160,258.89,797.73,39305.47,0.908,0.073,98,63,7,0.0503,3,0.0221,0.188,0.415,75,140,3.9,2.12,0.264,18401.2,0.532,22.56
UPI00091,Mumbai,Android,Minimum,14,1-2y,10,16.71,170,2067.62,7395.63,332931.83,0.481,0.613,54,113,25,0.1633,1,0.0095,0.398,0.47,15,37,11.6,5.57,0.729,198318.39,0.335,85.8
UPI00092,Ahmedabad,Android,Full,37,2y+,6,0.99,1,262.45,702.13,292.52,0.589,0.355,0,0,4,0.35,2,0.2,0.022,0.307,2,3,5.43,250,0.324,50,0.337,98.23
UPI00093,Mumbai,Android,Full,5,0-6m,14,5.63,66,660.69,1463.11,42087.11,0.52,0.511,24,42,5,0.09,4,0.0659,0.131,0.328,20,31,5.49,12.99,0.342,27610.64,0.274,48.26
UPI00094,Chennai,iOS,Minimum,31,2y+,11,5.13,70,688.24,1650.02,45388.9,0.838,0.158,37,33,0,0.0122,5,0.0748,0.148,0.335,28,38,3.06,14.33,0.264,16261.38,0.467,33.68
UPI00095,Mumbai,Android,Minimum,17,1-2y,23,6.69,161,147.31,360.05,26870.24,0.633,0.33,85,76,8,0.0577,0,0.0067,0.169,0.399,40,99,6.84,6.56,0.329,18997.36,0.43,16.85
UPI00096,Pune,Android,Full,9,6-12m,12,5.92,56,1550.43,4650.03,88842.35,0.485,0.396,17,36,3,0.0686,4,0.0769,0.329,0.452,39,91,12.84,15.67,0.615,34155.05,0.39,37.23
UPI00097,Hyderabad,Android,Full,27,2y+,14,6.57,84,160.48,429.41,13572.96,0.649,0.323,54,32,6,0.0845,0,0.0057,0.192,0.385,40,78,7.53,4.57,0.418,8936.53,0.307,25.75
UPI00098,Chennai,Android,Premium,36,2y+,17,7.27,133,546.88,1846.65,62255.17,0.901,0.07,117,14,2,0.023,2,0.0193,0.06,0.258,58,90,3.69,3.28,0.547,24741.46,0.363,20.76
UPI00099,Kolkata,Android,Full,14,1-2y,24,6.09,141,104.44,286.03,17306.32,0.687,0.349,74,70,2,0.0214,1,0.009,0.167,0.226,58,103,10.5,1.06,0.439,9318.37,0.411,29.51
UPI00100,Delhi,Android,Minimum,26,2y+,11,4.49,59,439.24,1342.17,21813.21,0.542,0.447,35,22,1,0.0306,3,0.0588,0.054,0.235,36,43,3.88,13.24,0.461,10289.42,0.38,21.21
UPI00101,Hyderabad,Android,Premium,21,1-2y,5,1.04,12,20,39.27,265.37,0.419,0.579,5,10,3,0.2559,0,0.0036,0.065,0.51,6,8,3.59,65.45,0.221,50,0.255,47.91
UPI00102,Chennai,Android,Minimum,18,1-2y,13,4.82,46,3170.92,8730.0,125411.18,0.721,0.261,22,24,0,0.0041,2,0.0468,0.057,0.227,24,35,3.94,20.32,0.215,94083.21,0.302,14.39
UPI00103,Ahmedabad,Android,Minimum,3,0-6m,15,3.77,67,959.67,2589.62,59799.37,0.933,0.092,42,23,1,0.0243,2,0.0359,0.041,0.252,35,55,4.41,11.21,0.386,39554.1,0.481,16.42
UPI00104,Pune,Android,Full,25,2y+,10,2.31,33,398.69,890.16,12126.71,0.609,0.459,17,14,1,0.0391,0,0.0015,0.041,0.22,21,22,0.5,21.48,0.431,6385.26,0.289,12.94
UPI00105,Delhi,Android,Minimum,26,2y+,5,1.0,7,70.75,221.86,460.32,0.52,0.404,0,2,2,0.2952,1,0.1504,0.053,0.243,5,7,1.71,101.36,0.448,232.82,0.286,74.83
UPI00106,Ahmedabad,Android,Premium,21,1-2y,23,5.9,150,340.42,851.55,50036.27,0.614,0.434,64,86,4,0.0369,4,0.0298,0.08,0.398,93,137,3.18,6.86,0.241,14870.55,0.383,29.32
UPI00107,Mumbai,Android,Premium,18,1-2y,15,3.18,64,815.56,2585.41,59669.38,0.542,0.493,32,35,1,0.0211,1,0.0234,0.088,0.232,37,56,4.9,12.28,0.529,21830.94,0.358,17.19
UPI00108,Chennai,Android,Full,10,6-12m,17,8.05,156,315.14,1005.79,46720.76,0.676,0.353,73,81,5,0.0409,2,0.0167,0.124,0.246,51,119,5.26,6.68,0.637,14915.24,0.384,22.38
UPI00109,Bengaluru,Android,Minimum,8,6-12m,13,0.91,10,105.93,223.05,1232.16,0.403,0.529,0,10,0,0.0084,0,0.0081,0.14,0.238,16,23,0.88,70.39,0.385,50,0.218,18.67
UPI00110,Chennai,Android,Full,16,1-2y,31,5.71,203,924.46,2093.4,210299.32,0.95,0.048,142,59,3,0.0249,2,0.0114,0.171,0.377,62,125,6.01,6.73,0.36,149157.82,0.492,28.51
UPI00111,Delhi,Android,Full,17,1-2y,2,9.79,18,913.29,2279.87,16531.89,0.249,0.679,0,18,16,0.35,3,0.1712,0.618,0.4,10,20,11.89,38.9,0.515,2141.41,0.287,100
UPI00112,Bengaluru,iOS,Full,14,1-2y,13,12.14,136,40,138.74,5553.17,0.48,0.614,54,86,19,0.1567,6,0.0519,0.708,0.631,38,61,3.41,8.8,0.499,5523.49,0.406,82.14
UPI00113,Pune,Android,Minimum,10,6-12m,18,4.88,86,144.24,340.84,11968.29,0.829,0.185,56,34,4,0.0496,3,0.0419,0.182,0.323,51,82,1.71,4.4,0.199,6411.16,0.472,31.05
UPI00114,Ahmedabad,Android,Full,10,6-12m,10,1.2,21,36.52,85.72,878.39,0.557,0.497,6,16,2,0.1041,1,0.0531,0.094,0.518,14,17,3.31,34.89,0.353,1877.9,0.313,30.33
UPI00115,Kolkata,Android,Premium,12,6-12m,16,2.24,30,465.93,1797.15,12276.16,0.929,0.049,17,7,4,0.1396,2,0.0764,0.178,0.237,46,70,8.41,23.95,0.548,9759.09,0.385,44.98
UPI00116,Chennai,iOS,Full,36,2y+,26,1.48,49,710.72,967.69,38826.71,0.818,0.192,40,9,0,0.0014,1,0.0224,0.17,0.365,38,42,3.89,16.42,0.201,5123.81,0.442,13.55
UPI00117,Kolkata,Android,Full,16,1-2y,17,4.92,74,3954.56,6834.24,275768.42,0.664,0.38,41,26,5,0.0729,0,0.0097,0.121,0.334,29,45,4.71,7.01,0.123,27636.98,0.382,26.15
UPI00118,Hyderabad,iOS,Full,35,2y+,23,4.26,85,825.11,2243.37,59558.7,0.891,0.13,37,45,4,0.056,3,0.0431,0.117,0.253,61,84,3.08,5.63,0.366,38872.65,0.492,20.25
UPI00119,Delhi,iOS,Full,13,1-2y,31,3.17,112,1597.28,3685.67,165487.11,0.855,0.144,89,24,7,0.0766,1,0.0109,0.105,0.242,91,125,6.21,8.51,0.12,61759.71,0.352,27.69
UPI00120,Pune,Android,Premium,23,1-2y,18,5.83,110,201.32,438.27,22833.87,0.585,0.377,54,59,4,0.0456,0,0.0098,0.137,0.342,47,107,4.85,7.48,0.238,11155.49,0.357,37.18
UPI00121,Chennai,Android,Full,17,1-2y,18,5.04,95,582.66,1541.56,56586.56,0.813,0.216,81,11,5,0.055,4,0.0495,0.113,0.297,48,63,2.83,5.36,0.332,28796.86,0.484,34.19
UPI00122,Kolkata,Android,Full,2,0-6m,31,4.68,179,401.48,806.7,73173.95,0.55,0.47,93,90,2,0.0258,1,0.014,0.171,0.305,55,96,4.98,2.66,0.05,37029.28,0.324,16.9
UPI00123,Kolkata,Android,Premium,13,1-2y,3,0.43,1,196.52,537.58,172.94,0.452,0.549,0,1,0,0.0117,0,0.0086,0.085,0.342,7,7,4.62,250,0.285,2943.43,0.369,1.3
UPI00124,Hyderabad,Android,Premium,28,2y+,24,4.45,110,494.05,1409.37,48482.11,0.541,0.46,31,83,2,0.0278,1,0.0154,0.045,0.376,62,123,3.79,8.78,0.37,13950.42,0.362,21.05
UPI00125,Delhi,iOS,Minimum,19,1-2y,17,5.5,84,621.75,1222.16,59238.38,0.481,0.505,37,45,5,0.0651,3,0.0358,0.047,0.406,32,47,2.7,8.49,0.361,31197.17,0.361,21.5
UPI00126,Bengaluru,Android,Minimum,29,2y+,20,10.21,205,228.45,492.6,47247.09,0.547,0.411,93,110,5,0.0364,1,0.0125,0.17,0.385,69,154,3.59,3.1,0.281,7192.55,0.34,26.87
UPI00127,Delhi,Android,Full,10,6-12m,14,5.5,66,362.35,819.74,25542.51,0.635,0.407,36,34,6,0.0999,2,0.0317,0.185,0.325,50,103,7.66,8.62,0.05,10343.5,0.373,44.61
UPI00128,Chennai,iOS,Full,15,1-2y,28,6.37,180,243.88,675.87,51419.06,0.674,0.359,78,105,5,0.0306,0,0.0043,0.129,0.387,61,147,6.14,4.97,0.322,22896.98,0.361,29.44
UPI00129,Ahmedabad,Android,Full,25,2y+,20,7.99,134,213.76,545.3,29290.61,0.708,0.277,53,80,8,0.071,2,0.0212,0.173,0.225,37,82,8.22,5.94,0.287,3183.73,0.432,38.77
UPI00130,Mumbai,Android,Full,9,6-12m,20,4.43,125,1053.71,3306.55,113297.77,0.479,0.548,44,83,0,0.0095,0,0.0044,0.16,0.294,51,97,5.1,7.67,0.27,29299.36,0.285,13.68
UPI00131,Kolkata,iOS,Premium,16,1-2y,28,7.91,271,2596.49,9230.41,800263.43,0.55,0.354,120,149,29,0.1155,15,0.0614,0.315,0.452,128,283,6.74,0.2,0.638,173781.25,0.282,53.21
UPI00132,Ahmedabad,iOS,Premium,15,1-2y,17,5.22,97,2854.06,5670.26,288768.76,0.588,0.434,48,46,4,0.0446,2,0.0208,0.082,0.236,20,35,5.57,4.81,0.114,208009.78,0.396,17.35
UPI00133,Bengaluru,Android,Minimum,23,1-2y,24,7.68,196,161.24,596.74,30312.53,0.581,0.446,109,81,9,0.0469,0,0.0057,0.184,0.391,87,182,6.04,2.14,0.569,4201.82,0.404,31.74
UPI00134,Bengaluru,Android,Full,3,0-6m,11,1.42,28,265.0,749.2,6986.95,0.625,0.365,10,23,0,0.0109,0,0.0025,0.027,0.443,17,28,3.67,25.19,0.467,1984.59,0.312,19.52
UPI00135,Mumbai,Android,Minimum,11,6-12m,22,3.81,105,2799.65,9402.21,342012.48,0.353,0.621,29,70,30,0.2923,7,0.0692,0.36,0.591,75,186,6.6,3.69,0.625,199427.75,0.324,77.92
UPI00136,Delhi,Android,Full,28,2y+,3,0.57,4,650.52,1278.37,2999.42,0.534,0.471,0,4,2,0.35,0,0.0023,0.109,0.28,8,8,3.78,176.04,0.054,71.52,0.255,74.3
UPI00137,Pune,Android,Full,10,6-12m,15,4.83,75,229.71,443.88,16450.33,0.706,0.333,50,21,5,0.0764,2,0.0333,0.115,0.357,33,49,3.84,2.06,0.25,5487.94,0.353,37.11
UPI00138,Hyderabad,Android,Full,10,6-12m,23,7.72,190,296.13,760.09,64479.44,0.595,0.376,88,105,0,0.0114,2,0.0185,0.065,0.373,87,142,5.84,2.53,0.217,37522.43,0.333,14.16
UPI00139,Pune,iOS,Full,16,1-2y,12,4.63,57,868.09,2867.74,44274.61,0.94,0.032,35,22,5,0.1028,0,0.0067,0.186,0.32,37,52,4.68,12.63,0.397,24755.52,0.417,30.01
UPI00140,Pune,Android,Minimum,23,1-2y,10,6.96,67,3394.19,13195.57,222196.43,0.397,0.629,25,36,15,0.2382,3,0.0468,0.721,0.65,38,68,10.14,10.11,0.672,96917.85,0.313,86.89
UPI00141,Chennai,Android,Premium,23,1-2y,19,3.4,65,60,199.17,3723.27,0.878,0.129,65,2,2,0.0439,3,0.0511,0.067,0.349,33,54,7.15,13.85,0.471,3731.46,0.393,22.56
UPI00142,Mumbai,iOS,Full,20,1-2y,16,7.47,99,205.11,518.13,20190.09,0.593,0.38,53,44,10,0.1141,0,0.0005,0.12,0.242,44,101,2.72,8.26,0.309,13846.77,0.35,52.16
UPI00143,Chennai,iOS,Full,2,0-6m,14,3.03,42,1033.13,2161.53,46756.31,0.697,0.318,32,11,5,0.1205,4,0.1017,0.059,0.348,28,30,6.4,16.14,0.21,10678.42,0.418,53.45
UPI00144,Mumbai,iOS,Minimum,17,1-2y,28,8.0,199,138.93,317.45,22683.13,0.48,0.548,83,112,5,0.0285,1,0.0114,0.073,0.302,90,183,5.81,0.67,0.214,9482.26,0.247,26.42
UPI00145,Delhi,Android,Full,22,1-2y,28,3.93,78,264.36,427.93,18683.21,0.894,0.124,52,28,0,0.0082,0,0.0031,0.183,0.404,54,66,5.99,9.4,0.05,2259.53,0.387,10.12
UPI00146,Kolkata,iOS,Minimum,1,0-6m,20,4.77,102,138.26,356.11,11945.46,0.713,0.319,68,29,3,0.0417,1,0.0143,0.05,0.366,78,179,5.05,5.66,0.303,3296.36,0.316,27.81
UPI00147,Pune,Android,Full,24,1-2y,25,3.25,74,760.38,2127.36,57029.31,0.93,0.049,59,15,6,0.0961,1,0.0205,0.074,0.395,62,99,2.79,11.31,0.323,24747.77,0.514,19.69
UPI00148,Ahmedabad,Android,Full,25,2y+,6,1.54,4,752.91,1896.85,2752.63,0.558,0.501,2,1,4,0.35,1,0.2,0.059,0.409,6,9,3.13,179.89,0.369,568.2,0.323,92.89
UPI00149,Kolkata,Android,Full,18,1-2y,19,4.85,88,621.66,1646.37,61207.01,0.464,0.554,35,49,3,0.0351,0,0.0044,0.142,0.301,37,66,2.09,5.96,0.512,17318.14,0.293,23.03
UPI00150,Pune,Android,Full,28,2y+,15,4.65,56,390.2,1024.35,20546.29,0.706,0.265,30,27,4,0.0859,2,0.0408,0.114,0.335,51,89,4.7,15.09,0.442,4219.2,0.439,32.34
UPI00151,Hyderabad,iOS,Minimum,20,1-2y,2,8.95,17,1333.08,3731.56,22371.43,0.409,0.61,4,15,32,0.35,5,0.2,0.76,0.637,12,25,9.51,44.25,0.567,2177.42,0.302,100
UPI00152,Hyderabad,Android,Minimum,8,6-12m,13,9.55,107,317.49,744.98,37237.21,0.718,0.283,65,43,9,0.0951,4,0.0446,0.143,0.364,36,72,5.92,5.67,0.319,23515.75,0.42,45.16
UPI00153,Bengaluru,Android,Minimum,14,1-2y,8,12.69,98,293.71,995.08,25781.77,0.451,0.595,30,73,11,0.125,0,0.0029,0.748,0.365,39,99,8.21,9.04,0.792,17263.2,0.297,75.41
UPI00154,Pune,Android,Full,11,6-12m,24,1.47,36,965.72,2498.98,35399.08,0.792,0.2,11,24,3,0.0955,3,0.0854,0.106,0.37,45,58,6.25,18.44,0.307,26721.75,0.43,44.04
UPI00155,Pune,Android,Full,14,1-2y,16,7.96,127,184.84,447.07,27487.38,0.553,0.456,62,65,7,0.0607,0,0.01,0.191,0.323,32,46,6.3,4.21,0.251,5307.49,0.318,30.56
UPI00156,Hyderabad,Android,Full,5,0-6m,23,1.86,39,111.13,352.52,3833.61,0.305,0.698,12,34,19,0.35,1,0.0265,0.613,0.493,56,88,6.96,17.79,0.785,1146.47,0.329,94.99
UPI00157,Hyderabad,Android,Full,8,6-12m,14,16.09,232,2140.67,8353.01,479949.73,0.48,0.621,105,131,28,0.1276,6,0.0357,0.553,0.646,53,154,6.32,3.79,0.812,182979.25,0.372,94.78
UPI00158,Ahmedabad,Android,Full,13,1-2y,25,6.24,148,1190.5,4033.75,191095.13,0.358,0.533,34,115,24,0.1732,0,0.0028,0.597,0.545,77,149,3.93,1.25,0.443,78250.34,0.261,68.23
UPI00159,Pune,Android,Premium,9,6-12m,24,3.13,51,845.07,2283.85,49749.71,0.87,0.156,33,17,7,0.1421,3,0.0676,0.049,0.234,69,120,7.29,13.55,0.252,6855.46,0.492,29.29
UPI00160,Kolkata,Android,Full,16,1-2y,9,1.08,10,351.42,773.56,3258.39,0.6,0.385,0,10,1,0.1094,0,0.0047,0.101,0.192,20,26,2.23,67.97,0.301,50,0.314,23.17
UPI00161,Bengaluru,iOS,Premium,37,2y+,22,9.15,183,238.61,555.98,48369.4,0.619,0.357,90,88,1,0.0117,0,0.004,0.195,0.387,66,98,8.41,6.53,0.412,27765.07,0.333,16.26
UPI00162,Delhi,Android,Full,38,2y+,15,4.0,68,1070.39,4038.45,78388.53,0.882,0.088,52,12,0,0.0061,0,0.0015,0.047,0.242,45,88,5.0,8.18,0.502,30738.67,0.353,6.37
UPI00163,Mumbai,iOS,Full,3,0-6m,13,10.02,133,511.26,1764.84,62903.44,0.397,0.568,44,83,23,0.1856,10,0.0798,0.745,0.591,53,102,11.02,3.51,0.692,25455.34,0.286,88.89
UPI00164,Ahmedabad,Android,Full,14,1-2y,14,4.23,54,463.75,664.63,25829.38,0.525,0.496,18,39,0,0.0085,1,0.0209,0.145,0.277,35,58,4.24,20.0,0.144,15961.72,0.283,19.26
UPI00165,Hyderabad,iOS,Minimum,14,1-2y,21,6.74,140,337.67,471.89,54007.03,0.641,0.321,64,80,0,0.0116,2,0.0222,0.068,0.303,77,180,5.29,6.3,0.336,9277.8,0.41,15.17
UPI00166,Mumbai,iOS,Minimum,16,1-2y,10,0.6,19,336.11,915.67,5502.33,0.427,0.648,13,8,2,0.1196,0,0.0086,0.116,0.36,7,12,5.4,39.83,0.193,2125.48,0.354,54.97
UPI00167,Hyderabad,Android,Premium,10,6-12m,20,5.43,112,673.25,1082.78,73012.3,0.594,0.421,49,57,3,0.0344,0,0.004,0.13,0.271,52,95,4.26,2.11,0.161,50763.81,0.301,25.56
UPI00168,Delhi,Android,Full,15,1-2y,14,12.22,160,1215.74,4463.54,177199.73,0.447,0.455,74,87,9,0.0635,0,0.0018,0.465,0.346,55,78,10.38,4.85,0.486,71655.82,0.246,51.6
UPI00169,Bengaluru,Android,Full,8,6-12m,6,2.01,12,351.81,825.8,4248.4,0.49,0.519,4,8,1,0.0845,1,0.0896,0.121,0.383,4,6,4.27,59.92,0.228,193.44,0.282,41.45
UPI00170,Pune,iOS,Minimum,14,1-2y,23,5.28,106,198.48,658.03,23111.19,0.587,0.368,59,46,6,0.0586,0,0.0028,0.186,0.342,52,92,3.27,8.96,0.367,13113.32,0.305,34.05
UPI00171,Ahmedabad,Android,Full,19,1-2y,24,3.83,123,313.53,553.48,36211.69,0.886,0.117,88,34,5,0.0501,1,0.0149,0.147,0.281,86,171,2.15,4.7,0.052,22894.91,0.426,27.22
UPI00172,Hyderabad,Android,Full,13,1-2y,18,2.54,39,1837.07,4387.06,72339.94,0.622,0.348,22,8,5,0.1434,0,0.0058,0.131,0.379,47,52,3.07,18.66,0.05,9058.91,0.347,45.85
UPI00173,Ahmedabad,iOS,Minimum,25,2y+,21,8.18,206,613.04,1175.72,115401.84,0.896,0.134,137,66,8,0.0504,2,0.0101,0.082,0.403,40,68,6.48,4.88,0.15,82276.99,0.536,19.57
UPI00174,Mumbai,Android,Full,22,1-2y,19,4.28,72,268.95,678.54,18991.41,0.692,0.356,45,23,5,0.0817,1,0.0215,0.214,0.234,53,87,5.21,12.77,0.201,9186.37,0.31,26.23
UPI00175,Delhi,Android,Minimum,22,1-2y,6,1.13,10,326.33,920.12,2810.28,0.481,0.579,4,10,2,0.213,0,0.003,0.089,0.48,13,16,4.26,76.35,0.36,1880.01,0.337,53.06
UPI00176,Mumbai,Android,Full,26,2y+,20,3.6,78,3310.55,6810.33,225629.49,0.668,0.348,43,33,1,0.0158,0,0.0023,0.115,0.233,52,59,5.46,11.14,0.158,46005.03,0.39,13.96
UPI00177,Bengaluru,Android,Full,14,1-2y,26,9.53,233,117.95,184.17,23720.01,0.719,0.297,110,124,2,0.0177,0,0.0017,0.105,0.399,89,205,6.82,2.1,0.082,7008.04,0.454,23.33
UPI00178,Hyderabad,Android,Minimum,26,2y+,15,2.88,10,874.56,1704.07,10060.38,0.786,0.208,0,10,6,0.35,0,0.0016,0.052,0.371,38,65,3.94,65.79,0.073,5821.62,0.38,80.86
UPI00179,Bengaluru,Android,Full,27,2y+,18,3.13,45,1078.11,3373.02,45540.68,0.937,0.062,27,16,1,0.0292,2,0.0474,0.165,0.431,39,72,6.87,14.53,0.312,35750.49,0.42,16.07
UPI00180,Kolkata,iOS,Full,13,1-2y,26,6.68,196,143.05,344.83,27340.37,0.598,0.415,78,120,11,0.0642,0,0.0005,0.186,0.314,85,172,4.07,2.31,0.457,18480.67,0.309,38.69
UPI00181,Ahmedabad,Android,Minimum,14,1-2y,22,6.13,133,228.15,780.96,30459.48,0.663,0.377,55,78,3,0.0325,1,0.0078,0.113,0.376,50,89,6.85,6.77,0.495,22442.35,0.323,20.54
UPI00182,Chennai,Android,Premium,6,0-6m,19,3.94,43,600,1924.79,30279.1,0.698,0.349,18,22,3,0.0809,0,0.0022,0.097,0.321,44,70,4.61,14.94,0.484,3565.31,0.357,29.21
UPI00183,Kolkata,Android,Full,25,2y+,18,4.39,72,859.54,2604.56,71102.48,0.941,0.035,70,4,2,0.0424,1,0.0192,0.165,0.402,37,53,4.9,14.54,0.545,32094.58,0.544,18.03
UPI00184,Hyderabad,iOS,Full,13,1-2y,17,2.89,32,3383.18,9179.91,124456.69,0.812,0.228,18,16,1,0.0335,0,0.0054,0.162,0.306,31,38,3.52,21.7,0.155,81238.88,0.432,18.86
UPI00185,Ahmedabad,Android,Full,28,2y+,14,3.2,27,627.15,1875.57,19051.53,0.644,0.36,21,2,3,0.1213,0,0.0004,0.12,0.208,19,25,1,29.18,0.468,10698.88,0.357,35.61
UPI00186,Bengaluru,Android,Full,9,6-12m,12,4.18,61,445.62,828.79,31580.58,0.66,0.385,42,18,7,0.1186,2,0.0366,0.177,0.275,34,40,2.6,8.87,0.215,21045.96,0.369,46.8
UPI00187,Chennai,Android,Full,16,1-2y,5,9.42,48,1254.47,3704.65,57738.53,0.22,0.841,7,43,30,0.35,2,0.0491,0.669,0.303,16,42,5.62,10.88,0.383,27860.46,0.172,100
UPI00188,Chennai,Android,Full,7,6-12m,17,1.48,16,520.79,1342.57,8604.36,0.599,0.365,5,7,6,0.35,1,0.0647,0.159,0.399,40,46,4.78,47.6,0.478,7309.5,0.389,75.81
UPI00189,Hyderabad,Android,Minimum,11,6-12m,20,8.15,162,570.25,1562.46,85386.11,0.941,0.036,148,15,4,0.0289,2,0.0127,0.112,0.349,44,73,3.12,2.18,0.308,23289.46,0.392,11.53
UPI00190,Ahmedabad,Android,Minimum,3,0-6m,6,1.82,10,61.8,180.3,661.41,0.639,0.433,5,0,3,0.3147,1,0.101,0.04,0.517,4,6,3.83,69.82,0.322,382.2,0.44,82.08
UPI00191,Kolkata,iOS,Minimum,24,1-2y,22,2.95,69,441.31,1220.16,29566.08,0.932,0.048,54,14,3,0.051,3,0.0479,0.149,0.389,67,86,6.24,11.95,0.329,11583.98,0.539,20.94
UPI00192,Bengaluru,Android,Full,19,1-2y,9,0.51,1,20,49.58,100,0.527,0.398,0,0,3,0.35,0,0.0057,0.058,0.35,13,15,2.35,250,0.259,1350.15,0.279,72.7
UPI00193,Hyderabad,Android,Minimum,47,2y+,21,4.5,101,191.72,497.34,20021.86,0.712,0.25,64,42,5,0.0539,3,0.0395,0.179,0.289,49,92,3.14,3.5,0.287,5361.68,0.362,33.72
UPI00194,Ahmedabad,Android,Minimum,1,0-6m,3,0.77,3,590.46,2475.23,1461.46,0.385,0.542,0,3,1,0.3388,0,0.0006,0.125,0.187,3,5,0.97,241.59,0.49,2655.34,0.182,74.5
UPI00195,Kolkata,Android,Minimum,13,1-2y,23,3.06,81,1316.37,3659.34,118238.5,0.754,0.276,34,45,4,0.0604,0,0.0064,0.121,0.36,32,36,5.03,12.7,0.205,20813.98,0.416,25.49
UPI00196,Bengaluru,Android,Full,4,0-6m,24,4.69,109,577.27,828.26,62192.92,0.854,0.131,93,14,2,0.0339,6,0.0574,0.171,0.353,47,57,4.16,11.53,0.266,38345.8,0.379,34.27
UPI00197,Delhi,Android,Full,11,6-12m,26,7.02,201,333.19,879.26,71039.81,0.524,0.49,76,121,2,0.0182,1,0.0052,0.196,0.278,94,233,5.39,0.76,0.262,24450.7,0.369,21.5
UPI00198,Delhi,Android,Full,12,6-12m,4,1.86,5,368.46,910.12,1705.72,0.333,0.689,0,1,0,0.0047,2,0.2,0.02,0.324,5,8,5.54,145.11,0.295,50,0.25,44.61
UPI00199,Bengaluru,Android,Minimum,1,0-6m,7,0.21,9,647.68,1207.93,6490.75,0.394,0.543,7,2,2,0.2262,1,0.119,0.051,0.286,16,27,4.07,81.16,0.183,1890.5,0.309,70.56
UPI00200,Kolkata,Android,Full,1,0-6m,23,6.24,146,201.89,546.95,26266.17,0.566,0.481,62,86,3,0.0228,1,0.0116,0.205,0.345,62,77,6.12,3.12,0.399,10934.14,0.302,37.78
UPI00201,Hyderabad,Android,Full,13,1-2y,15,5.29,84,864.36,2233.13,74107.38,0.872,0.11,73,16,9,0.1106,1,0.0188,0.111,0.39,47,88,5.35,4.72,0.335,26495.6,0.501,27.79
UPI00202,Delhi,iOS,Minimum,20,1-2y,27,6.01,172,602.84,1141.03,113537.61,0.857,0.15,84,89,1,0.0169,2,0.0127,0.074,0.314,48,100,4.05,3.97,0.16,57629.75,0.406,15.87
UPI00203,Mumbai,Android,Full,34,2y+,6,1.38,8,260.69,613.89,1826.13,0.524,0.523,3,8,1,0.1313,1,0.1303,0.148,0.433,9,15,3.18,83.87,0.42,539.45,0.268,47.99
UPI00204,Delhi,iOS,Minimum,1,0-6m,25,6.67,163,699.9,1199.37,111761.6,0.719,0.283,117,46,4,0.0255,3,0.025,0.049,0.308,67,81,2.82,1.69,0.065,68443.94,0.413,36.66
UPI00205,Chennai,iOS,Premium,21,1-2y,24,4.97,104,748.96,2120.2,72417.15,0.554,0.402,42,56,4,0.0455,0,0.0076,0.157,0.378,61,86,4.11,10.59,0.551,11599.85,0.364,31.84
UPI00206,Delhi,iOS,Premium,28,2y+,13,4.32,68,532.92,1703.38,38070.4,0.46,0.574,30,38,2,0.0305,0,0.0076,0.158,0.248,22,36,3.87,13.65,0.512,11198.78,0.277,24.21
UPI00207,Kolkata,Android,Minimum,15,1-2y,14,4.99,63,3477.72,14538.28,229062.37,0.297,0.709,8,56,24,0.35,2,0.0403,0.525,0.437,74,195,10.83,13.19,0.628,154686.28,0.279,98.41
UPI00208,Delhi,Android,Premium,26,2y+,12,6.35,69,263.86,566.91,20691.6,0.932,0.088,65,0,5,0.0766,0,0.0009,0.055,0.426,40,81,6.8,7.28,0.281,14899.95,0.452,18.38
UPI00209,Bengaluru,Android,Full,13,1-2y,18,2.31,37,878.13,1826.45,36141.97,0.565,0.487,13,18,2,0.0654,0,0.006,0.073,0.358,47,57,3.79,19.68,0.215,6655.21,0.349,22.56
UPI00210,Ahmedabad,Android,Full,16,1-2y,20,6.8,118,1233.03,3506.92,120252.41,0.891,0.093,100,16,0,0.0071,1,0.0088,0.066,0.37,63,121,3.22,7.74,0.442,93127.87,0.46,15.87
UPI00211,Delhi,Android,Full,17,1-2y,18,10.32,180,128.13,315.03,19140.96,0.644,0.324,113,68,5,0.0377,1,0.0124,0.163,0.364,40,96,6.06,6.73,0.328,5516.41,0.432,47.72
UPI00212,Mumbai,Android,Full,13,1-2y,16,3.3,46,2913.92,5088.84,110201.77,0.796,0.223,30,18,7,0.1614,0,0.0065,0.117,0.204,29,37,5.41,17.76,0.084,60862.42,0.318,34.63
UPI00213,Kolkata,iOS,Full,19,1-2y,22,3.84,125,338.18,995.4,35977.55,0.709,0.246,99,25,0,0.0041,0,0.0068,0.174,0.272,86,136,7.66,0.91,0.321,18150.75,0.324,16.32
UPI00214,Pune,Android,Premium,16,1-2y,22,3.9,76,335.67,911.81,27253.38,0.916,0.085,70,5,3,0.0539,0,0.005,0.159,0.239,53,93,6.1,8.15,0.461,13383.21,0.468,26.71
UPI00215,Mumbai,Android,Premium,14,1-2y,20,5.04,98,92.28,257.1,10177.54,0.618,0.392,39,55,1,0.0249,3,0.0355,0.067,0.25,71,173,7.27,3.15,0.481,3497.53,0.318,32.06
UPI00216,Ahmedabad,Android,Full,7,6-12m,28,9.88,294,129.03,239.95,34598.5,0.549,0.501,150,141,4,0.0242,1,0.0096,0.148,0.317,59,133,4.5,7.34,0.174,21343.28,0.321,37.34
UPI00217,Ahmedabad,iOS,Minimum,22,1-2y,12,11.37,148,1093.35,3365.15,133044.28,0.396,0.653,55,96,20,0.1525,1,0.0164,0.451,0.458,44,126,8.43,0.79,0.746,41910.13,0.315,70.39
UPI00218,Ahmedabad,Android,Minimum,15,1-2y,22,4.43,98,917.82,2481.37,93752.72,0.879,0.124,85,10,6,0.0704,4,0.0502,0.195,0.394,60,116,4.08,7.34,0.563,24815.7,0.461,42.94
UPI00219,Pune,Android,Minimum,8,6-12m,18,4.0,85,686.73,2438.38,50054.09,0.577,0.413,32,54,5,0.0684,2,0.0236,0.141,0.215,44,75,5.78,11.13,0.381,4728.03,0.288,32.46
UPI00220,Kolkata,Android,Minimum,7,6-12m,15,2.99,43,3445.67,7620.5,131612.2,0.668,0.313,25,21,0,0.0017,0,0.0084,0.033,0.357,31,46,3.07,20.83,0.502,89552.98,0.415,6.04
UPI00221,Chennai,iOS,Full,27,2y+,1,1.22,1,416.38,1250.18,432.56,0.487,0.589,0,1,1,0.35,2,0.2,0.136,0.182,2,3,2.62,250,0.286,1121.77,0.286,98.3
UPI00222,Mumbai,Android,Full,21,1-2y,12,2.55,38,4235.11,5766.17,189325.27,0.768,0.175,23,16,0,0.007,1,0.0302,0.166,0.269,30,33,5.72,20.21,0.108,61640.79,0.445,19.45
UPI00223,Delhi,Android,Full,16,1-2y,15,5.66,62,470.5,1030.64,27297.47,0.828,0.177,42,18,7,0.1234,1,0.0193,0.149,0.386,34,66,10.72,10.36,0.204,12347.14,0.488,34.47
UPI00224,Ahmedabad,Android,Full,39,2y+,28,8.62,298,203.95,677.58,59246.62,0.51,0.467,110,182,9,0.036,0,0.0015,0.061,0.349,78,141,5.48,0.2,0.403,17947.6,0.334,25.28
UPI00225,Pune,Android,Minimum,19,1-2y,23,4.99,108,286.21,733.92,36018.56,0.886,0.127,67,39,6,0.0582,1,0.0109,0.186,0.286,55,78,6.55,3.6,0.363,9859.69,0.456,30.33
UPI00226,Kolkata,Android,Premium,24,1-2y,14,6.63,114,3427.38,11523.05,375788.35,0.383,0.52,35,79,13,0.136,5,0.0465,0.667,0.542,45,65,5.77,4.14,0.453,275761.24,0.299,60.49
UPI00227,Pune,Android,Premium,30,2y+,20,5.08,106,89.54,233.03,9022.88,0.522,0.502,28,79,3,0.0292,2,0.0194,0.094,0.285,63,82,4.91,6.46,0.344,4870.18,0.259,24.44
UPI00228,Pune,Android,Full,16,1-2y,19,6.38,132,870.09,1348.1,125873.87,0.531,0.434,55,80,4,0.0362,0,0.0034,0.172,0.272,35,65,4.14,5.46,0.424,63218.93,0.311,32.08
UPI00229,Delhi,Android,Minimum,9,6-12m,22,8.05,148,227.49,444.4,28618.09,0.658,0.351,74,72,6,0.042,0,0.0029,0.074,0.391,79,120,7.69,2.98,0.243,13036.35,0.321,27.43
UPI00230,Ahmedabad,Android,Minimum,29,2y+,23,6.69,183,163.63,395.33,33033.78,0.553,0.424,59,122,3,0.0192,1,0.0117,0.099,0.35,69,98,8.16,10.59,0.252,12979.39,0.33,30.2
UPI00231,Delhi,Android,Minimum,13,1-2y,18,3.73,40,3277.53,9562.43,141151.97,0.551,0.435,16,21,0,0.0147,0,0.0006,0.036,0.368,24,35,3.88,22.69,0.226,39770.66,0.361,11.76
UPI00232,Delhi,Android,Minimum,24,1-2y,22,3.91,71,78.73,180.83,4634.15,0.513,0.53,31,40,1,0.0198,0,0.0019,0.063,0.234,52,65,6.06,10.12,0.377,1555.44,0.247,28.89
UPI00233,Delhi,Android,Full,11,6-12m,6,1.16,5,278.73,593.89,1334.62,0.47,0.598,0,5,2,0.35,2,0.2,0.044,0.51,14,14,4.0,144.35,0.2,1324.17,0.284,100
UPI00234,Chennai,Android,Full,11,6-12m,24,4.39,113,1020.6,2591.78,128332.9,0.933,0.048,102,3,3,0.0314,2,0.0253,0.057,0.215,78,101,5.71,7.25,0.213,66458.99,0.469,19.61
UPI00235,Hyderabad,iOS,Full,7,6-12m,11,2.2,30,567.31,1563.55,16401.91,0.595,0.448,16,20,1,0.037,1,0.0342,0.089,0.346,19,30,5.44,27.34,0.299,6923.85,0.418,17.7
UPI00236,Mumbai,Android,Full,13,1-2y,15,3.97,42,323.28,970.17,15588.3,0.56,0.43,29,9,3,0.0771,1,0.0265,0.105,0.395,20,29,4.1,17.12,0.467,4465.06,0.406,43.02
UPI00237,Bengaluru,Android,Full,10,6-12m,9,5.86,56,490.23,1225.85,27004.77,0.471,0.563,24,25,4,0.0773,0,0.0057,0.102,0.205,21,34,5.07,17.9,0.352,8481.92,0.273,42.08
UPI00238,Delhi,Android,Full,4,0-6m,30,1.05,48,984.19,2713.86,53266.27,0.557,0.408,21,27,6,0.1351,0,0.0002,0.121,0.32,61,120,4.23,11.05,0.393,21776.27,0.362,41.16
UPI00239,Hyderabad,Android,Full,15,1-2y,19,3.89,73,767.97,1739.45,51343.27,0.695,0.262,40,34,4,0.0697,0,0.0004,0.123,0.257,48,72,4.9,13.61,0.137,6567.72,0.377,18.18
UPI00240,Bengaluru,Android,Full,2,0-6m,13,3.54,67,3716.11,15126.37,232676.27,0.559,0.478,42,25,0,0.0104,1,0.0191,0.056,0.349,27,48,3.47,11.26,0.503,72956.71,0.283,37.09
UPI00241,Hyderabad,iOS,Premium,5,0-6m,5,1.64,4,147.8,465.16,509.92,0.409,0.601,0,4,1,0.264,0,0.0067,0.092,0.302,10,10,4.49,182.31,0.332,50,0.241,61.62
UPI00242,Pune,Android,Full,24,1-2y,17,3.31,45,1076.53,3013.7,56561.14,0.539,0.507,22,21,4,0.0913,2,0.0464,0.065,0.226,41,50,4.06,13.38,0.343,16391.93,0.252,31.71
UPI00243,Mumbai,Android,Minimum,33,2y+,5,0.4,1,487.92,1296.8,401.1,0.461,0.582,0,1,2,0.35,0,0.0066,0.065,0.28,3,3,3.5,250,0.201,50,0.277,72.13
UPI00244,Bengaluru,iOS,Minimum,1,0-6m,12,3.65,50,4388.9,8787.22,221922.45,0.681,0.358,23,26,3,0.0614,0,0.0084,0.089,0.359,15,20,4.5,15.27,0.48,43450.61,0.389,39.95
UPI00245,Hyderabad,Android,Minimum,16,1-2y,21,7.39,155,130.55,284.13,23744.41,0.654,0.365,88,66,3,0.0284,0,0.0065,0.073,0.228,80,121,5.63,8.04,0.277,2792.77,0.27,28.05
UPI00246,Delhi,Android,Full,18,1-2y,19,4.6,82,1380.11,2844.98,106748.5,0.948,0.08,62,19,3,0.0387,2,0.0321,0.181,0.321,36,73,3.95,6.42,0.234,55965.64,0.414,25.19
UPI00247,Ahmedabad,Android,Full,11,6-12m,23,1.61,42,789.43,1146.01,31325.95,0.592,0.369,19,27,8,0.1981,4,0.1007,0.144,0.334,53,86,6.36,21.28,0.186,19659.41,0.415,56.79
UPI00248,Ahmedabad,iOS,Minimum,18,1-2y,20,5.48,104,820.2,2728.96,81949.15,0.905,0.092,94,14,2,0.0218,2,0.0234,0.154,0.317,52,85,2.81,5.22,0.368,5948.98,0.396,21.91
UPI00249,Pune,Android,Full,37,2y+,17,8.68,138,2016.75,7872.37,291834.18,0.608,0.345,58,86,30,0.2278,7,0.0518,0.611,0.431,41,119,3.18,5.58,0.736,143220.88,0.436,81.8
UPI00250,Kolkata,Android,Full,35,2y+,5,0.57,3,458.72,1124.74,1544.12,0.318,0.629,0,0,0,0.0099,1,0.2,0.057,0.476,7,9,4.76,239.03,0.475,598.16,0.346,40.51
UPI00251,Kolkata,Android,Minimum,19,1-2y,22,6.03,122,1289.17,3529.67,149936.64,0.806,0.167,95,27,1,0.0219,2,0.026,0.128,0.279,43,77,3.47,6.15,0.376,31289.58,0.459,18.5
UPI00252,Ahmedabad,iOS,Minimum,13,1-2y,18,4.78,61,273.82,726.62,18792.04,0.839,0.166,46,11,4,0.0756,4,0.0732,0.114,0.365,53,96,5.8,9.52,0.304,6438.69,0.368,29.54
UPI00253,Bengaluru,iOS,Full,21,1-2y,15,6.63,94,4971.3,12989.55,385361.44,0.8,0.158,58,40,2,0.0227,0,0.0093,0.105,0.195,38,70,4.6,9.07,0.317,114062.39,0.361,27.22
UPI00254,Delhi,Android,Minimum,21,1-2y,16,3.93,37,542.25,1910.86,17979.8,0.872,0.145,34,3,3,0.0892,2,0.061,0.186,0.39,51,72,4.67,18.3,0.619,5652.98,0.433,34.9
UPI00255,Bengaluru,Android,Full,22,1-2y,19,15.39,308,40,107.86,13840.7,0.233,0.795,53,251,7,0.0457,5,0.0181,0.72,0.555,90,196,6.87,3.75,0.378,5158.78,0.273,71.69
UPI00256,Chennai,Android,Full,35,2y+,19,9.58,176,154.28,415.32,31957.42,0.458,0.654,71,101,7,0.0509,9,0.0557,0.465,0.411,79,161,3.36,3.4,0.557,6066.62,0.353,47.63
UPI00257,Pune,Android,Full,21,1-2y,16,0.5,1,1971.51,4557.0,2120.96,0.307,0.594,1,1,4,0.35,3,0.2,0.617,0.444,36,97,7.29,250,0.448,1908.96,0.237,99.45
UPI00258,Delhi,Android,Minimum,25,2y+,18,6.23,129,1271.14,3630.97,162105.4,0.79,0.22,74,61,3,0.0362,0,0.0055,0.105,0.284,41,72,3.42,4.53,0.43,114105.7,0.341,9.7
UPI00259,Bengaluru,Android,Minimum,12,6-12m,8,1.65,14,356.0,684.03,4565.51,0.427,0.504,9,4,1,0.0779,0,0.0033,0.111,0.435,19,29,4.03,55.63,0.244,4225.6,0.284,22.79
UPI00260,Ahmedabad,Android,Full,12,6-12m,17,3.82,45,780.54,2034.17,29350.73,0.494,0.472,20,29,4,0.0923,0,0.0019,0.134,0.207,30,54,4.74,17.57,0.391,16785.96,0.338,38.4
UPI00261,Mumbai,Android,Full,17,1-2y,3,1.34,1,347.14,1291.18,354.69,0.564,0.391,1,0,2,0.35,0,0.0018,0.042,0.396,5,5,4.48,250,0.626,50,0.285,56.62
UPI00262,Ahmedabad,Android,Minimum,20,1-2y,21,2.87,48,453.26,977.32,23668.14,0.81,0.209,38,7,2,0.0496,3,0.0659,0.041,0.389,54,109,4.31,14.44,0.219,13854.28,0.429,23.22
UPI00263,Chennai,Android,Minimum,16,1-2y,17,5.74,67,300.47,1116.7,19226.82,0.634,0.368,37,32,0,0.0069,4,0.0655,0.044,0.244,37,57,1.47,11.96,0.348,3450.0,0.366,28.92
UPI00264,Mumbai,Android,Premium,10,6-12m,5,1.4,5,596.07,1923.16,2928.27,0.604,0.402,2,5,1,0.2039,1,0.2,0.051,0.271,6,7,4.73,141.0,0.536,3421.15,0.396,53.75
UPI00265,Delhi,iOS,Minimum,21,1-2y,6,1.03,1,629.46,1214.66,517.98,0.406,0.546,0,1,3,0.35,0,0.0043,0.054,0.338,8,11,6.05,250,0.229,3431.38,0.322,81.98
UPI00266,Kolkata,Android,Full,8,6-12m,24,5.71,125,1687.72,5776.52,191589.23,0.418,0.688,50,71,11,0.0955,9,0.0779,0.506,0.497,52,152,7.12,0.2,0.761,129768.72,0.378,54.61
UPI00267,Chennai,Android,Full,21,1-2y,18,4.01,61,521.79,1197.21,26619.51,0.84,0.172,49,8,3,0.055,3,0.0492,0.151,0.239,47,57,5.79,9.51,0.39,12349.94,0.444,30.32
UPI00268,Ahmedabad,iOS,Full,14,1-2y,6,0.05,1,230.83,836.3,208.6,0.366,0.704,0,0,2,0.35,0,0.0019,0.05,0.356,12,20,5.78,250,0.446,2204.06,0.327,70.71
UPI00269,Hyderabad,iOS,Minimum,14,1-2y,22,6.99,139,170.84,376.51,22136.76,0.569,0.39,66,69,0,0.014,2,0.0235,0.171,0.33,49,92,3.92,5.62,0.297,11689.13,0.31,32.31
UPI00270,Pune,Android,Full,6,0-6m,22,8.95,201,159.79,229.44,32483.79,0.626,0.371,118,80,7,0.0391,0,0.0017,0.089,0.31,74,131,5.24,3.51,0.139,17486.76,0.369,29.64
UPI00271,Bengaluru,Android,Full,2,0-6m,14,5.53,73,697.35,2551.43,48338.65,0.717,0.237,31,39,1,0.023,0,0.0016,0.047,0.313,20,36,5.27,9.3,0.411,30256.12,0.41,11.64
UPI00272,Delhi,iOS,Full,19,1-2y,21,1.41,62,788.16,1868.13,57365.72,0.451,0.539,19,42,5,0.0959,2,0.0409,0.178,0.308,43,51,3.82,11.6,0.429,38035.09,0.29,37.73
UPI00273,Chennai,Android,Minimum,7,6-12m,9,1.2,11,391.62,1130.36,4849.32,0.39,0.562,1,5,1,0.0965,1,0.0924,0.08,0.447,4,6,5.53,67.01,0.609,1385.39,0.314,33.49
UPI00274,Hyderabad,Android,Premium,14,1-2y,2,20.11,39,555.36,1918.36,23178.06,0.527,0.456,24,21,2,0.0577,4,0.112,0.317,0.69,10,20,8.01,21.33,0.781,9061.45,0.327,84.75
UPI00275,Hyderabad,iOS,Full,20,1-2y,27,4.79,146,251.29,955.41,41032.25,0.692,0.274,66,77,4,0.0304,1,0.0107,0.149,0.244,75,111,6.07,4.06,0.462,2036.53,0.314,42.35
UPI00276,Ahmedabad,Android,Full,17,1-2y,16,2.78,34,330.91,724.74,12866.15,0.516,0.487,13,13,3,0.0952,1,0.0323,0.077,0.201,31,61,4.82,17.88,0.135,9639.17,0.274,37.83
UPI00277,Delhi,Android,Minimum,18,1-2y,21,5.59,115,451.66,1229.32,49405.91,0.652,0.371,71,44,5,0.054,0,0.0093,0.155,0.325,53,100,4.09,7.96,0.23,29743.73,0.375,33.94
UPI00278,Bengaluru,iOS,Full,17,1-2y,23,4.66,127,963.22,2286.16,120026.75,0.956,0.02,99,31,1,0.0202,2,0.0168,0.118,0.387,62,89,6.52,7.06,0.254,23507.84,0.518,6.73
UPI00279,Chennai,Android,Minimum,1,0-6m,9,19.65,175,2149.74,7135.36,410154.42,0.297,0.74,40,132,27,0.1697,7,0.0426,0.35,0.623,44,77,2.42,2.24,0.605,137402.49,0.363,98.17
UPI00280,Hyderabad,iOS,Full,22,1-2y,27,9.36,251,250.56,474.69,55242.8,0.502,0.484,119,132,11,0.0533,3,0.0217,0.137,0.392,61,119,3.54,0.2,0.291,10316.22,0.252,41.38
UPI00281,Delhi,Android,Minimum,28,2y+,15,4.04,54,1972.4,6222.56,89959.41,0.814,0.181,30,22,5,0.0948,0,0.0002,0.085,0.345,37,41,3.87,16.86,0.524,58466.2,0.396,28.97
UPI00282,Pune,Android,Premium,21,1-2y,6,1.59,6,221.03,765.47,1253.38,0.602,0.369,5,5,0,0.002,0,0.0069,0.052,0.311,4,4,3.49,118.91,0.484,50,0.395,11.63
UPI00283,Chennai,Android,Full,4,0-6m,12,13.49,151,750.59,2453.16,113447.49,0.275,0.722,17,134,22,0.1579,5,0.0357,0.602,0.481,31,62,6.95,2.05,0.694,46974.24,0.187,83.59
UPI00284,Hyderabad,Android,Minimum,15,1-2y,15,8.33,120,4419.01,13796.82,508503.4,0.402,0.52,39,81,23,0.1971,4,0.0414,0.297,0.551,50,89,5.93,5.9,0.772,292759.14,0.255,62.6
UPI00285,Mumbai,Android,Full,14,1-2y,22,5.29,78,173.16,519.34,12403.4,0.939,0.083,46,30,6,0.083,1,0.0185,0.042,0.295,63,92,5.09,10.77,0.382,769.42,0.447,16.98
UPI00286,Mumbai,Android,Minimum,25,2y+,21,3.03,64,1141.39,2190.56,78911.73,0.821,0.161,53,13,3,0.0479,2,0.0325,0.073,0.419,65,78,5.5,6.04,0.245,24745.68,0.437,17.85
UPI00287,Delhi,iOS,Premium,35,2y+,17,6.74,114,1422.13,3772.79,153003.93,0.266,0.795,19,93,29,0.2632,11,0.1011,0.461,0.375,46,100,11.37,11.37,0.394,107614.17,0.229,100
UPI00288,Kolkata,iOS,Minimum,22,1-2y,19,3.87,71,658.26,2291.67,50900.18,0.526,0.47,28,40,4,0.0615,1,0.0203,0.095,0.226,37,62,4.76,8.74,0.481,33382.4,0.278,35.94
UPI00289,Delhi,Android,Premium,12,6-12m,4,3.88,13,1875.69,6052.19,22099.71,0.606,0.499,4,7,19,0.35,9,0.2,0.524,0.65,16,28,11.34,57.09,0.615,13274.12,0.415,100
UPI00290,Pune,iOS,Full,9,6-12m,29,12.36,363,2692.39,10137.26,832306.3,0.225,0.85,44,323,15,0.046,0,0.0057,0.35,0.609,133,199,3.38,0.29,0.833,350000,0.233,40.66
UPI00291,Chennai,Android,Minimum,24,1-2y,12,2.91,41,4400.23,9567.45,171013.18,0.75,0.23,30,10,3,0.0765,0,0.0076,0.107,0.351,31,46,2.37,15.11,0.257,121407.21,0.415,20.01
UPI00292,Kolkata,iOS,Minimum,20,1-2y,22,3.13,72,450.6,1063.2,33404.5,0.787,0.217,56,15,3,0.0543,1,0.0184,0.159,0.25,41,60,4.11,12.05,0.197,15685.17,0.39,21.06
UPI00293,Kolkata,iOS,Minimum,2,0-6m,14,2.84,46,888.46,3584.32,44343.48,0.592,0.454,21,25,4,0.0892,0,0.0049,0.104,0.256,31,37,4.85,15.57,0.59,10946.81,0.32,22.62
UPI00294,Hyderabad,iOS,Full,16,1-2y,18,0.8,10,1219.49,3436.05,10498.15,0.875,0.12,10,2,0,0.0116,5,0.2,0.105,0.373,31,44,5.69,74.38,0.521,5992.55,0.409,33.83
UPI00295,Pune,Android,Full,18,1-2y,18,2.92,59,604.14,1674.16,40897.73,0.704,0.285,31,30,5,0.0862,0,0.0042,0.12,0.376,52,88,3.31,9.53,0.312,22681.42,0.439,17.95
UPI00296,Delhi,Android,Premium,26,2y+,25,4.76,133,174.08,525.58,23335.36,0.681,0.299,69,65,2,0.0168,2,0.0215,0.196,0.306,97,241,4.07,5.07,0.331,5875.79,0.392,24.87
UPI00297,Bengaluru,iOS,Full,11,6-12m,23,4.71,114,1144.09,3616.8,149861.16,0.794,0.208,67,45,5,0.05,2,0.0254,0.046,0.234,66,108,4.91,11.09,0.452,68210.9,0.368,14.27
UPI00298,Ahmedabad,iOS,Full,13,1-2y,22,4.43,128,469.13,1640.27,61802.33,0.917,0.067,112,13,4,0.035,0,0.0012,0.127,0.291,69,112,5.79,8.03,0.649,33238.81,0.444,11.62
UPI00299,Ahmedabad,Android,Full,18,1-2y,23,5.84,128,205.12,676.7,30322.69,0.69,0.301,60,69,3,0.0355,0,0.0026,0.081,0.398,77,103,7.45,8.89,0.472,10026.54,0.358,23.75
UPI00300,Ahmedabad,Android,Premium,13,1-2y,18,7.5,132,778.78,1614.47,115691.53,0.821,0.172,107,22,8,0.0686,3,0.0255,0.154,0.248,44,64,3.32,4.46,0.115,44410.62,0.447,25.33
UPI00301,Ahmedabad,Android,Full,21,1-2y,22,2.85,62,2532.11,7620.76,177439.09,0.587,0.38,31,29,3,0.0561,0,0.0038,0.111,0.214,36,49,4.91,10.91,0.52,89997.18,0.33,22.8
UPI00302,Kolkata,Android,Minimum,1,0-6m,4,1.24,1,260.12,639.9,218.28,0.304,0.633,1,1,0,0.0104,0,0.0092,0.071,0.236,8,14,3.99,250,0.356,50,0.254,7.39
UPI00303,Chennai,Android,Full,12,6-12m,12,3.05,40,1207.43,3581.63,48713.92,0.849,0.155,25,12,5,0.1353,3,0.0845,0.129,0.25,33,42,6.57,20.32,0.543,17254.4,0.383,30.99
UPI00304,Ahmedabad,iOS,Full,18,1-2y,13,3.14,27,3339.64,9281.63,104740.23,0.751,0.293,17,9,1,0.0503,0,0.002,0.132,0.255,25,43,3.77,21.91,0.26,52138.47,0.313,17.8
UPI00305,Mumbai,Android,Premium,29,2y+,21,3.47,44,3225.66,9243.93,129600.99,0.59,0.429,22,23,2,0.0604,1,0.0244,0.118,0.364,53,72,4.51,15.94,0.355,45749.74,0.413,32.34
UPI00306,Hyderabad,Android,Minimum,16,1-2y,4,0.72,4,361.8,1343.66,1303.47,0.363,0.574,0,1,0,0.0039,1,0.2,0.104,0.467,6,7,4.78,181.34,0.411,1450.23,0.286,34.77
UPI00307,Hyderabad,Android,Full,17,1-2y,24,8.83,202,270.97,628.58,51718.77,0.638,0.398,73,128,8,0.0527,0,0.0035,0.111,0.394,70,121,6.42,4.52,0.154,12203.76,0.348,37.21
UPI00308,Pune,Android,Premium,33,2y+,25,2.96,89,822.45,2715.72,62797.45,0.344,0.71,25,61,21,0.24,6,0.0705,0.439,0.418,111,204,11.79,5.72,0.592,28395.38,0.329,90.05
UPI00309,Kolkata,Android,Minimum,5,0-6m,20,1.68,37,804.49,2501.38,29688.7,0.516,0.475,22,17,4,0.1166,2,0.0598,0.177,0.4,60,91,1,17.18,0.388,23072.47,0.336,51.66
UPI00310,Hyderabad,Android,Minimum,33,2y+,18,3.78,86,103.84,287.63,9943.75,0.639,0.384,37,55,1,0.023,2,0.0306,0.083,0.28,34,54,8.63,7.22,0.405,6794.09,0.404,23.12
UPI00311,Bengaluru,iOS,Full,19,1-2y,26,7.77,239,216.18,613.07,55570.23,0.592,0.373,138,97,3,0.0228,2,0.0173,0.058,0.32,60,113,3.49,6.79,0.566,10218.32,0.348,22.65
UPI00312,Pune,Android,Full,14,1-2y,16,11.49,180,3842.9,10739.04,708325.95,0.404,0.685,75,104,14,0.0962,7,0.041,0.749,0.548,68,200,11.71,1.63,0.592,350000,0.351,68.44
UPI00313,Pune,Android,Full,29,2y+,26,9.24,239,269.25,706.98,57702.71,0.578,0.429,139,98,2,0.0226,0,0.0019,0.098,0.388,88,151,4.78,3.71,0.441,20281.56,0.389,21.4
UPI00314,Hyderabad,Android,Full,26,2y+,9,2.52,10,823.73,1790.54,6799.94,0.35,0.635,1,10,0,0.0151,0,0.0065,0.087,0.19,15,25,5.99,70.79,0.342,997.96,0.208,14.87
UPI00315,Ahmedabad,iOS,Minimum,12,6-12m,24,3.15,73,528.03,1269.38,36869.23,0.891,0.121,52,18,1,0.0175,0,0.0069,0.153,0.417,64,97,5.84,8.33,0.339,15885.96,0.402,13.58
UPI00316,Bengaluru,iOS,Minimum,10,6-12m,9,1.17,20,470.01,1274.39,7972.39,0.452,0.559,9,10,0,0.0116,0,0.0096,0.061,0.497,19,27,1.9,35.15,0.237,3932.89,0.355,5.57
UPI00317,Bengaluru,iOS,Full,29,2y+,23,5.54,112,206.04,608.13,19782.38,0.5,0.496,44,68,4,0.0501,0,0.0055,0.077,0.221,88,122,6.34,3.6,0.38,9830.59,0.31,26.7
UPI00318,Chennai,iOS,Minimum,19,1-2y,14,2.47,28,490.13,1138.87,13102.72,0.485,0.47,11,19,3,0.1136,3,0.1111,0.066,0.279,40,75,3.4,27.12,0.192,5562.53,0.311,49.26
UPI00319,Pune,Android,Full,15,1-2y,15,4.23,31,3763.02,13288.01,106680.93,0.763,0.211,14,14,4,0.1399,0,0.0036,0.099,0.295,25,33,5.48,22.3,0.636,22928.93,0.383,39.24
UPI00320,Hyderabad,Android,Full,45,2y+,28,9.06,291,151.53,483.66,43734.44,0.503,0.514,149,140,6,0.03,1,0.0133,0.1,0.252,88,141,7.53,3.74,0.395,20861.93,0.287,30.87
UPI00321,Hyderabad,Android,Full,27,2y+,2,0.38,3,511.27,1292.83,1420.4,0.431,0.588,0,0,2,0.35,1,0.2,0.132,0.438,2,3,1.65,237.54,0.442,2069.78,0.313,100
UPI00322,Bengaluru,iOS,Full,34,2y+,23,1.0,22,729.27,2441.69,13714.51,0.698,0.276,21,2,7,0.3268,1,0.0549,0.079,0.2,62,85,7.48,31.74,0.544,1796.76,0.344,80.76
UPI00323,Pune,Android,Full,18,1-2y,5,1.32,6,522.31,1315.2,2685.86,0.414,0.614,6,3,0,0.011,1,0.1759,0.14,0.337,7,11,2.76,118.57,0.436,50,0.259,41.25
UPI00324,Bengaluru,Android,Minimum,18,1-2y,7,0.84,2,506.49,590.85,1128.18,0.343,0.619,0,2,1,0.35,2,0.2,0.07,0.298,9,14,2.99,250,0.137,50,0.296,98.52
UPI00325,Hyderabad,iOS,Minimum,6,0-6m,20,4.74,120,282.92,881.59,31204.8,0.589,0.457,51,68,3,0.0299,0,0.001,0.075,0.394,67,158,1.02,4.47,0.22,21135.22,0.414,26.8
UPI00326,Chennai,iOS,Minimum,31,2y+,22,4.11,107,963.9,2104.31,93812.61,0.784,0.22,58,47,2,0.0188,0,0.0081,0.054,0.228,44,70,7.11,10.27,0.321,17098.35,0.422,26.92
UPI00327,Kolkata,iOS,Minimum,6,0-6m,30,4.19,99,592.64,1673.59,52208.16,0.943,0.063,58,45,6,0.0696,0,0.0057,0.088,0.303,89,130,4.67,9.38,0.604,27027.76,0.415,21.23
UPI00328,Kolkata,Android,Full,27,2y+,24,1.71,56,50.29,117.65,2341.63,0.673,0.288,29,25,9,0.1638,1,0.0194,0.052,0.288,89,171,6.17,13.38,0.463,2459.96,0.38,29.23
UPI00329,Kolkata,Android,Full,18,1-2y,6,0.93,1,595.12,2197.06,631.0,0.386,0.544,0,1,3,0.35,1,0.2,0.068,0.418,8,11,2.39,250,0.63,202.52,0.261,87.42
UPI00330,Kolkata,Android,Full,20,1-2y,25,6.51,149,313.82,917.17,44643.97,0.482,0.488,43,104,2,0.0179,0,0.0065,0.209,0.248,51,124,3.57,9.84,0.645,14528.02,0.347,41.34
UPI00331,Chennai,Android,Full,22,1-2y,16,1.45,38,4061.44,11618.55,137317.88,0.751,0.245,23,19,2,0.0671,1,0.0311,0.141,0.235,36,53,3.77,18.3,0.389,52871.39,0.435,28.76
UPI00332,Hyderabad,Android,Full,23,1-2y,6,1.74,8,487.03,1248.55,3342.33,0.355,0.684,0,7,0,0.0026,1,0.1286,0.036,0.372,8,8,4.7,84.32,0.423,1414.47,0.336,24.64
UPI00333,Kolkata,Android,Minimum,22,1-2y,19,4.21,79,253.73,916.11,18167.68,0.946,0.054,70,7,2,0.0356,0,0.0064,0.129,0.407,38,63,5.81,6.23,0.546,12702.89,0.506,27.43
UPI00334,Mumbai,Android,Minimum,2,0-6m,23,6.93,161,120.57,370.45,21305.39,0.654,0.38,89,72,6,0.0423,2,0.0153,0.104,0.22,64,123,6.02,3.69,0.472,13237.32,0.373,43.33
UPI00335,Chennai,Android,Full,21,1-2y,23,7.78,135,213.09,789.03,31716.25,0.603,0.348,79,58,0,0.0156,0,0.0041,0.186,0.306,59,104,6.97,4.21,0.573,6904.12,0.33,20.28
UPI00336,Delhi,iOS,Minimum,17,1-2y,20,7.54,111,154.06,347.13,18663.35,0.656,0.296,48,60,8,0.0729,3,0.0358,0.119,0.285,67,159,5.33,13.12,0.239,12068.5,0.406,43.45
UPI00337,Ahmedabad,Android,Minimum,25,2y+,20,2.33,47,777.07,2958.11,42227.23,0.82,0.122,37,8,3,0.078,0,0.0084,0.07,0.363,38,63,3.42,11.52,0.675,24276.81,0.445,19.62
UPI00338,Bengaluru,Android,Minimum,18,1-2y,24,4.39,97,3085.31,5782.73,329571.86,0.758,0.269,53,38,3,0.0357,0,0.0089,0.032,0.324,44,74,5.88,14.06,0.279,67388.66,0.473,22.68
UPI00339,Ahmedabad,Android,Minimum,5,0-6m,5,1.49,1,875.78,2090.05,896.9,0.532,0.491,1,0,1,0.35,1,0.2,0.049,0.183,3,3,4.87,250,0.336,50,0.234,99.23
UPI00340,Pune,Android,Full,19,1-2y,18,1.68,43,716.15,1832.66,30667.25,0.597,0.371,23,23,0,0.0142,2,0.0519,0.085,0.231,30,47,4.88,18.05,0.286,7950.52,0.334,14.35
UPI00341,Delhi,iOS,Full,33,2y+,22,2.79,81,4095.3,8598.26,389138.74,0.554,0.493,49,29,2,0.0288,1,0.0222,0.173,0.234,35,46,4.88,12.63,0.33,182606.76,0.384,23.26
UPI00342,Mumbai,Android,Full,18,1-2y,23,3.04,45,1098.54,3382.0,56568.06,0.936,0.06,28,16,5,0.1254,1,0.0306,0.115,0.239,62,92,5.76,16.98,0.45,34267.25,0.492,23.12
UPI00343,Pune,Android,Full,13,1-2y,27,6.6,196,220.3,634.52,43074.47,0.493,0.546,89,108,6,0.0435,0,0.0075,0.136,0.395,83,171,7.32,2.82,0.532,16463.01,0.261,18.21
UPI00344,Bengaluru,Android,Premium,7,6-12m,24,4.07,98,732.45,1923.36,67235.12,0.818,0.196,66,32,0,0.0067,4,0.0427,0.043,0.27,49,86,3.06,5.6,0.272,20771.21,0.387,25.13
UPI00345,Ahmedabad,iOS,Minimum,14,1-2y,23,7.32,180,287.28,829.01,55634.33,0.718,0.289,111,68,0,0.0144,0,0.0027,0.163,0.291,69,102,5.51,1.95,0.394,7009.75,0.375,17.66
UPI00346,Mumbai,Android,Premium,28,2y+,25,8.9,213,116.64,337.72,20570.02,0.516,0.486,111,100,5,0.0386,0,0.0039,0.088,0.373,94,151,7.23,3.57,0.269,5952.15,0.31,25.84
UPI00347,Ahmedabad,Android,Full,12,6-12m,13,4.19,65,428.66,1171.3,25377.48,0.462,0.537,34,29,6,0.1068,1,0.0245,0.066,0.387,28,33,3.57,10.68,0.405,13759.67,0.379,32.63
UPI00348,Ahmedabad,Android,Full,24,1-2y,4,0.92,5,361.53,647.07,1905.92,0.635,0.313,4,4,1,0.2023,0,0.0005,0.054,0.193,8,10,4.25,142.51,0.05,2693.04,0.353,43.4
UPI00349,Mumbai,Android,Full,10,6-12m,12,3.11,22,1216.48,3182.8,26970.73,0.9,0.114,14,11,1,0.0467,2,0.0982,0.154,0.384,38,51,5.25,30.87,0.239,20539.26,0.442,30.05
UPI00350,Pune,Android,Full,18,1-2y,11,2.42,18,3283.36,6712.37,62293.91,0.69,0.331,2,11,2,0.1148,2,0.1128,0.068,0.321,17,29,5.7,39.82,0.09,45980.75,0.346,44.59
UPI00351,Chennai,Android,Premium,28,2y+,3,0.73,2,396.74,768.11,724.44,0.329,0.674,0,0,2,0.35,0,0.003,0.076,0.362,2,3,4.91,250,0.41,57.34,0.257,81.18
UPI00352,Bengaluru,Android,Minimum,10,6-12m,15,2.72,60,1872.23,4236.35,119228.2,0.748,0.263,28,34,0,0.0098,1,0.0193,0.162,0.231,42,55,3.79,13.57,0.218,27255.78,0.393,8.14
UPI00353,Chennai,Android,Full,24,1-2y,25,8.82,222,250.02,619.73,48788.39,0.667,0.361,95,127,5,0.0255,2,0.0181,0.13,0.37,55,70,4.61,0.2,0.412,12994.88,0.341,15.5
UPI00354,Mumbai,Android,Full,21,1-2y,20,3.87,106,3353.44,6834.47,406563.68,0.667,0.336,52,50,5,0.0493,1,0.0124,0.149,0.229,49,89,5.26,5.11,0.526,197092.33,0.291,16.51
UPI00355,Ahmedabad,Android,Premium,8,6-12m,29,5.96,172,161.2,449.01,26351.74,0.619,0.381,86,86,4,0.0266,0,0.0086,0.109,0.321,82,104,6.74,3.98,0.458,5904.57,0.4,22.16
UPI00356,Ahmedabad,Android,Minimum,28,2y+,23,5.28,124,247.46,669.27,32760.74,0.532,0.516,46,73,7,0.0655,1,0.0177,0.143,0.225,69,161,4.83,7.42,0.403,5617.38,0.272,38.99
UPI00357,Hyderabad,iOS,Full,26,2y+,20,4.98,86,416.17,1002.52,40876.32,0.587,0.435,44,39,0,0.0008,2,0.024,0.082,0.295,58,66,4.37,4.9,0.111,13928.21,0.385,20.21
UPI00358,Bengaluru,Android,Minimum,32,2y+,24,4.88,92,172.45,366.22,18458.54,0.62,0.429,37,56,3,0.0355,2,0.0221,0.102,0.349,73,89,7.8,5.66,0.363,12263.33,0.335,24.22
UPI00359,Ahmedabad,iOS,Minimum,3,0-6m,12,5.71,59,1076.47,4535.2,69248.1,0.511,0.455,25,32,11,0.203,12,0.2,0.654,0.374,52,114,7.42,9.1,0.816,31716.43,0.368,98.6
UPI00360,Bengaluru,Android,Premium,28,2y+,9,0.6,1,2893.08,4633.1,2990.77,0.711,0.257,1,1,6,0.35,1,0.2,0.066,0.35,14,17,4.44,250,0.089,2662.31,0.444,87.93
UPI00361,Pune,Android,Full,7,6-12m,24,4.35,119,3661.85,6957.79,361271.77,0.706,0.35,45,71,3,0.0397,0,0.0036,0.103,0.203,44,60,5.32,3.96,0.309,245811.62,0.341,26.53
UPI00362,Chennai,Android,Full,25,2y+,7,6.59,54,2747.6,9246.61,151134.05,0.497,0.582,30,22,10,0.1931,8,0.1566,0.438,0.689,27,73,8.78,12.5,0.571,35794.59,0.4,85.0
UPI00363,Pune,Android,Full,14,1-2y,21,5.98,105,54.88,132.33,6397.54,0.573,0.442,43,62,3,0.0306,1,0.0173,0.206,0.273,58,131,8.41,4.84,0.335,2271.14,0.321,28.16
UPI00364,Delhi,iOS,Premium,23,1-2y,25,4.0,115,415.28,755.37,55603.9,0.584,0.421,51,62,0,0.0022,0,0.0076,0.075,0.25,51,80,6.28,4.92,0.273,36349.9,0.31,18.45
UPI00365,Hyderabad,Android,Full,11,6-12m,29,8.88,247,167.9,408.12,36096.35,0.621,0.346,114,139,4,0.0221,2,0.0118,0.078,0.289,109,272,5.21,1.22,0.333,20541.45,0.289,35.33
UPI00366,Pune,Android,Full,43,2y+,13,2.81,39,2817.94,10372.99,125707.43,0.693,0.263,24,17,0,0.0062,1,0.0348,0.082,0.198,24,42,2.77,19.21,0.371,23485.63,0.348,15.21
UPI00367,Pune,Android,Minimum,16,1-2y,13,5.63,77,898.52,2030.91,58617.35,0.949,0.078,53,24,3,0.0503,1,0.0143,0.193,0.361,44,75,5.35,8.37,0.216,32055.63,0.503,24.14
UPI00368,Ahmedabad,Android,Full,17,1-2y,14,4.13,58,691.85,2000.95,45047.57,0.868,0.125,36,20,1,0.0271,5,0.0928,0.086,0.432,27,45,3.41,7.53,0.282,9461.61,0.431,23.48
UPI00369,Kolkata,Android,Minimum,16,1-2y,24,7.57,185,163.68,375.71,26455.82,0.682,0.296,73,113,7,0.0515,1,0.0126,0.112,0.337,90,147,6.86,7.62,0.422,13765.05,0.351,23.78
UPI00370,Chennai,Android,Full,37,2y+,12,2.77,23,988.94,2502.59,19972.9,0.581,0.453,4,20,1,0.058,1,0.0525,0.094,0.388,39,60,2.58,30.67,0.241,50,0.358,28.0
UPI00371,Chennai,Android,Full,18,1-2y,18,1.47,35,333.25,993.98,13713.14,0.455,0.543,9,22,4,0.125,0,0.0014,0.148,0.292,43,69,4.73,22.12,0.36,4566.23,0.236,33.34
UPI00372,Mumbai,Android,Full,4,0-6m,28,7.86,216,219.67,782.67,48237.41,0.659,0.291,132,85,3,0.0217,1,0.0047,0.151,0.363,78,167,5.39,0.2,0.431,16603.29,0.404,28.7
UPI00373,Hyderabad,Android,Full,12,6-12m,24,3.96,117,189.89,352.46,24637.24,0.496,0.495,53,66,6,0.057,1,0.0138,0.112,0.389,94,206,6.47,3.04,0.196,3196.93,0.32,14.0
UPI00374,Ahmedabad,Android,Premium,27,2y+,9,0.67,18,327.31,937.2,5951.24,0.394,0.584,12,7,1,0.0572,0,0.0053,0.065,0.308,16,24,3.66,39.6,0.3,350.48,0.267,7.16
UPI00375,Bengaluru,Android,Full,20,1-2y,17,5.7,96,906.17,1441.67,93249.12,0.59,0.365,48,48,4,0.0507,3,0.0386,0.094,0.412,40,49,6.98,8.44,0.05,60444.68,0.414,30.21
UPI00376,Kolkata,Android,Full,20,1-2y,18,4.85,87,912.06,2817.04,70547.25,0.856,0.135,43,42,4,0.047,2,0.0303,0.041,0.383,56,105,6.89,9.78,0.417,44730.28,0.397,21.73
UPI00377,Mumbai,Android,Full,7,6-12m,17,1.34,8,2978.19,5203.92,23185.47,0.594,0.438,0,6,4,0.35,1,0.1277,0.042,0.333,31,43,5.46,88.53,0.259,6623.59,0.286,89.56
UPI00378,Ahmedabad,Android,Full,23,1-2y,28,8.28,262,91.05,297.31,25914.3,0.689,0.293,114,146,4,0.0254,0,0.0053,0.132,0.365,103,176,7.49,0.2,0.468,12219.03,0.309,21.12
UPI00379,Ahmedabad,Android,Minimum,12,6-12m,3,1.6,1,419.55,760.11,459.42,0.59,0.411,0,1,1,0.35,2,0.2,0.12,0.229,9,14,2.51,250,0.189,391.18,0.339,97.07
UPI00380,Mumbai,iOS,Minimum,14,1-2y,21,4.74,104,695.96,1724.55,72041.71,0.85,0.154,65,38,2,0.0271,3,0.0342,0.105,0.203,66,81,1.36,7.77,0.587,47277.44,0.415,21.7
UPI00381,Hyderabad,Android,Premium,21,1-2y,21,6.53,100,216.07,616.64,20744.2,0.544,0.45,32,68,5,0.0599,1,0.0129,0.089,0.234,59,139,3.7,2.51,0.246,5638.08,0.328,30.35
UPI00382,Kolkata,Android,Premium,3,0-6m,21,2.82,78,3934.27,9918.26,297689.45,0.755,0.201,44,33,2,0.0392,0,0.0041,0.161,0.183,32,40,3.12,11.55,0.323,147277.25,0.414,26.34
UPI00383,Bengaluru,Android,Minimum,37,2y+,7,0.67,17,559.85,1414.99,10669.08,0.417,0.527,1,16,0,0.0152,0,0.0004,0.141,0.186,7,7,0.5,41.11,0.388,1128.73,0.204,15.24
UPI00384,Hyderabad,iOS,Minimum,11,6-12m,20,8.44,185,166.6,287.31,31631.44,0.496,0.488,65,117,11,0.0653,1,0.0062,0.209,0.273,77,114,1.8,0.76,0.283,20701.76,0.286,42.26
UPI00385,Pune,Android,Full,11,6-12m,28,3.83,126,189.25,484.15,27884.49,0.594,0.409,50,77,4,0.0442,1,0.0135,0.087,0.36,66,101,5.9,7.47,0.367,4315.44,0.309,28.72
UPI00386,Bengaluru,Android,Full,22,1-2y,31,4.57,169,219.64,486.09,42692.7,0.706,0.265,111,59,2,0.0226,0,0.0066,0.149,0.334,84,178,3.63,5.64,0.225,27936.88,0.45,22.73
UPI00387,Ahmedabad,Android,Minimum,12,6-12m,16,7.61,117,507.69,1088.59,57215.36,0.811,0.171,93,24,2,0.0239,3,0.0294,0.127,0.411,47,88,3.2,4.69,0.297,13284.56,0.388,22.91
UPI00388,Delhi,Android,Minimum,29,2y+,16,3.6,62,193.62,317.32,10972.79,0.531,0.433,23,41,2,0.0474,0,0.0018,0.125,0.225,45,54,9.24,11.76,0.167,1852.1,0.272,32.27
UPI00389,Ahmedabad,Android,Full,26,2y+,6,1.13,3,217.59,478.07,711.71,0.426,0.612,0,2,0,0.0073,0,0.0021,0.109,0.491,12,17,2.17,239.95,0.313,50,0.26,12.62
UPI00390,Hyderabad,Android,Minimum,30,2y+,18,7.3,135,213.94,606.58,27972.06,0.62,0.379,70,67,3,0.0238,1,0.0109,0.203,0.227,60,95,6.68,8.55,0.378,19415.77,0.31,18.8
UPI00391,Chennai,Android,Premium,6,0-6m,4,1.84,4,380.14,671.82,1290.34,0.556,0.468,3,0,0,0.0094,0,0.0073,0.066,0.381,7,11,5.07,180.61,0.05,50,0.31,26.25
UPI00392,Ahmedabad,Android,Premium,14,1-2y,27,4.45,93,785.74,2356.41,73765.31,0.92,0.067,87,12,6,0.0756,3,0.0377,0.06,0.389,60,116,3.4,6.65,0.302,25447.74,0.517,34.16
UPI00393,Ahmedabad,Android,Minimum,9,6-12m,29,1.96,49,3095.15,7146.89,150921.98,0.675,0.266,29,22,2,0.0556,0,0.0074,0.151,0.229,43,66,6.68,9.46,0.177,74166.07,0.416,24.91
UPI00394,Mumbai,Android,Full,22,1-2y,14,3.62,49,2520.46,7631.13,124621.19,0.639,0.411,29,19,3,0.0696,0,0.0049,0.076,0.353,35,40,4.05,10.5,0.351,72844.29,0.339,26.53
UPI00395,Hyderabad,iOS,Full,22,1-2y,5,1.15,1,146.55,487.8,127.39,0.388,0.643,1,0,3,0.35,1,0.2,0.065,0.238,5,6,5.57,250,0.295,50,0.233,98.05
UPI00396,Delhi,iOS,Full,35,2y+,7,0.82,15,459.54,1176.08,6231.44,0.54,0.54,10,10,1,0.0679,1,0.0686,0.13,0.475,7,11,1.55,42.72,0.301,4235.98,0.408,23.44
UPI00397,Chennai,Android,Full,27,2y+,6,3.48,23,3922.91,10930.07,101984.9,0.642,0.382,13,10,1,0.0515,1,0.0467,0.038,0.199,14,18,6.84,32.24,0.582,61142.48,0.316,20.01
UPI00398,Mumbai,Android,Minimum,22,1-2y,2,0.38,1,357.36,830.51,294.05,0.417,0.635,0,0,1,0.35,0,0.0072,0.075,0.52,8,13,2.55,250,0.528,50,0.38,88.57
UPI00399,Pune,Android,Full,12,6-12m,19,9.23,169,300.05,796.03,52444.34,0.634,0.392,81,85,8,0.0546,1,0.0078,0.131,0.258,59,94,2.22,1.37,0.437,40662.94,0.313,42.15
UPI00400,Pune,Android,Minimum,14,1-2y,5,0.45,3,469.86,1771.35,1352.97,0.359,0.668,0,0,0,0.0107,2,0.2,0.079,0.226,8,13,3.14,238.54,0.187,50,0.221,40.86
UPI00401,Delhi,Android,Minimum,17,1-2y,31,0.5,2,3101.88,13788.21,6813.73,0.339,0.658,0,2,11,0.35,3,0.2,0.633,0.33,129,217,1.51,250,0.937,5879.1,0.244,100
UPI00402,Kolkata,Android,Minimum,28,2y+,4,7.49,27,1406.41,4460.57,33351.72,0.582,0.436,16,13,16,0.35,13,0.2,0.719,0.668,17,35,13.95,24.74,0.715,19907.49,0.385,99.49
UPI00403,Kolkata,Android,Full,15,1-2y,22,5.83,136,177.89,360.24,20657.03,0.652,0.318,86,54,8,0.0691,0,0.0047,0.099,0.349,83,183,6.1,6.19,0.073,12213.67,0.297,25.02
UPI00404,Hyderabad,Android,Full,21,1-2y,22,3.03,50,2350.81,7416.51,96687.39,0.733,0.255,25,26,6,0.124,0,0.009,0.078,0.2,49,74,2.06,12.29,0.515,53107.6,0.409,36.54
UPI00405,Mumbai,Android,Minimum,14,1-2y,23,7.48,165,139.93,336.27,24892.3,0.669,0.353,80,84,7,0.051,4,0.0329,0.081,0.25,84,103,5.11,2.28,0.566,4580.81,0.4,36.8
UPI00406,Hyderabad,Android,Minimum,17,1-2y,24,6.14,137,136.66,369.0,18418.36,0.495,0.487,66,73,5,0.049,0,0.0099,0.052,0.275,57,99,8.25,4.87,0.428,2985.07,0.261,35.91
UPI00407,Chennai,Android,Full,16,1-2y,21,1.89,35,565.17,1253.14,21877.93,0.583,0.456,17,12,3,0.097,2,0.0628,0.091,0.271,40,75,5.68,21.16,0.152,15952.51,0.292,32.53
UPI00408,Hyderabad,Android,Full,7,6-12m,19,4.05,79,40,114.61,3233.48,0.554,0.441,37,40,3,0.0385,0,0.0055,0.136,0.35,55,68,5.43,8.38,0.263,54.12,0.328,23.66
UPI00409,Bengaluru,Android,Minimum,7,6-12m,18,1.5,29,2856.73,8200.66,77829.84,0.646,0.316,18,12,6,0.2121,1,0.0401,0.108,0.25,42,47,5.83,21.67,0.446,17770.64,0.358,51.03
UPI00410,Hyderabad,Android,Full,21,1-2y,18,8.08,165,244.49,867.48,47210.87,0.528,0.474,78,86,4,0.0273,1,0.0125,0.129,0.234,45,93,6.11,6.45,0.494,24467.07,0.339,20.12
UPI00411,Pune,Android,Full,13,1-2y,23,3.71,59,361.1,1017.58,22954.81,0.49,0.528,27,31,5,0.0989,1,0.0213,0.062,0.379,62,97,1.57,13.76,0.633,50,0.344,24.18
UPI00412,Ahmedabad,Android,Full,10,6-12m,20,4.56,115,93.13,331.79,9651.12,0.514,0.45,41,79,5,0.0478,0,0.0056,0.127,0.397,48,107,6.84,8.64,0.489,1630.04,0.294,27.54
UPI00413,Hyderabad,Android,Full,39,2y+,25,7.51,191,96.21,212.48,16347.79,0.611,0.385,81,108,2,0.0161,0,0.0055,0.128,0.369,98,209,8.93,3.74,0.419,11178.14,0.293,21.06
UPI00414,Delhi,Android,Full,33,2y+,20,5.46,118,849.91,2243.75,95775.3,0.811,0.197,71,50,5,0.0462,1,0.0178,0.086,0.212,62,118,4.51,5.54,0.454,67102.01,0.376,40.76
UPI00415,Chennai,Android,Full,29,2y+,18,3.75,57,4132.12,9524.39,238283.25,0.768,0.286,33,17,6,0.1128,0,0.0071,0.085,0.31,26,37,3.14,13.52,0.336,122558.59,0.38,27.2
UPI00416,Bengaluru,Android,Full,10,6-12m,18,4.76,88,401.58,1074.24,31276.89,0.941,0.036,62,18,7,0.0848,0,0.004,0.106,0.284,53,89,4.34,4.47,0.338,14774.97,0.419,22.4
UPI00417,Pune,iOS,Full,31,2y+,7,0.05,1,410.68,1212.4,451.56,0.349,0.675,0,1,0,0.0031,0,0.0043,0.099,0.442,11,11,0.5,250,0.29,50,0.225,20.95
UPI00418,Ahmedabad,Android,Full,8,6-12m,23,11.88,301,655.47,2049.94,165837.8,0.472,0.441,137,164,23,0.089,0,0.0096,0.55,0.336,95,175,4.7,5.9,0.715,88847.95,0.255,52.94
UPI00419,Kolkata,iOS,Minimum,20,1-2y,8,0.48,1,216.98,635.26,243.03,0.564,0.466,0,0,2,0.35,2,0.2,0.136,0.399,12,15,2.97,250,0.457,50,0.356,87.27
UPI00420,Chennai,iOS,Premium,21,1-2y,20,16.89,305,1155.84,3759.88,320414.46,0.339,0.64,96,205,22,0.0773,2,0.0131,0.464,0.429,50,108,15.04,0.2,0.563,71986.41,0.258,64.61
UPI00421,Mumbai,Android,Full,21,1-2y,21,5.25,102,896.22,2688.13,95178.98,0.6,0.428,49,51,6,0.0692,1,0.0128,0.054,0.28,42,66,4.71,10.63,0.473,45735.58,0.385,37.34
UPI00422,Hyderabad,Android,Full,28,2y+,31,0.66,1,1299.6,3534.91,1237.46,0.436,0.608,0,0,25,0.35,9,0.2,0.506,0.539,122,260,6.21,250,0.503,1278.87,0.373,92.79
UPI00423,Pune,Android,Full,23,1-2y,24,6.25,165,320.85,977.25,46926.89,0.529,0.447,59,108,9,0.0684,2,0.0129,0.056,0.381,103,197,7.8,0.45,0.372,32024.72,0.313,38.92
UPI00424,Mumbai,iOS,Full,16,1-2y,21,4.97,104,111.82,304.21,12797.76,0.505,0.522,41,63,0,0.0151,3,0.0297,0.116,0.347,87,131,5.65,8.7,0.371,6887.89,0.362,19.47
UPI00425,Kolkata,Android,Full,32,2y+,28,3.53,154,4448.5,17230.14,721857.26,0.604,0.366,56,96,2,0.0193,0,0.0029,0.168,0.287,46,78,3.66,7.57,0.629,281595.04,0.291,27.8
UPI00426,Kolkata,Android,Full,15,1-2y,18,3.58,37,510.18,1271.02,15746.61,0.682,0.31,25,15,1,0.031,3,0.0823,0.119,0.379,35,38,5.01,20.88,0.166,4340.57,0.349,33.55
UPI00427,Delhi,Android,Full,8,6-12m,20,8.39,156,51.46,147.87,7126.96,0.529,0.504,75,84,6,0.0489,0,0.0054,0.151,0.247,75,138,4.82,0.2,0.296,5050.06,0.324,33.37
UPI00428,Hyderabad,iOS,Premium,19,1-2y,17,4.29,77,931.4,2835.03,73799.41,0.708,0.326,49,22,3,0.044,1,0.0216,0.153,0.29,48,93,5.72,11.53,0.208,19479.38,0.37,33.29
UPI00429,Ahmedabad,iOS,Full,5,0-6m,20,5.45,112,820.2,2034.73,99727.02,0.818,0.163,83,25,5,0.0583,0,0.0016,0.128,0.391,66,132,7.46,10.24,0.474,71152.12,0.416,27.45
UPI00430,Kolkata,Android,Minimum,27,2y+,4,0.37,4,633.58,1614.78,2749.15,0.447,0.492,0,4,4,0.35,0,0.0066,0.146,0.518,6,9,2.76,180.7,0.359,2654.29,0.275,68.06
UPI00431,Hyderabad,Android,Full,35,2y+,13,1.08,15,878.33,2590.15,12479.78,0.842,0.164,12,2,2,0.1388,1,0.0706,0.075,0.276,44,85,7.13,52.31,0.534,4050.53,0.411,38.52
UPI00432,Mumbai,Android,Minimum,25,2y+,22,3.41,57,93.99,238.28,6178.0,0.689,0.281,21,35,3,0.0655,0,0.0063,0.115,0.222,64,92,8.31,12.26,0.254,1567.12,0.394,14.85
UPI00433,Ahmedabad,Android,Full,27,2y+,29,2.35,57,1572.66,3831.73,89108.52,0.672,0.27,31,28,6,0.1132,3,0.0607,0.126,0.251,40,63,7.61,15.5,0.181,13778.57,0.286,33.53
UPI00434,Kolkata,Android,Full,11,6-12m,23,7.25,166,206.73,543.87,33578.88,0.506,0.467,83,82,4,0.0382,0,0.009,0.104,0.259,54,95,6.08,3.99,0.186,14376.98,0.318,28.66
UPI00435,Hyderabad,iOS,Premium,1,0-6m,9,9.28,82,40,162.9,2818.2,0.281,0.684,22,59,15,0.1954,4,0.0489,0.493,0.367,23,32,7.94,9.45,0.729,2575.77,0.183,88.39
UPI00436,Bengaluru,Android,Minimum,36,2y+,30,7.66,232,218.68,615.77,43208.7,0.647,0.311,136,94,6,0.0308,0,0.0055,0.138,0.262,106,168,5.13,0.77,0.497,21967.68,0.384,21.46
UPI00437,Bengaluru,Android,Minimum,20,1-2y,21,5.4,105,207.3,635.92,25496.95,0.805,0.218,85,19,1,0.0202,1,0.0139,0.06,0.307,51,93,4.77,8.35,0.615,14358.65,0.477,13.9
UPI00438,Pune,Android,Full,20,1-2y,19,2.14,68,3324.97,11338.04,234811.98,0.728,0.326,53,14,2,0.038,1,0.0202,0.145,0.301,39,65,5.53,12.32,0.539,107016.41,0.319,22.65
UPI00439,Chennai,Android,Full,16,1-2y,24,6.14,101,81.49,158.25,6908.73,0.64,0.328,32,70,8,0.0887,1,0.0124,0.164,0.399,60,113,6.08,9.01,0.075,2598.36,0.366,32.47
UPI00440,Chennai,Android,Full,24,1-2y,27,6.41,166,378.23,815.79,55410.91,0.673,0.347,98,68,4,0.0348,2,0.0122,0.095,0.389,71,96,3.43,0.93,0.461,29603.75,0.368,26.87
UPI00441,Chennai,iOS,Full,1,0-6m,8,1.07,4,363.01,954.12,1496.95,0.446,0.558,0,4,2,0.35,0,0.0059,0.126,0.257,6,6,4.0,180.75,0.379,50,0.228,83.43
UPI00442,Kolkata,Android,Premium,15,1-2y,23,4.99,106,870.11,2314.22,104585.6,0.678,0.364,66,39,0,0.0096,3,0.0321,0.097,0.246,43,68,5.07,9.66,0.382,20272.6,0.295,20.58
UPI00443,Bengaluru,Android,Minimum,8,6-12m,17,5.8,91,761.79,1572.47,65003.51,0.91,0.113,67,24,4,0.0516,1,0.018,0.147,0.298,51,77,6.46,4.03,0.376,16226.22,0.437,23.32
UPI00444,Pune,Android,Minimum,34,2y+,16,3.38,78,630.24,1372.22,48911.3,0.602,0.385,42,38,1,0.0178,2,0.028,0.059,0.274,32,56,4.68,9.12,0.053,25118.97,0.265,7.59
UPI00445,Mumbai,Android,Minimum,23,1-2y,14,2.13,25,577.03,1661.75,12255.11,0.56,0.433,10,13,1,0.05,3,0.1273,0.172,0.404,46,69,6.18,31.91,0.371,7574.43,0.366,35.39
UPI00446,Bengaluru,Android,Full,7,6-12m,18,3.04,59,633.47,2331.1,31647.53,0.809,0.214,45,10,8,0.1411,3,0.0582,0.163,0.214,53,99,4.8,16.84,0.574,13333.89,0.346,40.69
UPI00447,Mumbai,Android,Premium,13,1-2y,22,7.86,157,236.03,668.25,38517.08,0.931,0.06,108,52,2,0.023,0,0.0009,0.152,0.24,44,58,5.37,2.57,0.473,24276.0,0.479,25.49
UPI00448,Delhi,iOS,Full,11,6-12m,18,4.87,86,1068.9,1972.25,97786.74,0.477,0.48,36,52,0,0.0011,3,0.039,0.079,0.233,34,43,3.78,5.89,0.194,57262.88,0.218,12.84
UPI00449,Delhi,Android,Minimum,27,2y+,24,5.6,122,62.76,159.36,8323.44,0.636,0.361,48,76,9,0.0873,1,0.0109,0.178,0.365,79,190,8.59,6.2,0.225,1524.92,0.435,38.1
UPI00450,Ahmedabad,iOS,Full,1,0-6m,24,6.96,160,114.1,274.53,21463.78,0.534,0.489,75,86,2,0.0202,4,0.0321,0.111,0.228,71,116,3.56,2.82,0.323,12013.27,0.306,30.39
UPI00451,Hyderabad,Android,Full,1,0-6m,29,6.75,204,218.27,469.81,48236.99,0.573,0.446,108,89,4,0.0226,2,0.0138,0.197,0.393,86,107,4.89,0.2,0.207,31314.5,0.387,27.53
UPI00452,Mumbai,Android,Minimum,25,2y+,25,2.18,22,1069.16,2969.13,22059.23,0.9,0.124,21,0,9,0.35,2,0.0938,0.132,0.206,60,101,5.52,30.73,0.503,5269.3,0.411,82.55
UPI00453,Delhi,iOS,Minimum,24,1-2y,19,3.57,51,798.4,2056.49,46808.17,0.695,0.314,30,22,3,0.0601,1,0.0287,0.083,0.39,39,73,3.19,12.0,0.303,31557.43,0.413,27.91
UPI00454,Delhi,Android,Premium,6,0-6m,17,5.28,93,4017.92,11809.01,308527.06,0.7,0.268,41,52,0,0.0148,2,0.0273,0.045,0.2,31,38,7.19,10.96,0.554,216540.93,0.312,25.61
UPI00455,Bengaluru,iOS,Full,19,1-2y,15,0.75,3,1525.89,3410.8,4422.21,0.589,0.401,0,3,0,0.0043,2,0.2,0.152,0.255,39,48,6.33,241.48,0.279,1839.17,0.369,40.11
UPI00456,Delhi,Android,Full,17,1-2y,5,1.11,10,311.08,998.46,3028.3,0.406,0.593,0,9,1,0.1037,0,0.0003,0.128,0.26,10,15,4.63,72.91,0.309,2222.4,0.265,29.34
UPI00457,Chennai,Android,Full,23,1-2y,7,0.8,2,548.22,1378.74,951.81,0.884,0.108,1,2,7,0.35,3,0.2,0.046,0.307,23,43,9.01,250,0.241,2471.81,0.443,84.5
UPI00458,Mumbai,Android,Minimum,25,2y+,20,4.81,64,703.23,1009.2,39179.31,0.687,0.322,30,27,3,0.0496,3,0.0535,0.05,0.348,53,69,3.75,10.22,0.295,10082.59,0.427,19.79
UPI00459,Kolkata,Android,Full,20,1-2y,2,0.73,3,35.5,77.99,111.4,0.528,0.407,2,0,1,0.3348,0,0.0088,0.086,0.402,2,3,4.6,236.6,0.603,908.83,0.315,74.52
UPI00460,Hyderabad,iOS,Full,29,2y+,16,7.07,118,134.6,275.99,17527.63,0.566,0.461,57,58,0,0.0144,1,0.0143,0.154,0.325,40,64,2.96,8.68,0.401,4071.55,0.335,23.42
UPI00461,Hyderabad,iOS,Minimum,26,2y+,23,4.7,140,910.9,2159.27,115895.51,0.835,0.17,111,25,5,0.0509,4,0.0367,0.108,0.418,45,92,5.84,3.8,0.615,48888.38,0.437,27.31
UPI00462,Pune,Android,Minimum,23,1-2y,25,6.28,165,213.2,546.49,39207.16,0.559,0.445,78,94,6,0.0389,1,0.0121,0.142,0.234,81,155,7.25,3.4,0.227,21067.11,0.337,12.45
UPI00463,Bengaluru,Android,Full,7,6-12m,10,2.85,22,2654.64,8861.32,50729.36,0.628,0.363,16,7,3,0.1402,0,0.0068,0.121,0.21,21,38,1.19,34.92,0.621,13168.0,0.395,35.57
UPI00464,Ahmedabad,Android,Full,26,2y+,26,11.84,315,177.11,577.28,53488.13,0.635,0.385,149,167,4,0.013,4,0.0151,0.072,0.258,71,150,4.17,7.22,0.509,11875.07,0.319,35.4
UPI00465,Delhi,Android,Minimum,14,1-2y,3,1.12,2,402.76,715.47,682.81,0.376,0.551,0,1,1,0.35,0,0.0016,0.139,0.496,10,15,4.97,250,0.05,50,0.318,87.33
UPI00466,Mumbai,iOS,Minimum,15,1-2y,15,4.94,67,40,140.57,2525.17,0.489,0.497,28,39,3,0.0566,1,0.0175,0.123,0.292,27,37,6.44,5.96,0.474,440.52,0.295,17.01
UPI00467,Delhi,Android,Full,9,6-12m,31,3.88,90,722.56,2078.02,72806.06,0.953,0.055,89,5,7,0.0809,1,0.012,0.111,0.392,73,138,5.79,9.76,0.481,10533.56,0.441,28.13
UPI00468,Ahmedabad,iOS,Minimum,15,1-2y,25,3.88,92,1963.44,8534.54,154793.48,0.344,0.581,15,73,7,0.0842,4,0.0519,0.44,0.516,77,192,2.04,9.63,0.691,92939.04,0.3,43.3
UPI00469,Kolkata,Android,Premium,28,2y+,26,4.73,84,166.19,276.36,15720.68,0.559,0.403,34,50,7,0.0891,1,0.0141,0.063,0.289,77,131,3.35,7.14,0.069,3274.2,0.269,30.05
UPI00470,Ahmedabad,Android,Full,2,0-6m,24,3.16,92,763.54,2185.83,67118.68,0.864,0.138,60,26,2,0.025,3,0.0412,0.042,0.257,65,87,5.9,7.38,0.383,6004.02,0.358,22.05
UPI00471,Hyderabad,Android,Full,20,1-2y,22,4.32,125,652.21,1758.49,70357.29,0.716,0.265,77,48,4,0.0442,2,0.0238,0.121,0.315,53,66,4.19,3.6,0.171,16127.4,0.374,24.36
UPI00472,Delhi,iOS,Full,24,1-2y,23,3.89,73,185.96,518.25,11225.7,0.572,0.437,35,36,2,0.043,2,0.0356,0.22,0.251,51,126,3.13,13.01,0.577,2210.71,0.362,21.81
UPI00473,Ahmedabad,iOS,Minimum,18,1-2y,20,6.75,132,847.61,1658.58,105757.11,0.941,0.054,108,22,3,0.0333,0,0.0064,0.164,0.233,48,92,5.46,5.47,0.271,59162.71,0.386,29.53
UPI00474,Chennai,iOS,Minimum,25,2y+,27,11.96,329,184.27,587.11,54352.59,0.666,0.297,205,123,4,0.0251,0,0.0025,0.052,0.393,93,221,1.95,7.8,0.575,38049.93,0.358,28.08
UPI00475,Mumbai,Android,Full,21,1-2y,22,5.71,106,3743.89,10303.34,366353.74,0.598,0.421,63,45,5,0.0582,1,0.0125,0.167,0.226,45,56,6.57,0.94,0.329,93621.26,0.312,27.7
UPI00476,Hyderabad,Android,Full,14,1-2y,26,6.58,169,1036.16,2759.96,171907.31,0.794,0.21,138,29,10,0.0643,4,0.0323,0.052,0.249,71,118,4.04,2.56,0.153,56035.63,0.41,30.22
UPI00477,Kolkata,iOS,Premium,40,2y+,23,7.65,173,155.97,373.56,27830.39,0.671,0.3,110,63,0,0.0109,1,0.0093,0.196,0.306,72,165,5.39,7.63,0.463,14809.87,0.36,27.05
UPI00478,Ahmedabad,Android,Full,11,6-12m,12,4.18,37,277.42,720.5,10530.11,0.934,0.049,32,7,5,0.1486,1,0.0297,0.11,0.212,30,50,5.18,18.15,0.375,6171.45,0.393,37.09
UPI00479,Pune,Android,Full,23,1-2y,5,0.49,7,600.6,1918.09,3888.61,0.52,0.511,0,7,1,0.1531,2,0.2,0.105,0.41,11,17,3.5,100.22,0.354,3290.97,0.373,63.81
UPI00480,Bengaluru,Android,Premium,35,2y+,5,1.39,1,208.63,642.24,192.14,0.435,0.587,1,0,0,0.0038,0,0.0027,0.025,0.295,5,8,4.14,250,0.491,50,0.225,8.42
UPI00481,Hyderabad,Android,Full,11,6-12m,14,16.97,232,1462.34,3309.64,312398.22,0.398,0.612,87,144,18,0.0955,5,0.0301,0.565,0.347,66,136,4.31,3.83,0.618,88085.39,0.347,83.08
UPI00482,Pune,Android,Full,2,0-6m,18,4.13,62,634.55,1842.0,34765.2,0.71,0.288,26,30,4,0.0728,0,0.0058,0.149,0.36,48,54,6.32,10.32,0.332,16860.88,0.431,28.43
UPI00483,Mumbai,iOS,Minimum,10,6-12m,29,6.07,195,178.83,521.33,33243.54,0.51,0.44,69,127,5,0.0339,2,0.019,0.205,0.397,83,101,7.02,5.79,0.439,2958.07,0.397,24.34
UPI00484,Kolkata,Android,Minimum,17,1-2y,22,3.22,66,2721.34,3276.39,174216.04,0.737,0.317,31,37,1,0.0181,2,0.0325,0.058,0.246,49,69,3.18,9.27,0.264,72517.1,0.433,17.15
UPI00485,Mumbai,iOS,Full,26,2y+,21,4.49,93,733.22,2385.25,61529.29,0.538,0.444,47,47,4,0.0514,2,0.0275,0.09,0.24,36,51,6.37,8.6,0.322,43847.86,0.251,33.89
UPI00486,Ahmedabad,Android,Full,10,6-12m,6,9.29,47,1770.69,3826.23,85633.92,0.594,0.377,20,27,21,0.35,8,0.1711,0.549,0.699,33,65,3.09,12.39,0.473,61138.91,0.376,99.16
UPI00487,Chennai,iOS,Minimum,1,0-6m,28,4.91,121,764.56,2073.68,77608.64,0.65,0.344,59,64,2,0.0242,2,0.022,0.148,0.277,52,64,1.89,7.15,0.367,58459.89,0.283,20.11
UPI00488,Pune,Android,Full,4,0-6m,9,0.85,2,476.13,1144.4,868.27,0.598,0.395,2,0,2,0.35,0,0.005,0.113,0.44,15,16,3.38,250,0.334,50,0.307,94.3
UPI00489,Chennai,Android,Full,4,0-6m,25,4.29,103,207.22,653.47,22534.69,0.488,0.472,51,54,5,0.0519,1,0.0169,0.095,0.236,84,127,5.31,3.94,0.545,4750.67,0.277,32.84
UPI00490,Delhi,iOS,Premium,18,1-2y,12,12.17,151,40,169.32,5822.16,0.299,0.778,36,117,23,0.1626,6,0.0488,0.702,0.692,40,116,7.38,0.2,0.503,1644.29,0.361,89.3
UPI00491,Pune,Android,Full,5,0-6m,12,9.7,127,1522.34,4622.94,158589.86,0.448,0.528,38,92,17,0.1452,5,0.0445,0.364,0.301,35,73,8.47,7.35,0.565,26664.17,0.35,71.5
UPI00492,Mumbai,Android,Full,19,1-2y,25,6.37,183,209.81,479.27,32672.09,0.503,0.45,62,128,3,0.0173,2,0.0116,0.2,0.359,66,128,5.88,2.61,0.355,9858.14,0.367,28.71
UPI00493,Hyderabad,iOS,Full,39,2y+,12,3.73,48,1611.62,5050.43,84543.49,0.783,0.21,24,24,4,0.0852,0,0.0069,0.142,0.23,24,35,2.31,12.66,0.268,46425.02,0.457,22.01
UPI00494,Bengaluru,iOS,Full,23,1-2y,23,6.04,154,581.91,1735.17,103931.72,0.485,0.56,65,89,3,0.0245,4,0.0286,0.082,0.21,39,48,3.87,0.2,0.289,51490.43,0.344,32.96
UPI00495,Chennai,Android,Premium,23,1-2y,8,0.72,1,567.73,1384.83,491.07,0.362,0.713,1,0,2,0.35,0,0.0001,0.121,0.495,14,21,1.2,250,0.201,523.05,0.225,85.56
UPI00496,Kolkata,Android,Full,25,2y+,26,2.65,100,4661.15,13109.02,474716.64,0.702,0.355,53,43,2,0.0349,2,0.0275,0.13,0.186,54,88,4.32,4.56,0.353,274134.95,0.405,21.2
UPI00497,Chennai,Android,Minimum,8,6-12m,20,2.62,37,485.47,1297.77,15081.08,0.557,0.431,24,12,6,0.1754,1,0.0292,0.098,0.223,30,52,5.9,19.08,0.61,10068.32,0.281,51.0
UPI00498,Bengaluru,iOS,Full,18,1-2y,7,1.15,4,466.1,1403.87,2139.5,0.443,0.604,0,0,1,0.2535,0,0.0079,0.042,0.348,8,12,3.33,185.51,0.503,50,0.295,55.83
UPI00499,Delhi,Android,Full,26,2y+,17,1.74,40,577.28,1800.15,23609.31,0.528,0.522,20,17,4,0.1085,1,0.0345,0.141,0.341,42,63,6.53,17.15,0.644,8580.8,0.262,45.21
UPI00500,Delhi,Android,Premium,9,6-12m,19,2.02,38,837.5,2869.49,29289.86,0.931,0.081,25,15,3,0.0856,0,0.0084,0.114,0.332,53,69,3.2,22.59,0.561,18307.5,0.485,24.46
UPI00501,Bengaluru,iOS,Full,19,1-2y,1,1.29,1,82.91,285.65,100,0.626,0.325,1,0,1,0.35,0,0.0032,0.021,0.409,4,5,6.11,250,0.562,50,0.328,72.74
UPI00502,Bengaluru,Android,Full,30,2y+,31,3.78,135,276.39,922.64,30933.88,0.505,0.517,66,60,11,0.0822,0,0.0031,0.186,0.318,107,180,5.44,11.21,0.407,19248.5,0.325,24.28
UPI00503,Delhi,iOS,Full,6,0-6m,24,4.04,107,42.47,81.51,4119.01,0.653,0.361,72,32,4,0.051,0,0.004,0.187,0.259,46,113,6.67,9.12,0.319,815.24,0.361,28.29
UPI00504,Pune,Android,Minimum,16,1-2y,21,4.06,98,976.61,2297.86,101396.78,0.859,0.132,87,12,6,0.063,2,0.03,0.062,0.301,43,55,6.19,4.18,0.14,61932.5,0.432,22.07
UPI00505,Bengaluru,Android,Full,15,1-2y,5,15.44,83,944.74,3244.41,78083.58,0.264,0.626,24,63,27,0.329,0,0.0054,0.359,0.504,18,45,9.85,5.69,0.688,7525.68,0.301,100
UPI00506,Hyderabad,iOS,Full,13,1-2y,21,3.87,57,206.4,703.8,13563.68,0.479,0.525,27,27,4,0.0794,1,0.0189,0.069,0.35,34,60,5.42,15.86,0.594,3348.92,0.265,34.8
UPI00507,Bengaluru,Android,Premium,1,0-6m,19,7.78,159,177.28,356.08,28426.05,0.702,0.315,102,55,2,0.0141,3,0.0226,0.12,0.309,47,64,3.37,2.29,0.213,4429.44,0.444,33.88
UPI00508,Kolkata,iOS,Minimum,25,2y+,27,3.01,86,1044.72,3095.59,82099.12,0.954,0.043,63,18,5,0.0633,4,0.0561,0.137,0.265,87,110,8.33,3.6,0.487,52779.38,0.415,32.21
UPI00509,Kolkata,Android,Full,12,6-12m,16,4.3,64,1067.4,3275.29,60896.56,0.825,0.17,38,30,6,0.0988,0,0.0058,0.051,0.378,50,95,8.22,9.06,0.292,30426.38,0.501,29.88
UPI00510,Chennai,Android,Minimum,26,2y+,21,8.65,205,76.19,151.64,13929.16,0.569,0.468,89,112,0,0.0105,1,0.0141,0.22,0.334,64,118,5.78,0.2,0.05,5552.1,0.292,22.4
UPI00511,Chennai,Android,Full,24,1-2y,21,3.81,91,1146.77,3276.18,98092.27,0.661,0.304,50,43,4,0.0564,0,0.0005,0.05,0.306,54,68,3.63,8.2,0.367,37847.64,0.35,19.7
UPI00512,Pune,Android,Minimum,20,1-2y,22,3.3,79,273.2,572.81,23228.47,0.537,0.424,43,35,4,0.0517,1,0.0159,0.118,0.28,52,91,5.26,10.96,0.244,12203.34,0.294,16.29
UPI00513,Mumbai,iOS,Full,35,2y+,5,11.09,58,1113.68,3750.78,57714.21,0.446,0.513,27,31,14,0.2533,3,0.052,0.344,0.486,16,39,4.83,19.24,0.603,22477.75,0.33,82.47
UPI00514,Mumbai,iOS,Minimum,16,1-2y,22,5.18,100,265.09,639.79,28837.61,0.501,0.491,45,58,0,0.0013,3,0.0357,0.201,0.251,51,99,6.16,8.19,0.223,11598.24,0.342,26.28
UPI00515,Hyderabad,Android,Minimum,30,2y+,2,9.7,20,1993.8,6110.77,46202.66,0.291,0.639,8,15,7,0.35,5,0.2,0.292,0.36,14,31,5.02,35.35,0.612,17758.52,0.169,98.23
UPI00516,Delhi,iOS,Full,20,1-2y,9,0.61,1,578.06,1808.81,610.14,0.562,0.469,0,1,0,0.0066,0,0.0019,0.049,0.304,17,30,3.99,250,0.324,50,0.376,3.81
UPI00517,Mumbai,Android,Premium,14,1-2y,17,8.33,126,97.68,230.74,10944.59,0.643,0.312,53,73,2,0.026,2,0.0177,0.207,0.347,45,72,5.61,5.79,0.397,8840.83,0.379,22.53
UPI00518,Delhi,Android,Full,26,2y+,29,3.47,117,319.95,835.91,35459.26,0.661,0.338,69,46,8,0.0791,1,0.0157,0.077,0.398,85,197,6.6,4.75,0.234,8681.56,0.392,33.95
UPI00519,Delhi,Android,Full,14,1-2y,29,7.83,238,173.77,397.26,45397.31,0.64,0.373,133,107,3,0.0177,0,0.0094,0.072,0.262,97,143,7.1,5.94,0.248,31685.5,0.394,15.92
UPI00520,Pune,Android,Full,36,2y+,20,1.59,47,2962.62,9892.91,162594.1,0.66,0.357,22,22,3,0.064,1,0.0241,0.069,0.339,33,44,6.99,13.25,0.374,117506.87,0.338,23.28
UPI00521,Hyderabad,Android,Minimum,29,2y+,21,3.39,78,338.53,842.96,25687.67,0.626,0.396,30,45,3,0.0512,1,0.0194,0.064,0.293,56,86,6.88,8.91,0.34,17249.36,0.288,29.97
UPI00522,Mumbai,Android,Minimum,7,6-12m,17,5.53,80,709.75,1931.37,50832.4,0.831,0.193,67,13,2,0.0352,5,0.0724,0.102,0.319,47,84,4.71,8.87,0.234,25492.27,0.425,25.13
UPI00523,Mumbai,Android,Full,32,2y+,10,1.38,1,607.76,1676.72,557.68,0.388,0.566,1,0,1,0.35,0,0.0063,0.138,0.304,19,25,2.61,250,0.245,50,0.227,78.79
UPI00524,Chennai,iOS,Minimum,21,1-2y,14,4.98,55,1052.12,2180.11,60200.17,0.546,0.484,22,33,2,0.051,2,0.0418,0.048,0.217,31,47,6.33,11.01,0.199,39356.69,0.34,37.79
UPI00525,Bengaluru,Android,Full,15,1-2y,24,3.25,113,526.02,1200.81,68477.22,0.486,0.465,42,69,4,0.036,1,0.0183,0.156,0.252,43,84,4.7,4.46,0.05,31857.7,0.229,23.17
UPI00526,Delhi,Android,Premium,11,6-12m,22,5.57,130,856.86,1817.33,108605.66,0.849,0.124,83,49,5,0.0535,5,0.0392,0.118,0.234,47,83,5.45,2.51,0.332,43333.04,0.386,33.26
UPI00527,Kolkata,Android,Full,19,1-2y,17,3.47,54,2380.81,7447.56,133505.85,0.805,0.16,31,21,1,0.0333,1,0.0236,0.106,0.367,39,62,3.59,13.24,0.356,79167.29,0.483,20.91
UPI00528,Mumbai,Android,Premium,6,0-6m,23,7.9,187,314.62,1071.93,56345.64,0.528,0.511,89,100,6,0.0463,1,0.0075,0.05,0.318,86,212,7.94,7.75,0.346,39134.52,0.325,37.64
UPI00529,Pune,Android,Full,5,0-6m,15,6.2,114,852.88,1857.98,105543.47,0.892,0.125,103,8,4,0.049,0,0.0069,0.061,0.202,56,112,6.83,9.85,0.19,64435.26,0.471,21.62
UPI00530,Pune,iOS,Full,23,1-2y,25,9.39,239,152.58,233.54,39759.93,0.667,0.349,121,120,0,0.0044,0,0.0054,0.216,0.311,61,96,5.16,6.62,0.05,21337.43,0.346,20.48
UPI00531,Mumbai,Android,Premium,18,1-2y,19,2.42,51,557.78,1509.47,23780.6,0.585,0.423,24,30,3,0.0599,0,0.0014,0.152,0.333,43,71,3.81,14.45,0.325,12543.51,0.38,26.32
UPI00532,Hyderabad,Android,Premium,21,1-2y,27,3.47,133,928.78,2381.2,122888.04,0.635,0.368,66,68,7,0.0588,2,0.0161,0.129,0.34,71,99,6.21,5.18,0.306,94479.2,0.401,29.43
UPI00533,Mumbai,iOS,Full,15,1-2y,20,3.86,96,2704.08,6837.22,274588.94,0.756,0.243,79,13,6,0.072,2,0.0219,0.061,0.209,29,48,6.22,7.11,0.266,34979.68,0.322,22.69
UPI00534,Chennai,Android,Minimum,22,1-2y,11,5.01,49,939.12,3557.8,41734.55,0.528,0.488,15,33,5,0.1124,0,0.0029,0.129,0.395,24,38,8.41,10.45,0.498,22560.08,0.383,35.58
UPI00535,Ahmedabad,iOS,Premium,4,0-6m,22,2.81,54,198.92,330.78,8818.31,0.584,0.401,16,37,3,0.069,2,0.0433,0.068,0.385,89,156,3.68,13.48,0.349,5345.83,0.399,36.28
UPI00536,Hyderabad,iOS,Full,34,2y+,24,5.63,119,996.36,3414.9,107735.97,0.785,0.218,58,60,3,0.0365,1,0.0109,0.117,0.296,59,85,2.63,5.04,0.374,74200.85,0.329,19.54
UPI00537,Delhi,Android,Full,17,1-2y,22,3.56,66,990.38,2152.87,67588.29,0.815,0.203,50,18,7,0.1105,3,0.046,0.066,0.275,59,119,2.92,7.69,0.183,33296.24,0.349,31.64
UPI00538,Kolkata,Android,Full,19,1-2y,17,3.87,60,595.64,1299.95,39366.99,0.701,0.33,24,30,4,0.0816,1,0.0175,0.046,0.373,48,93,2.72,12.66,0.18,14247.75,0.395,33.73
UPI00539,Kolkata,Android,Full,30,2y+,22,6.42,143,233.05,689.17,38086.36,0.615,0.385,73,67,4,0.0363,2,0.0147,0.216,0.258,74,173,4.84,5.03,0.226,7756.84,0.347,33.22
UPI00540,Kolkata,Android,Full,36,2y+,27,5.85,172,575.82,1340.58,100944.94,0.716,0.317,106,69,2,0.0264,1,0.0121,0.089,0.358,66,128,1.79,7.87,0.482,61676.05,0.364,9.17
UPI00541,Hyderabad,Android,Minimum,10,6-12m,21,7.12,151,133.88,417.2,22712.48,0.7,0.252,85,69,6,0.0487,3,0.0201,0.148,0.265,41,57,5.67,3.61,0.335,7514.94,0.421,37.58
UPI00542,Delhi,Android,Full,14,1-2y,10,1.41,15,413.54,932.25,6674.09,0.305,0.718,0,15,1,0.0798,0,0.0033,0.092,0.429,9,11,3.47,49.06,0.118,2896.62,0.329,29.84
UPI00543,Mumbai,Android,Full,22,1-2y,25,4.12,115,1140.52,2793.95,139055.65,0.78,0.22,76,34,5,0.0565,0,0.0098,0.098,0.224,46,95,6.56,10.06,0.323,83279.23,0.433,25.93
UPI00544,Hyderabad,Android,Full,19,1-2y,17,4.45,86,932.57,1672.6,80818.6,0.894,0.115,50,35,6,0.0768,2,0.0328,0.185,0.418,29,38,9.58,10.81,0.306,45237.98,0.498,33.44
UPI00545,Delhi,Android,Full,18,1-2y,14,3.1,45,479.92,1654.34,19693.06,0.588,0.422,28,15,3,0.0711,2,0.0506,0.119,0.364,24,29,4.7,13.53,0.291,7362.4,0.33,41.69
UPI00546,Mumbai,Android,Minimum,28,2y+,24,4.99,142,376.49,1042.64,56724.31,0.819,0.167,94,48,5,0.0489,1,0.0146,0.136,0.366,39,57,4.94,4.28,0.368,18162.9,0.401,22.3
UPI00547,Mumbai,Android,Minimum,18,1-2y,13,3.32,50,449.66,961.81,24258.5,0.461,0.541,17,35,7,0.1518,2,0.0483,0.063,0.285,32,46,6.41,12.52,0.203,14503.89,0.252,36.42
UPI00548,Ahmedabad,Android,Premium,21,1-2y,16,1.72,21,3292.89,7322.32,65964.94,0.763,0.269,18,2,6,0.2878,0,0.0002,0.105,0.186,28,47,4.41,32.41,0.418,17621.46,0.391,53.94
UPI00549,Chennai,iOS,Full,25,2y+,25,6.93,179,184.99,582.96,35509.32,0.686,0.319,84,91,9,0.0594,0,0.0086,0.169,0.377,59,118,2.64,0.2,0.547,19903.11,0.358,27.8
UPI00550,Bengaluru,iOS,Full,24,1-2y,22,3.41,63,111.89,273.08,7508.18,0.527,0.486,19,41,5,0.0912,2,0.0387,0.164,0.253,50,116,5.58,13.46,0.37,2178.21,0.29,29.56
UPI00551,Bengaluru,iOS,Full,20,1-2y,15,5.1,85,427.29,1329.04,41545.18,0.551,0.478,33,55,0,0.0108,0,0.0068,0.053,0.301,49,96,6.42,15.49,0.325,31416.4,0.325,22.84
UPI00552,Kolkata,Android,Full,26,2y+,21,3.96,102,3132.97,9285.46,363959.39,0.562,0.468,51,50,2,0.0209,2,0.0202,0.094,0.258,37,48,5.99,6.54,0.368,77339.61,0.32,19.76
UPI00553,Mumbai,Android,Minimum,6,0-6m,11,12.36,133,2483.89,7314.49,306211.69,0.303,0.603,24,107,13,0.1149,3,0.0274,0.529,0.445,25,63,4.66,2.37,0.488,133921.42,0.193,76.0
UPI00554,Delhi,Android,Full,20,1-2y,15,4.34,65,303.44,936.41,20478.58,0.824,0.16,30,36,0,0.0106,4,0.0665,0.102,0.22,39,62,5.43,10.68,0.359,9705.39,0.351,14.42
UPI00555,Hyderabad,Android,Full,24,1-2y,21,5.43,159,753.69,2902.47,123159.55,0.472,0.568,72,88,5,0.0334,1,0.0155,0.073,0.208,62,81,3.46,5.68,0.59,69875.58,0.226,26.49
UPI00556,Pune,iOS,Full,15,1-2y,23,3.37,51,449.06,814.28,19544.81,0.62,0.403,32,17,6,0.1255,0,0.0012,0.089,0.35,56,72,6.41,14.08,0.194,1732.2,0.329,37.54
UPI00557,Hyderabad,Android,Minimum,17,1-2y,15,9.02,130,464.67,1300.14,59568.92,0.836,0.174,97,32,0,0.0013,0,0.0015,0.106,0.318,39,68,2.3,3.63,0.306,26340.98,0.499,14.84
UPI00558,Pune,Android,Full,4,0-6m,21,3.43,92,661.19,845.2,58843.75,0.616,0.385,52,36,3,0.0465,2,0.0292,0.179,0.312,49,72,5.05,7.62,0.11,34640.56,0.345,20.74
UPI00559,Bengaluru,Android,Full,1,0-6m,2,0.56,1,251.43,666.23,239.47,0.462,0.46,1,0,0,0.0005,0,0.0022,0.135,0.289,2,3,1.46,250,0.276,94.42,0.247,27.96
UPI00560,Hyderabad,Android,Premium,6,0-6m,16,10.06,168,950.5,3033.54,156098.78,0.257,0.634,27,142,17,0.1119,7,0.0494,0.638,0.305,68,179,4.26,2.79,0.67,16290.51,0.276,73.89
UPI00561,Hyderabad,Android,Premium,15,1-2y,9,0.91,12,226.64,425.07,3105.89,0.471,0.577,5,3,0,0.001,0,0.0024,0.143,0.242,14,15,5.76,62.08,0.267,50,0.228,19.02
UPI00562,Hyderabad,Android,Premium,38,2y+,16,4.23,47,123.19,298.03,6503.89,0.677,0.333,23,18,0,0.0097,1,0.0285,0.086,0.287,31,50,5.95,14.76,0.236,1820.94,0.34,23.53
UPI00563,Ahmedabad,iOS,Minimum,19,1-2y,21,9.86,217,164.45,339.45,41587.0,0.583,0.396,105,113,8,0.0489,0,0.0031,0.053,0.277,62,93,8.0,3.02,0.332,21096.36,0.386,26.19
UPI00564,Pune,Android,Full,13,1-2y,23,3.04,57,721.66,1656.26,40369.69,0.518,0.519,34,22,4,0.0794,3,0.0544,0.168,0.285,55,76,4.58,7.12,0.374,10448.73,0.359,45.43
UPI00565,Ahmedabad,Android,Premium,14,1-2y,23,5.93,121,964.87,3252.54,96390.77,0.871,0.12,84,37,2,0.0304,4,0.0362,0.163,0.254,69,84,5.36,7.15,0.312,54333.79,0.351,15.92
UPI00566,Pune,Android,Full,6,0-6m,8,6.12,47,370.04,1050.44,18238.38,0.805,0.192,40,1,5,0.1153,5,0.1082,0.178,0.399,33,63,3.57,15.27,0.543,6982.67,0.369,36.7
UPI00567,Hyderabad,Android,Minimum,28,2y+,14,7.38,108,816.0,2400.64,73009.05,0.341,0.627,31,76,2,0.0393,8,0.0777,0.649,0.348,47,128,7.81,8.02,0.41,19475.95,0.277,58.05
UPI00568,Mumbai,Android,Premium,1,0-6m,15,3.79,41,226.44,632.79,8675.68,0.651,0.301,25,12,2,0.0627,0,0.0068,0.042,0.311,37,68,4.64,25.15,0.147,7728.18,0.311,26.43
UPI00569,Bengaluru,iOS,Full,11,6-12m,3,0.05,1,322.98,1042.2,268.85,0.406,0.606,1,0,0,0.0133,1,0.2,0.054,0.387,4,4,4.3,250,0.391,741.21,0.279,36.59
UPI00570,Chennai,Android,Minimum,18,1-2y,18,5.88,84,1002.71,2187.23,87702.42,0.476,0.51,27,55,3,0.0364,2,0.0251,0.085,0.374,48,85,2.69,10.87,0.271,59587.44,0.253,21.37
UPI00571,Ahmedabad,iOS,Premium,14,1-2y,24,4.54,126,68.44,178.96,9619.23,0.542,0.421,47,77,5,0.0545,1,0.014,0.096,0.381,114,170,5.43,9.54,0.419,3349.32,0.378,20.69
UPI00572,Chennai,iOS,Full,28,2y+,2,4.17,9,2565.74,6289.69,24998.04,0.204,0.692,1,9,30,0.35,14,0.2,0.49,0.469,10,20,13.93,80.75,0.635,15584.95,0.278,100
UPI00573,Kolkata,iOS,Full,13,1-2y,27,7.73,201,208.36,441.55,41476.11,0.588,0.405,70,130,10,0.0518,2,0.0118,0.217,0.259,104,184,5.33,4.16,0.192,22264.44,0.301,41.16
UPI00574,Chennai,Android,Full,28,2y+,24,6.68,165,193.7,474.96,33512.35,0.516,0.438,49,115,4,0.0328,3,0.027,0.138,0.305,80,102,5.6,1.83,0.459,20099.33,0.377,35.53
UPI00575,Delhi,Android,Full,21,1-2y,9,1.87,23,640.03,1569.29,17182.11,0.607,0.326,13,14,2,0.1006,0,0.0033,0.057,0.394,12,14,3.68,30.12,0.444,8664.91,0.433,34.14
UPI00576,Pune,Android,Premium,44,2y+,5,13.15,70,817.31,2194.46,55073.51,0.376,0.741,30,40,18,0.2755,1,0.019,0.456,0.6,20,41,5.68,8.42,0.488,23348.97,0.273,99.99
UPI00577,Chennai,Android,Full,21,1-2y,18,4.49,64,2953.1,8338.62,160249.32,0.634,0.35,22,39,2,0.0394,1,0.0217,0.171,0.339,36,53,3.71,14.43,0.261,63247.87,0.388,30.08
UPI00578,Pune,Android,Full,18,1-2y,17,5.51,95,159.88,403.64,14538.49,0.66,0.326,45,56,0,0.015,0,0.0085,0.155,0.391,44,67,6.19,11.73,0.197,4607.01,0.377,33.9
UPI00579,Ahmedabad,Android,Minimum,14,1-2y,21,9.52,222,192.86,510.77,44994.06,0.579,0.38,101,119,0,0.0059,0,0.0077,0.166,0.385,44,57,10.97,7.69,0.225,18292.99,0.403,20.8
UPI00580,Bengaluru,iOS,Minimum,19,1-2y,1,1.09,1,541.1,1608.21,570.8,0.477,0.448,1,1,1,0.35,2,0.2,0.045,0.239,2,3,2.37,250,0.568,50,0.321,82.65
UPI00581,Delhi,Android,Full,22,1-2y,29,4.21,132,873.83,2466.95,100521.45,0.633,0.365,65,64,1,0.0115,2,0.0224,0.172,0.313,52,72,4.51,2.7,0.357,44578.81,0.37,27.53
UPI00582,Mumbai,Android,Minimum,20,1-2y,3,1.56,4,20,59.13,100,0.413,0.593,1,4,0,0.0121,0,0.0011,0.076,0.266,5,5,5.22,183.22,0.478,50,0.226,20.18
UPI00583,Mumbai,Android,Full,12,6-12m,12,3.89,32,946.4,1243.47,28786.71,0.847,0.129,21,16,3,0.1065,1,0.0383,0.11,0.404,29,60,4.04,26.23,0.197,18132.02,0.432,40.92
UPI00584,Hyderabad,Android,Minimum,19,1-2y,25,5.03,141,621.53,1497.72,77302.83,0.518,0.486,76,66,6,0.0443,2,0.0159,0.076,0.394,72,133,7.84,8.3,0.266,42829.23,0.379,37.75
UPI00585,Ahmedabad,Android,Premium,39,2y+,17,9.71,153,165.11,506.01,25940.96,0.562,0.463,76,76,1,0.0216,4,0.03,0.193,0.256,66,86,9.4,8.23,0.323,11170.01,0.266,42.49
UPI00586,Ahmedabad,Android,Minimum,14,1-2y,26,4.41,100,733.73,1985.88,61190.18,0.498,0.501,33,70,6,0.0741,2,0.0279,0.074,0.377,50,74,6.03,8.95,0.429,5837.92,0.279,25.64
UPI00587,Mumbai,iOS,Full,17,1-2y,24,5.35,146,243.89,621.79,30177.07,0.5,0.518,66,85,1,0.0151,0,0.0075,0.074,0.238,79,114,5.56,7.73,0.215,2193.33,0.327,24.42
UPI00588,Ahmedabad,Android,Full,37,2y+,4,0.69,1,611.82,1699.79,506.62,0.6,0.355,0,0,1,0.35,0,0.003,0.109,0.475,4,4,3.63,250,0.624,1730.83,0.373,71.09
UPI00589,Kolkata,Android,Full,35,2y+,25,8.28,190,165.59,554.02,34941.86,0.697,0.336,110,78,9,0.048,0,0.0043,0.16,0.363,88,154,6.87,5.45,0.417,13037.77,0.318,37.93
UPI00590,Mumbai,Android,Premium,35,2y+,7,0.37,1,568.65,1530.86,543.24,0.326,0.748,0,0,2,0.35,0,0.0065,0.107,0.48,15,23,4.18,250,0.325,50,0.205,71.14
UPI00591,Ahmedabad,iOS,Full,11,6-12m,17,2.24,15,2013.36,5583.97,33938.81,0.751,0.301,5,9,0,0.0052,0,0.0034,0.138,0.223,30,55,4.32,50.06,0.507,6667.0,0.381,14.46
UPI00592,Mumbai,iOS,Full,2,0-6m,28,3.07,97,1376.75,3869.28,123939.33,0.838,0.177,44,51,5,0.0618,2,0.0259,0.144,0.422,81,158,3.32,3.88,0.318,67338.85,0.478,27.57
UPI00593,Ahmedabad,Android,Full,28,2y+,21,4.79,91,1022.78,1589.83,98842.78,0.868,0.139,77,15,2,0.0265,3,0.0417,0.065,0.376,45,78,5.14,14.72,0.194,31206.69,0.445,10.18
UPI00594,Chennai,Android,Full,9,6-12m,21,3.03,63,40,88.32,2917.8,0.556,0.434,31,30,3,0.0619,0,0.0056,0.144,0.25,49,89,7.74,13.16,0.292,3860.67,0.323,24.12
UPI00595,Chennai,Android,Full,18,1-2y,6,0.8,1,20,47.5,100,0.538,0.441,0,1,2,0.35,0,0.0003,0.033,0.37,5,7,0.95,250,0.389,50,0.339,67.51
UPI00596,Delhi,Android,Full,17,1-2y,23,4.29,102,198.58,662.02,22110.1,0.655,0.376,62,35,4,0.0435,2,0.0267,0.207,0.361,86,211,5.11,6.98,0.439,10162.4,0.424,19.6
UPI00597,Bengaluru,Android,Full,22,1-2y,18,5.93,101,784.25,1546.42,70180.85,0.84,0.157,55,46,4,0.0424,5,0.0589,0.103,0.343,42,77,5.71,4.32,0.295,20014.88,0.453,38.53
UPI00598,Mumbai,iOS,Full,7,6-12m,28,7.07,226,70.59,241.41,16618.25,0.712,0.302,121,101,6,0.028,3,0.0203,0.072,0.319,60,85,5.46,1.8,0.535,10539.98,0.326,27.64
UPI00599,Bengaluru,Android,Premium,27,2y+,6,3.82,21,2710.72,8887.03,51179.17,0.748,0.271,16,3,4,0.1985,0,0.0034,0.089,0.261,10,16,5.02,40.31,0.514,16296.42,0.398,55.29
UPI00600,Bengaluru,Android,Full,1,0-6m,27,3.38,117,807.85,2036.02,86641.02,0.805,0.156,89,27,5,0.0439,1,0.01,0.108,0.232,42,69,6.81,5.0,0.233,38651.33,0.471,20.81
UPI00601,Kolkata,iOS,Premium,2,0-6m,25,5.16,122,787.61,2430.36,100865.87,0.623,0.417,45,79,6,0.0498,2,0.0225,0.06,0.203,65,72,3.44,5.33,0.514,22848.82,0.341,28.23
UPI00602,Mumbai,iOS,Full,11,6-12m,23,7.14,152,154.85,450.47,20878.93,0.492,0.544,76,75,5,0.034,0,0.0052,0.116,0.376,73,131,4.35,3.92,0.437,9925.01,0.277,28.24
UPI00603,Hyderabad,iOS,Premium,21,1-2y,1,1.44,1,411.91,1135.2,378.07,0.4,0.624,0,0,2,0.35,2,0.2,0.027,0.395,5,6,5.81,250,0.281,567.95,0.275,97.14
UPI00604,Pune,Android,Full,22,1-2y,23,5.05,61,222.68,723.83,13231.15,0.709,0.339,38,20,2,0.0367,2,0.036,0.122,0.24,87,121,5.65,9.94,0.446,8451.15,0.326,25.36
UPI00605,Chennai,Android,Full,12,6-12m,19,5.33,138,1094.79,3058.03,171285.95,0.842,0.176,77,61,4,0.0385,1,0.017,0.08,0.308,44,86,7.98,8.2,0.389,126032.89,0.382,25.03
UPI00606,Ahmedabad,Android,Minimum,8,6-12m,7,0.92,6,461.69,1380.09,3181.99,0.356,0.618,2,4,0,0.0115,0,0.0036,0.073,0.414,3,4,1.98,122.38,0.407,3183.15,0.215,14.43
UPI00607,Hyderabad,Android,Full,7,6-12m,27,6.36,142,121.3,437.88,18227.75,0.491,0.464,37,105,4,0.0318,1,0.01,0.1,0.286,98,201,3.61,3.19,0.592,14609.22,0.3,18.87
UPI00608,Hyderabad,iOS,Full,23,1-2y,19,2.36,46,2715.92,6451.81,134332.21,0.819,0.221,25,18,4,0.0984,2,0.0481,0.142,0.276,32,41,4.11,16.04,0.342,80548.38,0.454,32.64
UPI00609,Ahmedabad,iOS,Full,18,1-2y,9,1.2,26,433.47,1211.52,12242.84,0.452,0.524,13,16,2,0.0796,0,0.0094,0.079,0.206,5,6,4.04,28.26,0.438,4824.19,0.27,21.63
UPI00610,Ahmedabad,Android,Minimum,17,1-2y,19,2.95,39,5120.82,10799.19,165342.16,0.558,0.444,19,14,3,0.0774,2,0.0556,0.051,0.188,50,70,5.32,19.74,0.218,88193.91,0.249,35.87
UPI00611,Delhi,iOS,Full,12,6-12m,21,4.07,106,475.12,1121.05,57861.52,0.849,0.159,84,24,5,0.0546,0,0.0045,0.081,0.404,52,86,6.84,5.45,0.412,30172.13,0.488,11.14
UPI00612,Delhi,Android,Full,11,6-12m,30,8.74,284,238.74,540.87,64944.43,0.575,0.459,171,117,7,0.0355,0,0.001,0.191,0.389,108,194,6.85,3.11,0.13,48334.59,0.329,26.85
UPI00613,Kolkata,Android,Full,28,2y+,11,3.31,26,1167.04,3450.02,32954.21,0.485,0.535,11,15,4,0.1673,1,0.041,0.069,0.249,25,40,5.55,26.7,0.473,21208.01,0.352,50.27
UPI00614,Delhi,iOS,Full,9,6-12m,18,7.73,132,83.12,266.9,9971.86,0.529,0.486,50,79,2,0.0283,1,0.0143,0.124,0.378,67,150,8.08,5.06,0.301,6049.65,0.297,24.5
UPI00615,Pune,Android,Minimum,7,6-12m,16,6.38,96,879.67,2316.66,95849.08,0.95,0.056,69,29,2,0.0298,2,0.0295,0.059,0.383,53,103,3.12,5.19,0.335,54763.36,0.503,18.88
UPI00616,Bengaluru,iOS,Minimum,23,1-2y,26,10.05,260,89.86,278.46,25585.4,0.64,0.408,113,148,2,0.0201,0,0.0056,0.056,0.253,89,199,5.34,4.86,0.274,17485.34,0.278,15.0
UPI00617,Pune,Android,Full,14,1-2y,5,1.29,2,540.99,1587.99,1135.5,0.341,0.661,2,0,1,0.35,0,0.0074,0.033,0.319,4,6,3.52,250,0.55,3780.1,0.22,76.46
UPI00618,Bengaluru,Android,Full,20,1-2y,24,4.02,94,711.62,1832.36,76363.2,0.81,0.183,43,51,2,0.0227,6,0.0656,0.175,0.273,69,133,2.47,8.72,0.355,35743.76,0.354,29.84
UPI00619,Pune,Android,Minimum,21,1-2y,22,4.22,83,205.7,564.68,18724.64,0.901,0.091,53,29,0,0.0134,4,0.056,0.129,0.287,53,81,1,10.34,0.387,13172.48,0.402,27.23
UPI00620,Bengaluru,iOS,Full,23,1-2y,22,6.0,113,414.17,1383.26,49621.22,0.652,0.358,63,46,2,0.0275,0,0.0075,0.153,0.244,54,80,2.9,4.1,0.246,25304.98,0.319,32.61
UPI00621,Bengaluru,Android,Premium,1,0-6m,24,5.17,133,332.92,1059.87,44388.93,0.531,0.489,59,74,5,0.0415,1,0.0165,0.062,0.226,96,195,6.97,7.53,0.508,10132.06,0.255,32.7
UPI00622,Pune,Android,Full,43,2y+,25,4.78,99,1105.58,3040.22,123418.26,0.873,0.142,71,23,4,0.0519,3,0.0395,0.049,0.224,61,109,5.46,10.21,0.466,42826.06,0.432,17.77
UPI00623,Mumbai,Android,Full,26,2y+,26,4.03,88,1064.93,4000.88,103950.44,0.866,0.144,68,22,5,0.0585,3,0.0401,0.128,0.352,71,126,3.77,5.36,0.564,72780.14,0.513,30.56
UPI00624,Bengaluru,Android,Full,16,1-2y,15,3.22,64,2282.39,4000.11,167429.74,0.801,0.174,44,19,5,0.0921,0,0.0009,0.141,0.242,21,26,5.73,10.1,0.288,118851.2,0.342,21.72
UPI00625,Pune,Android,Premium,31,2y+,7,2.06,12,624.71,1298.45,8005.71,0.511,0.565,9,2,0,0.0128,1,0.0887,0.14,0.42,7,10,5.15,61.25,0.26,6665.07,0.352,20.82
UPI00626,Ahmedabad,Android,Full,18,1-2y,24,3.79,101,782.78,2304.33,65129.0,0.508,0.497,42,60,5,0.0579,0,0.0024,0.042,0.331,56,98,1.94,5.43,0.494,39842.25,0.284,18.87
UPI00627,Pune,Android,Full,25,2y+,24,3.65,66,212.05,532.14,13912.57,0.553,0.425,14,58,8,0.1309,2,0.0328,0.193,0.345,66,108,8.3,13.43,0.418,6851.19,0.38,47.35
UPI00628,Kolkata,Android,Premium,43,2y+,19,3.7,91,899.33,2482.99,76619.49,0.495,0.503,35,58,3,0.0409,0,0.007,0.123,0.371,51,92,4.58,6.62,0.504,16322.88,0.301,21.95
UPI00629,Chennai,Android,Minimum,12,6-12m,11,1.15,13,179.75,447.17,2084.02,0.477,0.578,12,0,2,0.1594,1,0.0797,0.08,0.389,16,18,1.86,55.14,0.244,698.6,0.348,40.41
UPI00630,Mumbai,Android,Full,26,2y+,10,4.8,50,1566.21,5280.23,79867.63,0.343,0.676,10,37,28,0.35,10,0.2,0.56,0.331,24,70,8.9,15.74,0.644,40113.44,0.272,100
UPI00631,Hyderabad,Android,Minimum,4,0-6m,17,6.52,129,307.77,787.85,34884.98,0.851,0.146,101,25,1,0.0221,0,0.0046,0.142,0.335,57,80,6.37,10.71,0.225,23707.6,0.505,26.16
UPI00632,Chennai,Android,Full,25,2y+,18,3.6,60,957.52,3103.84,53718.05,0.866,0.105,38,19,6,0.1075,2,0.0363,0.157,0.211,31,43,4.83,11.85,0.46,35987.32,0.459,32.22
UPI00633,Mumbai,Android,Minimum,1,0-6m,6,1.35,9,373.11,1396.55,3817.76,0.473,0.463,5,9,1,0.1179,0,0.0009,0.094,0.462,8,13,2.07,79.83,0.607,1596.92,0.264,51.89
UPI00634,Ahmedabad,Android,Minimum,24,1-2y,19,3.5,85,535.36,1496.4,43401.8,0.593,0.374,48,35,3,0.0377,1,0.0153,0.108,0.401,23,43,5.05,5.9,0.154,13903.83,0.389,20.36
UPI00635,Mumbai,Android,Premium,15,1-2y,19,2.92,90,3716.72,11592.46,350390.36,0.656,0.378,70,19,6,0.0772,0,0.0045,0.048,0.352,45,55,4.08,8.18,0.478,113667.49,0.355,26.55
UPI00636,Mumbai,Android,Full,8,6-12m,7,1.12,1,603.29,1310.25,534.59,0.433,0.634,1,0,2,0.35,0,0.0041,0.022,0.217,3,4,5.98,250,0.248,813.74,0.252,74.46
UPI00637,Hyderabad,Android,Full,19,1-2y,22,4.83,101,664.13,1836.2,60635.31,0.883,0.137,63,42,4,0.0532,4,0.0477,0.133,0.271,63,120,3.74,9.36,0.576,5699.43,0.381,38.97
UPI00638,Ahmedabad,iOS,Minimum,24,1-2y,18,5.5,110,924.83,2115.1,98425.59,0.836,0.151,74,32,9,0.0934,1,0.0154,0.152,0.347,52,69,5.93,8.05,0.309,30764.27,0.424,28.03
UPI00639,Delhi,Android,Premium,4,0-6m,18,7.49,136,1983.72,4484.86,312891.8,0.845,0.167,96,42,6,0.0577,1,0.008,0.113,0.382,48,87,4.05,3.85,0.533,197649.17,0.514,30.56
UPI00640,Kolkata,iOS,Full,12,6-12m,20,5.2,117,245.99,712.68,33709.54,0.575,0.461,46,68,3,0.036,3,0.0303,0.1,0.308,55,122,7.4,2.83,0.147,4885.0,0.404,20.74
UPI00641,Pune,Android,Full,19,1-2y,22,2.08,41,3824.3,9098.3,138718.19,0.609,0.401,28,11,5,0.1255,1,0.0264,0.1,0.291,29,48,3.96,16.41,0.488,40399.26,0.394,38.29
UPI00642,Mumbai,iOS,Minimum,31,2y+,13,3.4,44,641.28,1034.3,24396.18,0.671,0.377,22,20,3,0.0821,0,0.0044,0.089,0.268,20,36,6.52,17.57,0.158,7242.6,0.318,10.98
UPI00643,Mumbai,Android,Full,24,1-2y,21,0.5,1,2427.31,7676.93,2162.3,0.669,0.372,0,1,0,0.0093,1,0.2,0.093,0.204,44,75,2.05,250,0.368,1539.0,0.341,28.24
UPI00644,Pune,Android,Full,23,1-2y,5,1.3,1,813.72,3121.45,928.35,0.37,0.587,0,1,0,0.0099,1,0.2,0.068,0.429,12,14,3.73,250,0.365,50,0.218,42.09
UPI00645,Ahmedabad,iOS,Premium,7,6-12m,31,2.29,54,2225.4,5110.76,99975.22,0.666,0.336,36,21,3,0.0672,3,0.0612,0.153,0.197,75,108,3.76,16.47,0.072,44863.61,0.351,31.86
UPI00646,Mumbai,Android,Full,23,1-2y,8,0.59,13,428.24,1261.32,5395.28,0.598,0.463,7,4,2,0.1684,0,0.0067,0.139,0.242,6,7,4.97,52.68,0.39,740.49,0.39,38.38
UPI00647,Bengaluru,Android,Full,31,2y+,27,4.14,74,571.85,1220.71,38591.82,0.638,0.387,41,30,4,0.0586,0,0.0028,0.128,0.374,68,114,4.93,6.74,0.359,8171.24,0.408,31.13
UPI00648,Bengaluru,Android,Minimum,33,2y+,14,3.79,53,573.24,1486.65,26219.15,0.529,0.467,16,36,2,0.0423,0,0.0016,0.132,0.234,30,51,3.7,14.45,0.274,10729.49,0.37,25.97
UPI00649,Kolkata,Android,Full,23,1-2y,11,5.16,66,4273.06,11499.43,267316.79,0.707,0.344,27,36,1,0.0155,0,0.0052,0.13,0.216,16,28,3.25,11.15,0.489,155897.33,0.375,29.13
UPI00650,Bengaluru,Android,Full,5,0-6m,27,4.57,156,3733.78,7370.22,585037.67,0.714,0.253,82,70,9,0.0634,1,0.0142,0.153,0.219,68,75,5.95,5.7,0.092,290144.31,0.363,39.12
UPI00651,Kolkata,iOS,Minimum,24,1-2y,5,1.43,12,111.36,342.31,1565.51,0.405,0.612,9,0,0,0.0122,1,0.0878,0.031,0.299,9,11,3.99,58.08,0.263,848.56,0.337,20.95
UPI00652,Delhi,Android,Full,20,1-2y,20,2.38,48,256.93,719.75,11149.81,0.472,0.526,14,29,0,0.0012,0,0.0081,0.161,0.37,51,97,2.44,16.14,0.417,4950.33,0.283,22.34
UPI00653,Chennai,Android,Full,16,1-2y,4,0.5,1,1392.45,4726.23,1391.13,0.366,0.706,0,1,18,0.35,8,0.2,0.72,0.4,11,20,11.0,250,0.694,1459.2,0.337,99.8
UPI00654,Kolkata,Android,Full,10,6-12m,22,8.58,179,908.91,2552.62,167414.87,0.829,0.156,133,42,3,0.0183,3,0.0183,0.041,0.351,43,77,5.49,4.4,0.326,86576.21,0.414,25.56
UPI00655,Hyderabad,Android,Full,15,1-2y,14,5.55,86,4722.81,16427.17,348263.97,0.798,0.251,56,29,1,0.0252,1,0.0211,0.036,0.282,28,33,5.29,13.11,0.61,204765.97,0.352,14.36
UPI00656,Bengaluru,Android,Full,13,1-2y,22,4.62,93,600.91,962.96,46843.0,0.803,0.171,63,26,4,0.0483,2,0.026,0.079,0.396,52,105,3.57,8.46,0.143,25760.6,0.37,17.92
UPI00657,Delhi,Android,Full,38,2y+,19,3.36,78,76.01,284.12,6873.88,0.543,0.437,41,30,3,0.0507,0,0.0081,0.178,0.32,45,85,4.02,5.67,0.704,2596.39,0.314,23.74
UPI00658,Delhi,Android,Minimum,1,0-6m,27,3.5,135,2442.64,8535.61,315441.1,0.565,0.383,46,88,5,0.0504,0,0.0059,0.121,0.208,62,101,3.27,8.99,0.71,146826.15,0.374,31.52
UPI00659,Chennai,Android,Full,24,1-2y,18,5.3,78,900.48,2743.46,70645.78,0.832,0.175,43,33,0,0.0042,1,0.0158,0.147,0.417,62,91,2.45,9.76,0.309,33985.34,0.387,14.24
UPI00660,Hyderabad,iOS,Full,17,1-2y,4,1.2,3,523.16,1574.29,1787.6,0.459,0.529,3,3,1,0.3458,0,0.0027,0.064,0.3,12,14,3.54,241.69,0.4,50,0.272,62.35
UPI00661,Ahmedabad,Android,Full,22,1-2y,17,6.28,106,2742.6,8980.04,256657.04,0.223,0.785,17,92,10,0.0985,0,0.0011,0.282,0.636,41,115,8.69,6.49,0.407,34145.04,0.193,44.99
UPI00662,Delhi,Android,Minimum,17,1-2y,28,4.59,119,226.87,467.61,22289.68,0.685,0.348,81,35,4,0.0394,2,0.0227,0.163,0.258,100,173,4.01,9.33,0.299,3419.82,0.421,15.59
UPI00663,Pune,Android,Minimum,20,1-2y,21,4.71,105,564.1,1469.73,58585.61,0.523,0.494,37,62,1,0.0114,0,0.0025,0.058,0.218,44,77,3.85,4.58,0.402,6416.68,0.294,16.81
UPI00664,Delhi,Android,Minimum,14,1-2y,11,18.69,208,2028.08,6887.03,436065.97,0.488,0.466,60,148,15,0.0861,4,0.024,0.462,0.652,29,78,7.57,6.77,0.596,141608.03,0.43,74.88
UPI00665,Delhi,Android,Full,8,6-12m,14,4.56,56,676.25,1470.95,42598.87,0.709,0.253,31,24,5,0.0947,2,0.0366,0.155,0.204,35,65,2.83,11.41,0.128,24045.59,0.304,41.05
UPI00666,Ahmedabad,Android,Full,2,0-6m,13,7.28,104,1736.92,6274.86,191784.73,0.471,0.638,42,61,24,0.242,5,0.0538,0.632,0.508,55,152,4.15,4.25,0.576,76011.72,0.311,95.02
UPI00667,Chennai,Android,Premium,29,2y+,21,4.94,80,528.58,1377.22,41375.72,0.959,0.033,60,16,6,0.0849,1,0.0223,0.15,0.294,48,61,4.16,3.09,0.599,26730.53,0.423,18.17
UPI00668,Delhi,Android,Minimum,21,1-2y,3,1.83,3,275.78,783.32,828.57,0.415,0.588,3,0,0,0.0032,0,0.0018,0.031,0.444,8,10,3.71,239.7,0.318,371.33,0.261,11.22
UPI00669,Mumbai,Android,Full,23,1-2y,5,0.68,7,631.96,2113.57,3698.76,0.468,0.598,2,0,2,0.2986,1,0.1505,0.046,0.485,8,9,3.67,102.83,0.44,1486.39,0.344,81.57
UPI00670,Mumbai,Android,Full,19,1-2y,17,5.44,76,500.73,1051.69,36550.21,0.553,0.404,41,34,3,0.0429,0,0.0084,0.071,0.302,42,77,6.06,9.91,0.277,23688.61,0.292,27.85
UPI00671,Chennai,iOS,Full,29,2y+,18,4.64,105,227.84,764.28,26103.13,0.51,0.445,40,63,7,0.0771,3,0.0304,0.119,0.227,63,118,6.33,9.53,0.169,17927.8,0.363,36.21
UPI00672,Pune,Android,Premium,33,2y+,21,8.51,176,77.92,229.63,15027.58,0.549,0.466,61,112,7,0.055,0,0.007,0.19,0.28,57,141,2.9,1.75,0.38,11186.47,0.265,31.7
UPI00673,Chennai,iOS,Minimum,15,1-2y,21,7.45,157,236.25,633.56,39836.55,0.645,0.34,62,86,2,0.0243,1,0.0074,0.218,0.372,63,99,7.11,2.78,0.467,9401.89,0.322,26.21
UPI00674,Ahmedabad,iOS,Minimum,29,2y+,27,3.34,118,3082.28,9330.56,382583.57,0.67,0.326,77,41,4,0.0398,0,0.0049,0.14,0.249,54,80,4.5,5.28,0.308,87162.36,0.386,20.97
UPI00675,Ahmedabad,iOS,Minimum,23,1-2y,13,1.92,20,280.23,660.76,5792.65,0.629,0.326,10,12,2,0.1128,3,0.1523,0.072,0.303,35,50,7.67,37.76,0.133,3791.75,0.276,43.76
UPI00676,Hyderabad,Android,Full,28,2y+,21,4.54,102,810.96,2570.48,82133.45,0.795,0.205,52,48,1,0.0158,5,0.0528,0.156,0.374,54,113,4.06,6.31,0.428,52142.6,0.38,24.36
UPI00677,Kolkata,Android,Premium,43,2y+,17,2.91,70,2723.45,10053.16,214004.62,0.581,0.403,36,33,4,0.0666,0,0.0083,0.076,0.363,31,46,4.47,8.12,0.588,73803.84,0.403,21.14
UPI00678,Delhi,Android,Minimum,23,1-2y,24,5.35,139,264.26,717.34,42700.56,0.668,0.381,82,53,3,0.0315,1,0.0099,0.179,0.25,65,77,6.27,11.03,0.531,17899.26,0.357,16.69
UPI00679,Chennai,Android,Full,8,6-12m,14,4.51,59,677.97,1943.15,35830.02,0.942,0.086,43,17,3,0.059,0,0.0026,0.153,0.238,39,81,3.46,15.61,0.253,13061.3,0.478,14.69
UPI00680,Chennai,Android,Premium,21,1-2y,28,5.29,137,4637.24,10681.47,616440.13,0.647,0.35,63,76,2,0.0252,1,0.0075,0.073,0.341,54,100,2.82,7.02,0.287,185956.4,0.408,20.47
UPI00681,Hyderabad,iOS,Full,28,2y+,20,4.73,121,3667.25,9308.6,410577.82,0.699,0.31,81,41,1,0.011,1,0.0175,0.063,0.283,37,44,4.84,4.02,0.391,162392.52,0.39,20.22
UPI00682,Kolkata,Android,Premium,20,1-2y,25,2.34,75,771.85,1938.7,60897.87,0.842,0.136,62,12,0,0.0026,1,0.0191,0.096,0.358,71,110,6.42,9.59,0.32,31204.81,0.369,13.93
UPI00683,Bengaluru,Android,Full,14,1-2y,21,3.77,86,1268.59,3001.11,118270.76,0.915,0.06,64,22,2,0.0258,4,0.0506,0.115,0.23,37,72,6.03,6.21,0.329,30651.33,0.488,16.0
UPI00684,Mumbai,iOS,Full,4,0-6m,17,4.27,64,451.56,1201.13,28027.71,0.54,0.448,30,31,3,0.059,0,0.0084,0.04,0.254,38,45,1.28,16.96,0.32,21312.54,0.307,30.11
UPI00685,Hyderabad,iOS,Full,27,2y+,31,6.61,262,198.97,539.13,45016.19,0.672,0.309,127,135,3,0.0256,3,0.0136,0.209,0.362,87,143,5.19,6.05,0.378,30696.36,0.446,37.83
UPI00686,Hyderabad,iOS,Full,26,2y+,16,18.0,315,2459.03,5561.8,859324.54,0.541,0.398,119,197,31,0.12,8,0.0327,0.649,0.661,40,56,8.09,0.2,0.236,350000,0.324,87.42
UPI00687,Bengaluru,Android,Full,1,0-6m,11,4.56,62,3368.63,8660.46,236091.65,0.739,0.315,43,18,2,0.0471,0,0.0006,0.161,0.26,26,39,5.6,9.33,0.327,51881.93,0.446,28.15
UPI00688,Delhi,iOS,Full,8,6-12m,20,4.0,87,739.8,1600.4,67675.54,0.557,0.399,46,35,1,0.0159,2,0.0313,0.111,0.259,44,71,5.36,6.34,0.33,42772.3,0.322,17.45
UPI00689,Hyderabad,Android,Full,13,1-2y,13,6.77,80,1168.89,4134.76,85062.5,0.457,0.473,32,50,10,0.147,8,0.1077,0.678,0.533,57,156,5.57,7.38,0.559,52009.45,0.362,91.84
UPI00690,Mumbai,Android,Premium,13,1-2y,29,3.84,105,611.86,1821.1,62005.75,0.502,0.463,35,69,0,0.0073,1,0.0159,0.162,0.357,58,110,5.2,5.76,0.315,10516.38,0.341,22.46
UPI00691,Pune,iOS,Full,7,6-12m,25,6.46,165,167.73,352.06,22897.98,0.698,0.304,126,36,7,0.048,0,0.0,0.115,0.306,82,196,7.84,2.8,0.312,13149.83,0.397,29.1
UPI00692,Delhi,Android,Full,7,6-12m,18,7.61,159,1934.47,7298.1,263192.97,0.532,0.519,61,98,9,0.0741,1,0.0119,0.358,0.35,53,133,7.0,3.36,0.684,122104.53,0.369,46.53
UPI00693,Mumbai,Android,Minimum,8,6-12m,20,3.72,69,60,232.35,3490.72,0.883,0.107,62,6,3,0.047,0,0.0078,0.119,0.254,54,97,6.46,9.77,0.329,1906.24,0.501,20.0
UPI00694,Kolkata,iOS,Full,18,1-2y,23,3.37,79,5689.7,16800.6,528849.18,0.558,0.426,37,43,3,0.0526,1,0.0144,0.131,0.244,45,50,6.45,9.03,0.333,350000,0.369,22.64
UPI00695,Chennai,Android,Full,8,6-12m,17,4.41,65,4524.83,11795.82,289004.67,0.693,0.342,43,22,2,0.0339,0,0.0039,0.109,0.361,47,86,5.57,11.42,0.62,190315.21,0.406,12.6
UPI00696,Hyderabad,iOS,Minimum,29,2y+,22,9.93,215,151.28,333.33,36508.11,0.612,0.408,77,139,4,0.0214,1,0.0099,0.091,0.371,50,94,6.63,2.93,0.05,9522.72,0.337,33.61
UPI00697,Delhi,Android,Minimum,20,1-2y,21,7.98,209,247.96,633.6,55175.46,0.618,0.401,105,104,8,0.0465,0,0.0087,0.192,0.341,53,88,4.25,7.18,0.216,41425.62,0.414,32.79
UPI00698,Ahmedabad,Android,Minimum,40,2y+,13,4.56,65,697.8,1974.68,43369.66,0.947,0.024,48,16,1,0.0236,0,0.0076,0.147,0.33,35,45,2.36,15.39,0.261,13929.45,0.471,15.84
UPI00699,Bengaluru,Android,Full,26,2y+,15,2.1,32,1492.55,4385.11,55915.27,0.367,0.675,6,20,6,0.1933,3,0.099,0.39,0.452,42,122,6.34,16.23,0.501,5659.43,0.221,82.41
UPI00700,Chennai,Android,Premium,14,1-2y,17,5.92,90,724.53,2488.99,67494.07,0.602,0.349,55,33,2,0.0254,2,0.025,0.1,0.294,25,32,3.6,8.79,0.38,27640.75,0.348,19.07
UPI00701,Ahmedabad,iOS,Minimum,33,2y+,16,3.36,37,1007.29,2942.44,40445.76,0.794,0.179,20,17,3,0.0816,3,0.0811,0.056,0.315,31,49,5.56,18.58,0.272,16922.5,0.336,34.94
UPI00702,Pune,Android,Minimum,25,2y+,22,2.87,69,501.98,792.16,28979.81,0.614,0.359,33,40,1,0.0185,2,0.0309,0.043,0.215,58,114,5.96,9.27,0.145,19967.71,0.337,11.88
UPI00703,Bengaluru,Android,Full,35,2y+,26,2.57,83,3483.06,10877.63,269361.81,0.798,0.256,62,17,0,0.0128,0,0.0008,0.165,0.202,41,71,3.61,12.29,0.473,91804.78,0.387,15.85
UPI00704,Chennai,Android,Full,35,2y+,22,3.34,76,4325.44,12384.0,357536.85,0.601,0.42,29,48,4,0.0592,1,0.0144,0.138,0.333,48,67,6.74,11.0,0.461,108429.31,0.337,29.36
UPI00705,Mumbai,Android,Minimum,10,6-12m,7,1.25,13,397.25,1100.66,4557.03,0.363,0.61,6,8,1,0.0876,1,0.0828,0.147,0.436,17,20,5.37,56.86,0.544,3748.14,0.292,31.53
UPI00706,Ahmedabad,Android,Minimum,7,6-12m,27,5.91,144,276.76,764.5,34652.07,0.716,0.29,76,69,6,0.0539,2,0.0187,0.209,0.339,82,121,3.49,6.85,0.133,14989.44,0.413,31.25
UPI00707,Hyderabad,Android,Minimum,21,1-2y,24,4.27,74,148.02,484.96,12844.84,0.61,0.399,40,30,9,0.136,1,0.0148,0.147,0.314,92,194,5.12,8.41,0.39,4709.47,0.381,47.36
UPI00708,Ahmedabad,iOS,Full,24,1-2y,3,1.01,4,427.29,1033.6,1688.25,0.459,0.612,3,1,0,0.0047,0,0.0001,0.08,0.511,3,4,4.02,179.96,0.127,2161.75,0.34,19.87
UPI00709,Mumbai,Android,Full,24,1-2y,18,1.68,47,4950.02,20105.95,192977.58,0.598,0.423,18,29,7,0.1621,1,0.0286,0.071,0.243,45,80,4.91,16.0,0.59,122722.09,0.257,44.46
UPI00710,Delhi,Android,Full,9,6-12m,25,3.64,102,648.12,1852.77,77841.9,0.492,0.471,46,57,2,0.022,0,0.0022,0.05,0.322,45,73,4.95,4.35,0.295,11789.56,0.27,11.31
UPI00711,Ahmedabad,iOS,Full,29,2y+,25,8.77,222,211.77,504.37,48264.28,0.661,0.3,147,72,1,0.0151,1,0.0058,0.128,0.334,103,245,6.57,4.65,0.234,30734.74,0.322,16.53
UPI00712,Hyderabad,iOS,Full,6,0-6m,24,5.93,147,289.56,570.76,43378.93,0.861,0.139,112,30,10,0.0782,1,0.0118,0.158,0.213,33,48,5.06,4.44,0.209,31002.39,0.455,29.64
UPI00713,Mumbai,Android,Full,16,1-2y,9,4.74,38,640.59,1419.29,20665.75,0.462,0.563,15,28,4,0.1071,0,0.0076,0.1,0.251,10,15,5.44,20.52,0.417,11597.79,0.24,52.15
UPI00714,Mumbai,Android,Full,15,1-2y,12,2.0,21,382.96,517.94,8835.93,0.479,0.542,7,15,0,0.0032,0,0.0017,0.068,0.444,17,25,3.92,35.24,0.05,5501.96,0.381,16.68
UPI00715,Kolkata,Android,Minimum,4,0-6m,17,3.65,63,331.53,945.53,22157.5,0.497,0.49,17,47,4,0.0643,1,0.0184,0.141,0.249,45,85,4.8,9.18,0.444,4396.18,0.25,55.27
UPI00716,Pune,Android,Full,27,2y+,8,0.57,6,664.5,1431.81,4314.39,0.477,0.597,0,5,3,0.35,1,0.1675,0.112,0.194,10,16,3.79,117.47,0.391,4056.18,0.35,100
UPI00717,Pune,Android,Full,5,0-6m,19,7.21,138,231.27,577.84,27799.66,0.529,0.441,78,59,2,0.0257,2,0.0236,0.117,0.339,69,152,6.07,3.64,0.476,8434.26,0.302,26.94
UPI00718,Ahmedabad,Android,Full,36,2y+,20,4.42,107,559.99,1476.22,49671.2,0.646,0.353,45,56,3,0.0306,0,0.0072,0.096,0.219,60,96,4.44,12.63,0.372,19908.4,0.382,17.71
UPI00719,Chennai,Android,Full,15,1-2y,19,4.93,93,126.93,382.27,12024.45,0.656,0.341,51,42,3,0.0332,3,0.0347,0.16,0.282,49,96,8.56,9.68,0.511,6118.71,0.284,23.69
UPI00720,Hyderabad,Android,Minimum,1,0-6m,6,2.24,11,290.22,698.88,3232.18,0.499,0.569,3,7,0,0.0128,0,0.0064,0.13,0.306,9,13,3.23,63.63,0.382,1330.23,0.365,24.8
UPI00721,Pune,iOS,Minimum,37,2y+,25,5.98,148,626.93,1651.9,86650.57,0.464,0.507,46,103,5,0.035,2,0.0217,0.088,0.341,61,101,4.06,6.49,0.41,27206.3,0.361,23.59
UPI00722,Delhi,Android,Full,12,6-12m,27,5.18,118,456.63,1058.72,56043.96,0.82,0.191,95,22,3,0.0347,0,0.0069,0.117,0.211,62,79,4.58,4.55,0.373,6561.01,0.474,20.13
UPI00723,Chennai,Android,Full,21,1-2y,19,3.45,54,175.28,481.64,8162.39,0.703,0.304,33,21,8,0.1505,0,0.0009,0.101,0.262,41,67,4.68,14.62,0.256,50,0.422,39.24
UPI00724,Ahmedabad,Android,Full,17,1-2y,19,4.73,100,298.33,960.94,32805.4,0.484,0.503,50,48,7,0.0823,0,0.0074,0.155,0.297,56,117,5.77,5.35,0.334,21374.71,0.223,27.35
UPI00725,Mumbai,iOS,Minimum,1,0-6m,23,4.29,121,492.32,1408.71,50007.15,0.453,0.56,39,81,4,0.0345,0,0.0027,0.169,0.23,62,122,3.43,7.96,0.383,23410.53,0.226,19.72
UPI00726,Chennai,Android,Full,14,1-2y,30,9.97,295,318.58,1135.18,77306.16,0.685,0.293,121,178,4,0.0276,2,0.0088,0.051,0.307,104,234,8.08,0.2,0.535,26857.65,0.343,31.3
UPI00727,Delhi,Android,Premium,30,2y+,26,4.39,114,550.4,1335.08,61894.59,0.661,0.358,55,60,3,0.0307,2,0.0248,0.132,0.411,69,119,6.11,6.59,0.572,42687.39,0.441,18.68
UPI00728,Pune,iOS,Minimum,22,1-2y,17,7.48,125,334.89,950.6,45852.27,0.585,0.418,64,61,10,0.0897,1,0.0177,0.15,0.311,37,48,5.62,4.67,0.353,25991.79,0.293,38.45
UPI00729,Kolkata,Android,Full,20,1-2y,23,5.8,141,188.08,611.98,28534.2,0.788,0.212,72,69,5,0.0453,1,0.0131,0.145,0.288,59,78,4.67,5.08,0.398,14810.94,0.425,23.3
UPI00730,Bengaluru,Android,Minimum,6,0-6m,15,5.73,103,527.82,1181.01,60026.0,0.958,0.022,78,30,5,0.0493,1,0.0151,0.066,0.418,26,33,3.52,3.76,0.111,27543.17,0.441,31.86
UPI00731,Kolkata,Android,Full,12,6-12m,13,7.05,66,718.5,2154.03,54155.31,0.878,0.116,53,12,2,0.0308,0,0.0022,0.145,0.235,38,57,5.25,13.5,0.438,38581.53,0.386,28.23
UPI00732,Kolkata,Android,Minimum,9,6-12m,18,11.93,225,1463.42,4706.11,353298.42,0.578,0.398,86,135,28,0.1282,6,0.0321,0.281,0.7,69,187,3.24,0.2,0.653,96385.9,0.43,62.63
UPI00733,Bengaluru,Android,Full,24,1-2y,19,3.64,75,2676.31,5923.74,175866.56,0.788,0.16,50,23,1,0.0146,0,0.0072,0.169,0.367,25,35,2.46,13.95,0.124,68801.5,0.399,19.85
UPI00734,Hyderabad,Android,Premium,18,1-2y,22,5.34,112,858.58,2727.23,100874.7,0.805,0.202,72,44,2,0.0214,0,0.0001,0.169,0.351,59,92,4.94,7.17,0.568,46682.95,0.442,25.08
UPI00735,Bengaluru,Android,Full,10,6-12m,2,0.72,1,233.29,677.75,250.58,0.335,0.687,0,1,3,0.35,1,0.2,0.042,0.225,2,3,2.32,250,0.423,50,0.208,97.55
UPI00736,Pune,Android,Minimum,26,2y+,29,4.22,152,799.37,1704.91,140520.99,0.902,0.075,141,6,5,0.0434,3,0.0276,0.116,0.207,67,103,1,5.86,0.363,78389.87,0.394,8.57
UPI00737,Pune,iOS,Full,1,0-6m,12,8.61,104,40,166.71,3968.62,0.533,0.377,57,46,11,0.1213,2,0.0271,0.492,0.369,18,45,11.39,8.81,0.793,2183.52,0.273,65.23
UPI00738,Chennai,Android,Minimum,20,1-2y,17,5.28,93,882.41,3186.19,83496.61,0.842,0.17,79,12,1,0.011,1,0.0151,0.084,0.398,30,51,2.76,8.05,0.503,52542.34,0.39,9.43
UPI00739,Hyderabad,iOS,Full,23,1-2y,20,5.12,110,680.57,2415.91,72954.19,0.899,0.111,59,46,0,0.0032,4,0.0426,0.199,0.427,40,80,1.97,3.56,0.609,11974.18,0.429,17.89
UPI00740,Kolkata,Android,Full,20,1-2y,11,2.64,28,364.96,1078.26,8600.44,0.832,0.151,19,9,5,0.1856,2,0.0806,0.198,0.25,29,43,4.87,26.62,0.375,920.68,0.434,61.31
UPI00741,Delhi,iOS,Full,6,0-6m,19,5.86,115,163.61,581.75,21389.95,0.696,0.264,65,55,2,0.0297,1,0.0118,0.051,0.258,60,78,4.57,5.48,0.417,13005.91,0.363,25.35
UPI00742,Mumbai,Android,Full,14,1-2y,28,5.02,136,129.24,378.17,19510.26,0.489,0.532,41,95,3,0.0315,4,0.0342,0.171,0.328,62,98,9.28,0.8,0.314,10081.87,0.33,35.47
UPI00743,Delhi,iOS,Full,15,1-2y,23,2.42,78,481.58,1355.35,36842.8,0.909,0.111,68,14,3,0.0468,4,0.0541,0.052,0.376,59,72,5.66,8.6,0.21,8366.31,0.445,25.8
UPI00744,Pune,Android,Full,18,1-2y,5,0.12,5,516.59,1106.2,2177.85,0.429,0.634,2,0,0,0.015,0,0.0057,0.118,0.304,10,13,2.77,144.1,0.401,1864.52,0.345,8.15
UPI00745,Chennai,Android,Full,17,1-2y,19,4.73,91,718.2,1261.08,76964.39,0.891,0.126,71,18,5,0.0591,1,0.0188,0.087,0.297,52,106,4.98,5.0,0.439,11185.31,0.444,14.15
UPI00746,Kolkata,Android,Full,19,1-2y,16,4.29,76,388.46,881.54,32635.37,0.703,0.247,47,29,4,0.0564,3,0.04,0.093,0.378,32,41,5.21,8.33,0.266,10252.13,0.373,37.14
UPI00747,Kolkata,iOS,Full,25,2y+,14,2.07,33,1569.7,5413.77,47805.56,0.854,0.137,23,11,2,0.068,0,0.004,0.087,0.432,40,49,5.76,22.91,0.388,37587.11,0.445,18.19
UPI00748,Ahmedabad,Android,Full,25,2y+,20,6.24,136,96.77,231.61,13645.0,0.705,0.281,87,48,7,0.0659,1,0.0085,0.151,0.291,68,138,6.22,5.95,0.284,8027.29,0.334,39.05
UPI00749,Bengaluru,iOS,Full,34,2y+,21,7.1,138,268.12,927.35,36385.02,0.535,0.451,64,80,5,0.0388,1,0.0133,0.055,0.356,36,81,5.89,1.62,0.322,8061.78,0.283,29.69
UPI00750,Pune,Android,Full,24,1-2y,26,2.05,63,768.87,2276.28,44469.39,0.665,0.36,46,19,0,0.0015,2,0.0412,0.149,0.38,81,140,5.24,12.65,0.396,31421.66,0.405,8.81
UPI00751,Pune,Android,Minimum,16,1-2y,13,4.37,64,718.18,2449.38,45807.07,0.668,0.316,26,39,3,0.048,0,0.0024,0.117,0.331,35,58,2.73,13.89,0.441,23129.31,0.408,26.55
UPI00752,Kolkata,Android,Full,16,1-2y,18,4.78,81,499.06,1339.84,47472.32,0.84,0.153,45,36,4,0.0538,2,0.0333,0.155,0.393,54,100,5.31,7.39,0.448,25716.54,0.471,23.34
UPI00753,Pune,Android,Minimum,25,2y+,23,4.67,123,1573.18,3194.09,175082.2,0.833,0.182,64,55,4,0.0394,4,0.0423,0.126,0.31,62,78,3.51,5.08,0.152,25539.84,0.409,22.95
UPI00754,Hyderabad,Android,Full,24,1-2y,23,3.03,53,580.66,1398.8,34689.89,0.486,0.537,29,26,4,0.0783,2,0.0428,0.163,0.418,54,88,4.42,17.76,0.427,20145.91,0.249,36.14
UPI00755,Bengaluru,Android,Full,1,0-6m,29,5.69,186,216.97,602.51,44126.95,0.572,0.472,101,84,1,0.0121,1,0.0116,0.102,0.36,85,128,6.79,1.57,0.531,17327.32,0.3,28.17
UPI00756,Chennai,Android,Full,19,1-2y,29,10.58,320,205.09,592.23,64379.9,0.677,0.304,213,105,7,0.0243,2,0.0152,0.148,0.231,111,136,6.2,1.1,0.323,13563.57,0.302,35.52
UPI00757,Ahmedabad,Android,Full,8,6-12m,14,1.35,16,3366.5,9620.62,55389.04,0.223,0.844,3,16,18,0.35,6,0.2,0.671,0.333,45,69,7.0,41.9,0.457,26740.57,0.287,99.46
UPI00758,Hyderabad,Android,Full,24,1-2y,2,5.7,10,40,127.82,445.68,0.606,0.446,5,6,17,0.35,5,0.2,0.63,0.601,10,22,4.94,68.06,0.744,50,0.421,100
UPI00759,Chennai,iOS,Premium,25,2y+,30,7.91,230,149.82,354.31,30231.65,0.609,0.366,111,114,9,0.0436,0,0.0041,0.188,0.271,90,132,6.3,3.42,0.31,9989.66,0.305,35.25
UPI00760,Ahmedabad,Android,Full,14,1-2y,20,2.72,45,318.12,1016.18,12784.85,0.493,0.519,14,32,1,0.0368,1,0.0313,0.135,0.39,57,113,6.49,18.01,0.545,5683.83,0.336,32.31
UPI00761,Chennai,iOS,Minimum,19,1-2y,26,6.77,156,222.52,800.44,29818.77,0.579,0.465,70,85,3,0.0332,1,0.0161,0.148,0.252,84,208,5.35,10.1,0.526,7216.52,0.38,28.62
UPI00762,Mumbai,Android,Minimum,28,2y+,16,4.83,72,803.69,2547.22,61629.03,0.56,0.465,34,39,2,0.0391,2,0.0281,0.168,0.374,50,60,3.93,14.38,0.506,34019.93,0.309,42.5
UPI00763,Hyderabad,Android,Minimum,17,1-2y,23,1.44,49,2312.5,7953.53,119560.18,0.654,0.393,24,25,1,0.0234,2,0.0461,0.137,0.195,57,103,2.97,19.88,0.6,19699.84,0.397,26.9
UPI00764,Bengaluru,Android,Full,16,1-2y,16,3.14,50,884.61,2920.93,47040.06,0.554,0.448,24,24,0,0.0143,1,0.0247,0.078,0.321,35,61,5.36,16.14,0.256,18637.85,0.328,23.13
UPI00765,Pune,Android,Full,28,2y+,30,5.29,189,235.82,727.13,45810.39,0.568,0.427,100,91,5,0.0352,1,0.0151,0.122,0.257,92,206,2.83,6.79,0.31,24601.39,0.367,35.91
UPI00766,Delhi,Android,Full,13,1-2y,15,3.03,37,793.62,1919.41,26404.86,0.609,0.383,26,10,0,0.0143,0,0.0054,0.108,0.329,35,69,4.19,21.73,0.209,1114.6,0.407,16.84
UPI00767,Chennai,Android,Full,16,1-2y,21,6.51,134,232.04,395.96,33914.31,0.675,0.358,55,77,5,0.0405,3,0.0286,0.165,0.228,62,123,4.61,4.11,0.322,22058.76,0.29,21.93
UPI00768,Ahmedabad,Android,Full,12,6-12m,18,1.78,57,914.61,2763.07,45115.74,0.957,0.02,49,8,4,0.0735,2,0.0372,0.128,0.254,43,78,3.72,8.63,0.256,16239.53,0.464,28.2
UPI00769,Mumbai,Android,Full,16,1-2y,23,8.23,187,148.72,377.31,28612.18,0.569,0.432,78,108,10,0.0589,1,0.0057,0.102,0.272,89,173,5.84,6.94,0.161,15691.97,0.393,29.4
UPI00770,Hyderabad,Android,Full,13,1-2y,6,2.46,23,4579.63,13872.16,99003.74,0.668,0.273,14,10,1,0.0489,0,0.0043,0.121,0.336,12,18,5.79,32.89,0.275,15231.38,0.305,25.21
UPI00771,Chennai,iOS,Premium,15,1-2y,20,3.19,68,834.48,2855.4,55792.52,0.571,0.447,38,27,5,0.0816,2,0.0304,0.143,0.26,44,66,4.94,8.72,0.543,23648.46,0.296,36.15
UPI00772,Kolkata,Android,Full,18,1-2y,15,6.16,97,292.29,687.26,32023.9,0.917,0.098,79,14,2,0.0342,1,0.0202,0.127,0.432,51,85,6.88,7.99,0.396,18977.82,0.546,22.96
UPI00773,Kolkata,Android,Minimum,22,1-2y,3,0.43,3,512.03,1194.03,1494.51,0.312,0.613,2,0,0,0.0131,1,0.2,0.029,0.508,9,15,6.87,235.66,0.413,2131.63,0.245,27.87
UPI00774,Delhi,Android,Premium,19,1-2y,22,4.92,101,186.79,544.02,18119.82,0.829,0.17,65,35,0,0.0044,3,0.0322,0.129,0.378,44,61,3.36,7.07,0.323,5547.82,0.384,28.51
UPI00775,Ahmedabad,Android,Full,7,6-12m,23,2.85,46,411.55,946.87,16723.73,0.853,0.159,33,11,5,0.1189,1,0.0258,0.192,0.302,43,89,4.62,10.17,0.341,6694.46,0.482,23.86
UPI00776,Delhi,Android,Full,20,1-2y,25,6.45,144,1563.47,4323.1,205648.24,0.571,0.459,62,84,22,0.1658,9,0.0703,0.451,0.337,101,191,11.1,3.19,0.568,117905.11,0.277,65.5
UPI00777,Delhi,Android,Full,14,1-2y,20,5.67,112,158.49,459.22,17080.28,0.504,0.504,34,79,6,0.0658,2,0.0208,0.057,0.267,49,80,8.61,8.73,0.548,11126.88,0.227,40.61
UPI00778,Ahmedabad,Android,Minimum,20,1-2y,19,4.26,70,1527.31,5281.2,91003.65,0.799,0.205,59,6,2,0.032,1,0.024,0.043,0.31,53,101,8.22,11.3,0.547,19672.44,0.384,29.21
UPI00779,Delhi,iOS,Full,40,2y+,26,2.57,43,544.57,1562.52,24468.77,0.518,0.451,8,37,3,0.0841,1,0.0304,0.173,0.222,45,54,3.2,10.97,0.213,5989.51,0.227,42.83
UPI00780,Chennai,Android,Premium,7,6-12m,16,4.27,54,4316.1,8702.28,219399.48,0.675,0.309,16,40,3,0.056,1,0.0188,0.145,0.307,34,45,4.08,14.63,0.33,140117.36,0.373,38.3
UPI00781,Pune,Android,Minimum,1,0-6m,23,7.07,202,86.4,159.0,16416.34,0.535,0.451,96,99,4,0.0315,0,0.0098,0.06,0.311,59,85,2.43,7.82,0.165,10849.84,0.245,22.0
UPI00782,Delhi,iOS,Full,15,1-2y,20,8.66,170,70.91,186.91,11398.53,0.638,0.392,86,86,9,0.0571,2,0.0194,0.183,0.223,60,90,6.95,2.37,0.461,2556.87,0.271,38.07
UPI00783,Delhi,Android,Minimum,25,2y+,7,1.28,18,290.37,543.91,4928.9,0.453,0.615,4,16,1,0.065,2,0.121,0.123,0.232,15,24,2.45,47.95,0.331,2570.15,0.286,41.99
UPI00784,Mumbai,Android,Premium,6,0-6m,20,7.92,158,195.02,578.89,29325.8,0.522,0.479,63,87,9,0.0631,3,0.0213,0.133,0.295,64,115,5.83,5.19,0.476,17750.19,0.304,42.99
UPI00785,Hyderabad,Android,Full,19,1-2y,17,4.26,63,330.63,728.68,22576.04,0.503,0.487,32,32,4,0.0645,0,0.0058,0.179,0.205,42,70,7.93,6.0,0.163,3411.59,0.251,39.04
UPI00786,Delhi,Android,Full,19,1-2y,18,4.62,82,3041.64,7593.56,260726.72,0.639,0.316,50,29,5,0.0633,0,0.009,0.08,0.193,38,65,7.39,13.57,0.357,96167.41,0.36,33.73
UPI00787,Ahmedabad,iOS,Full,21,1-2y,27,5.47,140,237.98,419.16,27878.79,0.676,0.324,62,78,7,0.053,0,0.0093,0.132,0.389,97,210,4.29,3.35,0.141,4361.78,0.35,27.63
UPI00788,Hyderabad,Android,Full,10,6-12m,25,2.03,72,573.65,1744.09,44673.53,0.904,0.116,61,7,3,0.0503,0,0.005,0.195,0.223,51,76,6.26,9.14,0.417,16405.25,0.41,30.96
UPI00789,Delhi,Android,Full,28,2y+,20,3.8,66,715.53,1852.14,43239.55,0.471,0.511,25,40,4,0.0736,0,0.0098,0.057,0.35,61,75,4.01,15.19,0.22,26428.57,0.337,32.97
UPI00790,Hyderabad,Android,Full,1,0-6m,13,5.06,83,297.61,482.97,28509.09,0.563,0.452,35,44,3,0.0413,0,0.0017,0.113,0.275,34,66,6.11,9.14,0.095,16716.43,0.261,30.51
UPI00791,Pune,iOS,Minimum,1,0-6m,17,3.18,67,2905.95,8207.08,206967.33,0.605,0.44,45,21,2,0.045,2,0.0359,0.084,0.291,36,61,4.12,10.65,0.376,88533.86,0.378,29.29
UPI00792,Mumbai,Android,Full,30,2y+,13,3.87,54,327.06,1061.5,20815.65,0.637,0.404,23,28,4,0.0825,3,0.0618,0.063,0.416,24,30,5.08,14.93,0.389,5250.93,0.436,32.79
UPI00793,Bengaluru,Android,Minimum,21,1-2y,21,5.24,122,543.71,1390.34,57126.43,0.948,0.06,82,45,2,0.017,2,0.0261,0.091,0.262,40,62,5.23,1.99,0.498,37432.4,0.412,9.59
UPI00794,Delhi,Android,Full,18,1-2y,14,6.63,80,684.28,2099.66,49852.28,0.382,0.562,37,41,16,0.207,7,0.0927,0.359,0.609,27,41,8.04,8.49,0.469,6190.95,0.339,83.78
UPI00795,Bengaluru,Android,Full,26,2y+,22,3.73,50,1973.45,5278.78,81393.86,0.597,0.461,26,28,3,0.0739,0,0.0015,0.07,0.266,53,68,6.11,12.98,0.428,20460.03,0.314,28.29
UPI00796,Pune,Android,Full,14,1-2y,12,2.05,15,3091.39,12629.48,54460.72,0.616,0.346,10,8,0,0.0136,0,0.0079,0.068,0.368,19,31,3.54,44.19,0.769,11962.62,0.325,13.9
UPI00797,Pune,Android,Minimum,4,0-6m,13,2.45,30,1248.85,2243.0,36249.76,0.946,0.033,21,7,7,0.2399,0,0.0056,0.042,0.421,34,58,2.71,24.33,0.206,10228.88,0.556,57.29
UPI00798,Pune,iOS,Full,19,1-2y,6,0.99,1,486.52,1513.65,549.6,0.586,0.397,0,0,3,0.35,0,0.0018,0.069,0.387,7,10,4.36,250,0.475,663.58,0.384,68.18
UPI00799,Bengaluru,Android,Premium,6,0-6m,3,6.85,18,1939.71,5409.99,37362.54,0.507,0.506,6,9,16,0.35,8,0.2,0.454,0.513,27,63,7.86,48.74,0.547,23016.46,0.312,100
UPI00800,Mumbai,Android,Minimum,13,1-2y,2,0.57,1,327.23,987.93,338.46,0.481,0.572,0,1,1,0.35,2,0.2,0.105,0.213,4,6,4.21,250,0.436,50,0.269,92.04
UPI00801,Chennai,iOS,Full,37,2y+,13,4.09,52,902.26,2149.69,39445.47,0.907,0.117,35,17,6,0.1171,0,0.0027,0.094,0.332,38,67,3.45,11.26,0.26,2691.03,0.5,24.32
UPI00802,Delhi,Android,Full,1,0-6m,20,5.01,108,157.29,383.4,19837.68,0.843,0.13,68,36,2,0.0225,1,0.017,0.12,0.279,46,64,4.72,8.38,0.143,5099.1,0.455,15.81
UPI00803,Hyderabad,Android,Full,21,1-2y,15,2.44,39,1606.61,3792.26,63353.39,0.744,0.288,24,12,0,0.0007,1,0.0356,0.05,0.356,22,33,3.25,15.28,0.219,46034.85,0.406,9.49
UPI00804,Ahmedabad,Android,Full,16,1-2y,25,6.31,149,53.49,125.24,7045.32,0.694,0.336,92,56,10,0.0717,0,0.0004,0.143,0.351,80,123,7.31,6.52,0.131,4619.36,0.328,37.97
UPI00805,Mumbai,Android,Full,29,2y+,27,7.0,198,215.62,590.7,48760.91,0.712,0.247,102,95,2,0.0199,2,0.0194,0.161,0.38,66,105,4.05,2.57,0.443,26949.09,0.432,18.83
UPI00806,Ahmedabad,Android,Full,33,2y+,21,3.46,82,981.8,2916.92,94033.1,0.847,0.172,58,28,5,0.07,2,0.0296,0.064,0.332,52,86,6.5,7.17,0.413,57325.45,0.502,13.38
UPI00807,Delhi,Android,Premium,11,6-12m,20,0.73,24,4296.71,14023.81,95007.92,0.661,0.382,11,18,7,0.2947,0,0.0087,0.129,0.361,48,90,4.97,33.82,0.501,8807.39,0.303,56.31
UPI00808,Delhi,Android,Full,13,1-2y,13,3.8,53,479.76,1537.97,21672.32,0.491,0.537,23,30,0,0.0002,0,0.0045,0.042,0.234,31,47,3.52,18.87,0.414,14077.0,0.272,20.77
UPI00809,Mumbai,Android,Full,25,2y+,19,5.33,96,801.96,2251.49,65589.21,0.94,0.055,53,40,4,0.0474,1,0.0143,0.093,0.238,51,64,4.6,7.81,0.466,45484.95,0.521,28.6
UPI00810,Kolkata,Android,Minimum,4,0-6m,11,14.09,151,1339.91,5330.64,214716.8,0.33,0.734,47,102,14,0.108,8,0.0587,0.459,0.541,25,63,7.94,4.35,0.644,27094.64,0.328,84.86
UPI00811,Delhi,Android,Full,1,0-6m,25,7.38,173,262.11,543.22,46115.87,0.538,0.504,89,85,9,0.064,0,0.0031,0.175,0.229,99,125,7.54,7.78,0.234,4791.04,0.233,45.28
UPI00812,Pune,Android,Minimum,19,1-2y,20,5.8,120,238.71,797.16,26613.36,0.614,0.399,66,54,8,0.0779,1,0.0089,0.128,0.308,57,83,4.17,2.34,0.352,11781.06,0.32,23.35
UPI00813,Hyderabad,Android,Full,20,1-2y,24,3.98,86,3074.14,10930.13,244431.22,0.726,0.249,37,49,0,0.0054,0,0.0067,0.097,0.266,69,128,2.54,8.21,0.366,141279.93,0.337,12.05
UPI00814,Hyderabad,iOS,Minimum,12,6-12m,26,3.0,57,3096.0,9007.28,202083.44,0.664,0.283,33,30,4,0.0835,0,0.001,0.037,0.304,51,59,3.58,15.56,0.316,56704.79,0.364,25.24
UPI00815,Bengaluru,iOS,Minimum,3,0-6m,18,2.14,6,801.49,2914.07,4890.43,0.72,0.243,3,0,1,0.1796,1,0.1692,0.134,0.288,37,54,4.23,120.92,0.411,1869.17,0.448,78.94
UPI00816,Delhi,Android,Full,9,6-12m,30,6.51,214,188.46,365.05,45338.79,0.641,0.354,145,68,5,0.0312,0,0.0083,0.114,0.325,88,120,2.76,1.5,0.287,3672.61,0.336,16.99
UPI00817,Pune,Android,Full,19,1-2y,20,4.49,82,567.27,1653.72,40047.82,0.694,0.262,26,55,4,0.057,0,0.0077,0.103,0.274,36,45,3.82,15.41,0.267,31225.76,0.293,25.37
UPI00818,Pune,Android,Premium,1,0-6m,9,7.87,63,40,168.83,2211.27,0.439,0.64,22,43,10,0.1723,1,0.0195,0.731,0.518,31,72,7.53,10.59,0.852,2421.79,0.248,76.39
UPI00819,Hyderabad,Android,Premium,16,1-2y,25,3.75,67,305.26,829.09,22482.43,0.871,0.137,48,16,3,0.0571,3,0.0533,0.157,0.359,67,85,7.7,9.65,0.41,18500.71,0.387,32.32
UPI00820,Bengaluru,Android,Full,27,2y+,14,3.28,49,590.89,1473.5,26189.0,0.819,0.17,27,23,8,0.1645,5,0.1036,0.085,0.25,46,58,8.39,18.91,0.348,12173.54,0.443,45.95
UPI00821,Ahmedabad,iOS,Minimum,19,1-2y,11,4.77,54,810.91,2960.23,37578.85,0.667,0.382,26,26,1,0.0335,0,0.0038,0.157,0.252,24,43,4.21,8.66,0.682,23227.04,0.335,28.86
UPI00822,Delhi,iOS,Premium,16,1-2y,2,1.09,1,209.22,547.12,202.19,0.529,0.412,0,1,0,0.0151,0,0.0056,0.133,0.181,6,8,0.6,250,0.409,50,0.235,9.19
UPI00823,Kolkata,Android,Full,33,2y+,13,16.2,207,1309.39,6113.29,280280.88,0.31,0.747,54,153,23,0.119,10,0.0525,0.298,0.65,41,59,6.22,1.66,0.52,42800.48,0.311,64.63
UPI00824,Mumbai,Android,Full,22,1-2y,27,5.79,133,925.75,1593.88,141156.46,0.573,0.446,79,56,1,0.0213,0,0.0026,0.042,0.277,70,80,3.53,5.83,0.05,60901.76,0.284,18.66
UPI00825,Hyderabad,Android,Premium,1,0-6m,19,3.38,44,63.19,172.44,2836.27,0.716,0.277,37,10,4,0.0952,0,0.0044,0.092,0.36,37,67,5.97,14.44,0.493,1118.26,0.373,30.22
UPI00826,Delhi,Android,Full,5,0-6m,15,4.36,88,752.49,1786.31,74410.32,0.484,0.548,39,45,5,0.0662,3,0.0383,0.105,0.382,38,51,3.66,4.25,0.446,21557.25,0.289,33.69
UPI00827,Ahmedabad,Android,Full,31,2y+,15,3.93,62,436.52,1251.21,27132.9,0.834,0.152,28,29,6,0.1068,0,0.0025,0.062,0.234,44,82,9.14,8.03,0.324,12946.89,0.426,16.95
UPI00828,Delhi,iOS,Full,17,1-2y,19,4.76,78,449.07,1540.34,38950.26,0.699,0.303,60,15,6,0.0883,2,0.0317,0.165,0.251,51,87,5.46,10.27,0.704,22543.1,0.416,46.18
UPI00829,Hyderabad,Android,Full,26,2y+,22,2.32,49,697.2,1603.18,35769.31,0.613,0.355,25,29,4,0.0932,0,0.002,0.131,0.265,33,44,5.03,15.54,0.216,6746.42,0.327,28.54
UPI00830,Delhi,Android,Full,11,6-12m,6,1.65,5,661.04,1741.11,3280.48,0.628,0.373,5,0,2,0.35,0,0.0003,0.115,0.233,4,7,2.46,143.66,0.41,2785.04,0.329,74.36
UPI00831,Pune,iOS,Full,6,0-6m,12,3.77,61,4456.94,11151.33,268391.38,0.558,0.449,24,38,5,0.096,0,0.0025,0.087,0.308,27,31,4.59,10.8,0.181,46984.66,0.353,34.07
UPI00832,Bengaluru,Android,Full,31,2y+,31,6.03,260,1475.59,4478.33,330724.07,0.245,0.787,52,206,23,0.1058,6,0.0236,0.374,0.574,89,131,7.66,2.9,0.591,158133.93,0.208,50.66
UPI00833,Hyderabad,Android,Premium,19,1-2y,15,2.28,29,656.29,2158.61,21049.22,0.619,0.35,17,11,1,0.0369,1,0.036,0.074,0.356,29,37,4.1,26.32,0.551,2006.51,0.367,12.3
UPI00834,Delhi,iOS,Full,14,1-2y,28,7.79,186,117.19,323.11,24917.26,0.481,0.474,74,113,0,0.0141,5,0.0281,0.159,0.383,92,195,5.49,6.97,0.321,19702.73,0.287,24.47
UPI00835,Chennai,Android,Minimum,18,1-2y,26,8.64,237,117.54,331.48,23857.05,0.707,0.311,143,90,11,0.0521,0,0.0071,0.168,0.314,90,192,4.49,3.73,0.309,16696.4,0.383,36.61
UPI00836,Mumbai,iOS,Minimum,22,1-2y,1,1.53,1,479.31,1563.65,551.0,0.321,0.682,0,0,1,0.35,0,0.0035,0.106,0.278,4,6,0.5,250,0.458,50,0.284,77.15
UPI00837,Mumbai,iOS,Minimum,14,1-2y,2,0.31,1,690.98,1805.71,661.82,0.47,0.513,1,0,4,0.35,0,0.0095,0.09,0.223,2,3,3.6,250,0.349,3447.25,0.285,69.32
UPI00838,Chennai,Android,Full,7,6-12m,18,4.19,75,1732.66,4392.68,139629.14,0.617,0.414,51,22,4,0.0635,0,0.0016,0.045,0.27,30,37,6.99,10.07,0.333,73998.1,0.327,20.41
UPI00839,Chennai,iOS,Premium,3,0-6m,14,6.97,69,1303.52,4446.27,87852.34,0.356,0.696,23,40,27,0.35,9,0.1331,0.343,0.443,45,80,1.31,14.79,0.648,18405.32,0.33,100
UPI00840,Bengaluru,Android,Premium,22,1-2y,17,9.16,136,242.97,695.06,34873.36,0.532,0.503,79,61,3,0.0313,1,0.008,0.151,0.332,51,116,6.4,5.63,0.278,23101.28,0.369,26.48
UPI00841,Ahmedabad,iOS,Full,11,6-12m,20,3.92,34,126.84,408.04,3624.79,0.939,0.037,23,12,2,0.0606,1,0.0359,0.102,0.317,44,55,5.22,20.31,0.286,1408.02,0.502,19.83
UPI00842,Mumbai,iOS,Full,9,6-12m,14,1.83,46,183.99,395.39,8600.67,0.641,0.354,20,28,7,0.1564,1,0.0223,0.125,0.38,36,61,7.83,15.33,0.256,3765.41,0.351,36.64
UPI00843,Hyderabad,Android,Full,21,1-2y,25,4.12,112,932.9,2272.79,105889.07,0.929,0.099,93,20,7,0.0692,3,0.0273,0.054,0.283,76,124,5.52,6.5,0.546,46791.57,0.401,25.35
UPI00844,Mumbai,Android,Minimum,1,0-6m,6,1.74,12,574.96,1873.26,7118.34,0.516,0.504,7,3,1,0.0937,0,0.0054,0.037,0.352,4,5,2.01,60.09,0.473,4475.73,0.313,33.92
UPI00845,Hyderabad,Android,Minimum,14,1-2y,27,4.61,152,842.08,2598.65,120006.51,0.938,0.039,106,44,6,0.0523,1,0.0094,0.198,0.262,78,124,3.89,4.93,0.304,83502.71,0.436,29.32
UPI00846,Kolkata,iOS,Full,37,2y+,4,1.42,6,357.76,1082.94,2455.0,0.461,0.58,0,3,0,0.0127,0,0.0006,0.136,0.464,4,6,3.17,118.19,0.258,1602.98,0.338,17.05
UPI00847,Bengaluru,Android,Minimum,25,2y+,16,3.9,57,593.11,1436.34,30830.62,0.583,0.459,28,25,2,0.0482,0,0.0061,0.158,0.314,33,58,6.44,13.86,0.339,19026.43,0.385,23.13
UPI00848,Mumbai,Android,Minimum,9,6-12m,23,7.75,198,108.48,258.49,23177.6,0.612,0.359,85,110,6,0.0324,0,0.0084,0.112,0.353,90,112,3.65,0.2,0.226,11321.0,0.42,23.67
UPI00849,Mumbai,Android,Full,23,1-2y,17,6.46,103,179.92,494.85,20148.21,0.64,0.371,52,52,3,0.0308,0,0.0069,0.118,0.238,37,55,2.92,13.87,0.375,13761.78,0.402,29.43
UPI00850,Kolkata,Android,Premium,6,0-6m,15,3.94,59,3624.8,9894.23,189709.5,0.351,0.545,16,42,26,0.35,2,0.0367,0.497,0.555,62,165,7.87,11.47,0.682,130235.69,0.29,100
UPI00851,Pune,iOS,Premium,5,0-6m,16,3.85,54,719.37,1605.27,32164.42,0.705,0.251,36,15,3,0.0685,1,0.0186,0.053,0.215,33,51,5.05,15.32,0.322,3709.49,0.369,38.75
UPI00852,Hyderabad,Android,Full,27,2y+,24,8.22,158,146.96,504.97,20519.41,0.7,0.294,89,75,4,0.0309,4,0.028,0.088,0.29,66,94,5.49,0.2,0.643,5871.2,0.411,23.64
UPI00853,Delhi,Android,Premium,7,6-12m,18,7.86,159,2039.55,7722.77,335757.78,0.42,0.462,49,108,15,0.1042,9,0.0628,0.639,0.562,41,94,5.1,0.2,0.629,167985.16,0.309,54.51
UPI00854,Delhi,Android,Minimum,20,1-2y,19,2.8,39,620.37,1958.28,20684.93,0.533,0.461,22,15,0,0.0126,4,0.1101,0.114,0.301,50,74,4.78,14.74,0.392,12954.99,0.351,27.06
UPI00855,Kolkata,iOS,Full,8,6-12m,4,1.1,1,505.28,800.14,452.31,0.611,0.457,0,0,1,0.35,2,0.2,0.095,0.244,9,12,3.74,250,0.122,1446.24,0.394,95.9
UPI00856,Delhi,Android,Minimum,14,1-2y,16,4.82,80,2747.02,6492.61,201028.46,0.567,0.475,26,55,1,0.0243,0,0.0053,0.146,0.227,19,32,4.59,8.69,0.436,73883.07,0.278,17.98
UPI00857,Mumbai,Android,Minimum,16,1-2y,11,2.93,19,742.8,2001.47,12887.32,0.673,0.375,8,13,3,0.1724,1,0.0535,0.135,0.279,30,34,3.56,39.14,0.265,7957.81,0.311,58.54
UPI00858,Chennai,Android,Full,12,6-12m,20,5.42,117,559.65,927.36,57764.82,0.526,0.514,63,49,1,0.0096,1,0.0139,0.083,0.252,33,42,5.51,7.11,0.318,20073.08,0.247,29.14
UPI00859,Bengaluru,Android,Full,12,6-12m,6,0.05,4,341.89,828.6,1414.66,0.523,0.418,3,1,2,0.35,2,0.2,0.022,0.232,14,21,1.79,180.3,0.32,50,0.316,85.61
UPI00860,Bengaluru,Android,Premium,10,6-12m,2,0.51,1,471.97,1343.07,513.98,0.583,0.421,1,0,0,0.0134,1,0.2,0.032,0.426,5,6,2.51,250,0.538,1871.5,0.347,28.16
UPI00861,Delhi,Android,Full,14,1-2y,18,4.01,81,656.17,1165.05,53151.17,0.653,0.356,49,34,5,0.0753,1,0.0205,0.178,0.385,41,67,5.12,11.47,0.259,22687.19,0.362,32.74
UPI00862,Pune,Android,Premium,33,2y+,24,7.18,180,145.79,390.25,26367.58,0.657,0.311,79,96,0,0.001,0,0.0009,0.198,0.302,67,103,7.61,5.67,0.441,7459.48,0.372,25.38
UPI00863,Kolkata,Android,Premium,13,1-2y,26,7.11,167,242.0,871.55,47140.0,0.618,0.394,108,64,8,0.0494,0,0.0003,0.148,0.307,59,89,5.36,3.29,0.418,30599.42,0.407,23.54
UPI00864,Delhi,Android,Full,29,2y+,11,7.49,82,3875.91,10566.63,315502.97,0.203,0.85,17,66,4,0.0672,9,0.1103,0.416,0.503,36,72,9.41,9.49,0.582,153469.47,0.263,53.11
UPI00865,Kolkata,Android,Premium,10,6-12m,18,2.08,36,921.19,2254.28,37710.27,0.511,0.537,21,16,1,0.0352,2,0.0606,0.166,0.257,31,55,3.9,14.88,0.324,5631.79,0.237,26.31
UPI00866,Bengaluru,Android,Full,21,1-2y,10,4.8,67,1620.55,2928.58,123489.75,0.851,0.139,49,18,2,0.0416,0,0.0077,0.122,0.279,24,31,4.11,12.84,0.167,57493.88,0.415,24.8
UPI00867,Delhi,Android,Full,13,1-2y,22,7.03,144,239.76,461.49,37024.02,0.498,0.53,67,78,5,0.0426,1,0.0129,0.219,0.236,59,117,6.36,1.65,0.071,12723.9,0.349,27.92
UPI00868,Hyderabad,Android,Full,12,6-12m,18,0.5,37,1018.02,4681.47,31195.39,0.569,0.515,9,31,13,0.35,19,0.2,0.613,0.426,97,261,10.31,22.58,1.025,10986.38,0.423,99.05
UPI00869,Bengaluru,iOS,Full,31,2y+,16,3.03,50,423.23,1077.33,22987.2,0.834,0.166,33,15,5,0.1018,3,0.0689,0.186,0.232,45,76,2.67,10.37,0.379,3424.46,0.402,48.11
UPI00870,Bengaluru,Android,Minimum,18,1-2y,6,0.92,8,370.25,1439.28,2907.87,0.498,0.555,1,5,2,0.2615,0,0.0093,0.108,0.503,8,13,4.03,93.91,0.559,1346.12,0.412,51.74
UPI00871,Ahmedabad,Android,Minimum,15,1-2y,19,4.25,88,506.13,1099.0,47585.84,0.598,0.373,35,51,1,0.0209,2,0.029,0.146,0.407,33,50,3.51,9.22,0.36,14058.52,0.339,25.87
UPI00872,Bengaluru,Android,Full,9,6-12m,12,1.19,11,447.22,1400.61,5147.01,0.555,0.418,6,11,4,0.35,0,0.0088,0.144,0.261,13,19,3.78,68.36,0.485,3140.42,0.3,83.2
UPI00873,Mumbai,Android,Minimum,11,6-12m,10,5.57,46,3727.42,10125.4,158795.6,0.816,0.175,21,25,4,0.101,1,0.0256,0.176,0.184,18,32,4.98,16.88,0.155,105634.72,0.367,32.14
UPI00874,Delhi,Android,Full,25,2y+,8,1.41,1,584.53,1828.67,586.58,0.327,0.68,1,0,0,0.0148,2,0.2,0.148,0.462,6,8,3.77,250,0.473,50,0.214,37.19
UPI00875,Mumbai,Android,Minimum,9,6-12m,25,8.26,195,200.19,539.6,38227.8,0.508,0.487,62,135,2,0.0139,4,0.0259,0.084,0.331,57,89,7.28,4.9,0.264,8490.16,0.269,32.85
UPI00876,Kolkata,Android,Full,19,1-2y,25,7.29,189,291.64,835.49,57161.44,0.616,0.396,125,62,9,0.0565,2,0.0134,0.108,0.388,79,145,5.27,11.54,0.323,34903.03,0.358,47.25
UPI00877,Pune,Android,Full,18,1-2y,24,3.38,105,44.98,140.93,3956.62,0.562,0.344,56,50,17,0.1772,5,0.0509,0.477,0.444,120,325,6.45,10.34,0.691,4072.26,0.323,67.16
UPI00878,Kolkata,Android,Full,22,1-2y,20,3.77,90,805.93,2591.14,78088.08,0.664,0.292,50,42,5,0.0614,0,0.004,0.071,0.409,52,67,5.08,6.99,0.453,33808.99,0.339,15.16
UPI00879,Ahmedabad,Android,Full,2,0-6m,2,1.11,3,20,55.38,100,0.408,0.522,3,0,0,0.0047,0,0.0018,0.113,0.449,9,15,4.36,242.38,0.578,50,0.335,16.54
UPI00880,Mumbai,Android,Minimum,33,2y+,19,3.36,81,1825.99,5137.05,122570.02,0.635,0.336,58,19,2,0.0256,0,0.0064,0.051,0.308,35,40,3.29,11.01,0.296,81704.84,0.42,3.0
UPI00881,Kolkata,iOS,Full,23,1-2y,30,4.77,83,85.73,232.63,6465.77,0.594,0.365,40,41,6,0.0836,2,0.0316,0.114,0.249,68,133,6.83,10.28,0.401,7175.31,0.354,36.87
UPI00882,Hyderabad,Android,Full,15,1-2y,23,5.78,148,149.79,450.61,24538.7,0.616,0.411,79,64,7,0.0518,0,0.0017,0.105,0.304,79,167,7.2,1.32,0.514,16599.63,0.284,30.31
UPI00883,Bengaluru,Android,Full,20,1-2y,18,1.81,13,4569.69,9298.3,60978.23,0.778,0.228,13,0,2,0.1657,1,0.0829,0.101,0.361,46,83,2.95,52.16,0.248,6366.31,0.374,42.78
UPI00884,Delhi,Android,Full,18,1-2y,13,2.88,30,2781.63,5705.97,78194.32,0.818,0.191,14,16,4,0.1353,0,0.0042,0.16,0.344,25,38,2.97,22.36,0.35,18885.82,0.493,41.01
UPI00885,Hyderabad,iOS,Full,30,2y+,10,3.04,41,685.1,1747.66,25814.33,0.873,0.107,18,28,1,0.03,0,0.0053,0.195,0.366,26,34,5.5,20.2,0.321,15586.59,0.459,6.54
UPI00886,Bengaluru,iOS,Full,26,2y+,15,5.46,65,2747.02,6548.27,186344.61,0.318,0.576,9,51,12,0.1974,8,0.1319,0.29,0.596,51,87,9.29,8.93,0.439,75255.06,0.318,73.62
UPI00887,Bengaluru,Android,Full,23,1-2y,20,2.72,52,2955.01,4952.78,167764.57,0.801,0.232,35,15,0,0.0074,2,0.0414,0.055,0.338,43,69,3.18,12.65,0.254,27817.17,0.384,8.2
UPI00888,Hyderabad,Android,Minimum,22,1-2y,20,6.06,114,2576.71,10107.98,331020.18,0.436,0.592,45,66,25,0.2317,6,0.0621,0.696,0.615,82,172,10.64,5.19,0.672,43889.3,0.393,90.8
UPI00889,Delhi,Android,Full,3,0-6m,10,1.23,25,700.36,2382.83,19571.3,0.422,0.61,1,22,2,0.0943,0,0.0004,0.07,0.402,19,24,3.27,32.45,0.555,5330.21,0.318,35.43
UPI00890,Delhi,Android,Full,18,1-2y,13,5.66,77,456.51,1226.53,38775.68,0.562,0.389,24,44,2,0.0311,1,0.0194,0.057,0.386,31,58,4.99,10.5,0.341,19033.65,0.277,19.56
UPI00891,Pune,Android,Full,12,6-12m,21,2.69,51,3773.31,5753.53,220085.86,0.746,0.228,33,19,0,0.0121,2,0.0481,0.056,0.286,30,47,3.14,10.15,0.218,98999.58,0.453,11.52
UPI00892,Chennai,Android,Minimum,33,2y+,6,1.37,9,389.72,1095.65,3561.38,0.484,0.532,2,9,0,0.0062,0,0.001,0.07,0.238,7,11,5.42,81.6,0.376,1521.6,0.304,10.33
UPI00893,Mumbai,Android,Premium,19,1-2y,17,4.76,94,3788.23,7131.98,401148.76,0.624,0.333,39,54,0,0.0092,3,0.0414,0.052,0.294,37,51,3.14,5.56,0.171,237431.96,0.391,26.18
UPI00894,Delhi,Android,Full,15,1-2y,30,6.05,153,182.03,690.21,32034.73,0.586,0.443,84,69,8,0.0621,0,0.003,0.187,0.374,78,172,6.84,6.8,0.486,9905.01,0.305,31.65
UPI00895,Pune,iOS,Full,24,1-2y,10,3.0,47,4108.42,6371.78,174844.11,0.656,0.354,16,31,2,0.0522,0,0.0047,0.092,0.271,20,33,6.71,19.33,0.296,50579.02,0.371,40.46
UPI00896,Pune,Android,Minimum,11,6-12m,7,1.23,5,380.1,1113.48,1845.02,0.549,0.389,4,1,3,0.35,0,0.0025,0.129,0.515,9,15,5.11,142.7,0.215,137.84,0.374,75.91
UPI00897,Bengaluru,iOS,Full,19,1-2y,6,1.61,1,466.79,1304.31,463.43,0.49,0.463,1,0,2,0.35,0,0.0092,0.112,0.301,7,11,3.68,250,0.209,50,0.343,64.03
UPI00898,Pune,Android,Full,33,2y+,27,2.19,74,728.13,1294.49,57398.99,0.895,0.109,52,21,3,0.0466,0,0.0097,0.162,0.306,60,122,4.71,11.47,0.136,7166.52,0.481,21.47
UPI00899,Bengaluru,Android,Minimum,30,2y+,23,10.83,230,1771.26,3141.85,400423.57,0.552,0.455,121,112,35,0.1681,4,0.0184,0.427,0.366,115,236,8.18,0.2,0.205,212048.63,0.304,77.26
UPI00900,Chennai,Android,Full,21,1-2y,26,4.64,38,1047.62,3574.26,46177.05,0.625,0.337,11,25,3,0.0872,2,0.0575,0.123,0.272,68,91,4.3,18.79,0.313,25859.22,0.273,42.23
UPI00901,Mumbai,Android,Premium,12,6-12m,29,5.25,123,294.49,1132.89,42099.91,0.871,0.13,108,8,8,0.0682,1,0.0179,0.148,0.219,95,152,5.73,6.94,0.421,19704.89,0.373,34.87
UPI00902,Ahmedabad,Android,Full,16,1-2y,9,2.54,33,342.57,1025.13,10639.71,0.465,0.522,9,20,7,0.2169,2,0.0649,0.147,0.26,15,25,4.27,22.46,0.392,1052.36,0.226,62.33
UPI00903,Bengaluru,Android,Minimum,25,2y+,25,7.56,182,141.53,402.03,27858.24,0.678,0.304,120,58,2,0.0182,1,0.0105,0.076,0.26,67,88,7.12,6.01,0.303,16369.46,0.306,25.47
UPI00904,Kolkata,Android,Minimum,4,0-6m,19,7.34,134,182.46,409.51,21567.19,0.627,0.396,56,78,10,0.0813,1,0.0105,0.218,0.329,64,142,6.9,4.5,0.077,10282.22,0.302,49.34
UPI00905,Delhi,iOS,Minimum,11,6-12m,4,1.12,5,319.06,1233.22,1518.83,0.316,0.677,0,2,1,0.2104,1,0.2,0.075,0.432,3,4,3.5,138.81,0.347,3274.08,0.209,74.51
UPI00906,Bengaluru,Android,Full,8,6-12m,5,0.05,1,736.1,2425.19,627.96,0.517,0.56,1,0,1,0.35,0,0.0081,0.087,0.269,3,4,1.5,250,0.357,50,0.346,82.71
UPI00907,Pune,Android,Full,7,6-12m,23,3.19,71,1012.67,4073.47,61188.4,0.632,0.376,39,32,7,0.1033,1,0.0175,0.141,0.2,39,43,5.37,14.22,0.733,44552.53,0.277,36.71
UPI00908,Delhi,Android,Full,2,0-6m,13,9.83,137,3921.23,15443.05,524789.47,0.269,0.747,29,107,25,0.1939,6,0.0446,0.396,0.53,68,194,9.96,5.84,0.779,165595.34,0.194,80.7
UPI00909,Kolkata,Android,Minimum,33,2y+,19,5.16,85,1069.71,2900.88,91482.94,0.912,0.093,57,24,7,0.0851,5,0.0596,0.057,0.255,64,96,2.9,10.06,0.41,42515.17,0.387,33.22
UPI00910,Mumbai,Android,Full,8,6-12m,13,7.75,106,932.77,2914.29,92070.75,0.292,0.611,26,73,16,0.163,4,0.041,0.753,0.358,19,52,9.7,2.91,0.671,45590.78,0.187,84.68
UPI00911,Delhi,Android,Full,25,2y+,24,5.03,94,75.75,138.92,6279.82,0.86,0.167,75,23,4,0.0436,3,0.0347,0.047,0.228,73,91,6.35,7.58,0.266,1945.83,0.354,5.77
UPI00912,Bengaluru,Android,Minimum,13,1-2y,10,5.58,55,521.38,881.98,32604.63,0.534,0.442,26,31,3,0.0567,0,0.0032,0.07,0.41,31,57,3.98,18.03,0.05,12203.18,0.334,31.23
UPI00913,Pune,Android,Minimum,22,1-2y,23,4.53,98,405.19,928.96,35022.71,0.585,0.464,61,36,0,0.001,0,0.0002,0.09,0.284,35,62,4.01,9.17,0.415,5022.72,0.404,24.67
UPI00914,Hyderabad,Android,Minimum,23,1-2y,23,6.66,169,1022.12,2870.59,172335.93,0.326,0.568,43,126,10,0.0649,5,0.0386,0.365,0.474,62,142,9.89,3.04,0.697,39998.18,0.283,52.76
UPI00915,Kolkata,Android,Minimum,23,1-2y,21,8.52,153,306.54,881.37,40936.62,0.548,0.486,71,78,1,0.0192,0,0.0065,0.22,0.338,50,62,9.42,6.23,0.446,29741.72,0.325,35.46
UPI00916,Pune,Android,Full,22,1-2y,18,7.62,184,617.83,1038.89,123103.87,0.874,0.117,141,42,4,0.0332,1,0.0113,0.143,0.426,65,91,6.24,4.23,0.053,27689.61,0.408,16.59
UPI00917,Delhi,Android,Minimum,27,2y+,26,4.51,108,4153.07,6773.01,407488.96,0.7,0.242,53,53,2,0.0248,0,0.006,0.112,0.276,60,81,1.21,5.83,0.24,130828.73,0.39,16.53
UPI00918,Bengaluru,iOS,Full,15,1-2y,21,3.18,47,4343.1,15488.68,206816.06,0.667,0.385,33,14,5,0.1161,1,0.0221,0.172,0.329,54,93,6.57,11.44,0.681,136738.07,0.294,51.06
UPI00919,Ahmedabad,iOS,Premium,15,1-2y,28,6.41,193,235.36,674.8,37628.41,0.574,0.468,108,78,0,0.0093,0,0.0067,0.153,0.221,91,163,5.12,0.2,0.31,25043.61,0.292,34.81
UPI00920,Kolkata,iOS,Full,1,0-6m,20,7.08,124,83.53,219.23,8824.03,0.525,0.505,64,61,8,0.0775,0,0.0054,0.054,0.224,37,51,7.84,8.31,0.303,1367.86,0.323,35.44
UPI00921,Ahmedabad,Android,Full,19,1-2y,3,0.68,1,387.36,641.55,442.92,0.497,0.46,0,0,2,0.35,0,0.0084,0.15,0.431,6,7,4.36,250,0.256,2920.68,0.373,68.44
UPI00922,Pune,iOS,Full,11,6-12m,26,4.7,120,69.96,193.62,8694.44,0.55,0.488,58,61,4,0.0403,0,0.0041,0.159,0.392,80,174,5.45,3.55,0.495,2893.68,0.388,27.19
UPI00923,Chennai,iOS,Full,24,1-2y,25,6.81,176,194.85,462.41,38317.11,0.531,0.449,84,90,5,0.034,0,0.0002,0.103,0.247,86,158,6.01,9.8,0.374,20857.38,0.343,22.87
UPI00924,Mumbai,Android,Full,22,1-2y,24,2.18,30,942.47,2075.05,32920.46,0.885,0.102,19,12,1,0.0414,2,0.0728,0.134,0.3,86,138,4.04,22.06,0.11,12560.6,0.41,27.38
UPI00925,Mumbai,Android,Full,34,2y+,20,5.16,90,557.86,1533.33,49384.28,0.611,0.386,43,45,2,0.0236,1,0.0182,0.09,0.338,55,97,6.95,4.32,0.39,25874.31,0.395,17.61
UPI00926,Mumbai,iOS,Premium,9,6-12m,17,3.67,49,4224.45,12076.17,206312.56,0.757,0.188,19,26,3,0.0701,0,0.002,0.112,0.285,34,63,6.27,13.21,0.425,108984.46,0.371,24.55
UPI00927,Pune,Android,Minimum,10,6-12m,16,1.98,41,3574.19,9832.56,169698.23,0.672,0.348,19,22,2,0.0626,1,0.0291,0.041,0.361,31,41,5.04,20.55,0.395,36502.97,0.347,19.81
UPI00928,Hyderabad,Android,Minimum,3,0-6m,23,10.75,267,240.12,658.75,55646.77,0.664,0.307,133,138,6,0.0293,0,0.0015,0.077,0.379,75,118,6.56,3.1,0.512,39750.97,0.394,41.43
UPI00929,Delhi,Android,Full,19,1-2y,11,1.62,18,482.85,1401.37,9382.72,0.619,0.381,11,7,2,0.1154,3,0.1717,0.068,0.406,24,27,2.57,36.11,0.295,7669.5,0.377,56.67
UPI00930,Ahmedabad,Android,Full,5,0-6m,18,3.97,65,732.67,2028.6,51003.32,0.546,0.503,51,16,5,0.083,0,0.0094,0.066,0.287,44,49,3.87,15.36,0.287,22785.09,0.353,36.17
UPI00931,Chennai,Android,Full,1,0-6m,21,5.66,77,2805.5,7712.43,230127.85,0.304,0.747,24,55,20,0.2812,7,0.0943,0.684,0.595,91,180,7.56,8.3,0.612,104258.05,0.33,100
UPI00932,Chennai,iOS,Full,14,1-2y,19,3.1,63,950.63,1635.36,62881.91,0.506,0.49,30,33,4,0.0638,2,0.0331,0.044,0.216,37,57,2.66,11.78,0.198,10187.6,0.218,21.21
UPI00933,Hyderabad,Android,Full,2,0-6m,23,5.51,111,263.18,634.38,28614.16,0.487,0.511,37,78,11,0.1112,2,0.0209,0.1,0.231,71,149,7.98,8.29,0.276,11219.64,0.225,50.11
UPI00934,Hyderabad,iOS,Full,12,6-12m,20,6.63,117,160.7,342.52,17426.33,0.6,0.402,54,59,1,0.0125,0,0.0003,0.14,0.371,56,127,1,7.01,0.194,11682.93,0.314,27.82
UPI00935,Ahmedabad,Android,Minimum,4,0-6m,28,10.64,326,124.4,378.12,38855.35,0.649,0.329,159,166,5,0.0211,0,0.0007,0.152,0.237,87,105,3.63,4.84,0.313,7274.06,0.382,38.98
UPI00936,Mumbai,Android,Full,12,6-12m,22,5.09,141,531.39,1643.06,67750.23,0.462,0.579,67,70,2,0.0271,1,0.0148,0.154,0.264,59,88,7.7,6.57,0.481,8127.41,0.32,19.06
UPI00937,Ahmedabad,Android,Full,25,2y+,10,3.0,41,259.61,525.45,9584.86,0.474,0.492,23,19,1,0.0397,3,0.0743,0.145,0.266,26,49,5.89,17.01,0.318,3125.75,0.241,40.23
UPI00938,Pune,Android,Full,12,6-12m,20,7.26,139,249.38,867.27,34387.66,0.618,0.395,91,46,4,0.0322,3,0.0304,0.192,0.353,70,152,4.62,5.23,0.64,17865.76,0.417,34.23
UPI00939,Delhi,Android,Full,25,2y+,23,7.95,175,245.41,660.75,41455.18,0.504,0.5,70,101,3,0.0256,2,0.0169,0.168,0.309,77,133,8.91,4.36,0.689,10895.79,0.339,24.87
UPI00940,Mumbai,Android,Full,21,1-2y,22,2.1,31,524.55,1818.6,15653.33,0.583,0.459,18,12,2,0.068,0,0.0068,0.114,0.304,69,131,5.0,23.46,0.478,9003.18,0.304,25.77
UPI00941,Pune,iOS,Premium,29,2y+,15,3.94,49,543.07,838.83,29102.55,0.886,0.12,37,8,4,0.0925,3,0.0617,0.169,0.249,31,55,6.89,13.31,0.152,11213.61,0.388,32.45
UPI00942,Bengaluru,Android,Premium,18,1-2y,23,2.83,46,2367.42,5950.44,118843.35,0.648,0.37,19,28,5,0.1136,0,0.0024,0.056,0.31,62,86,6.01,15.15,0.388,26534.95,0.424,36.06
UPI00943,Ahmedabad,iOS,Full,17,1-2y,16,6.33,85,626.28,1536.75,56269.09,0.526,0.507,42,45,1,0.0207,1,0.0151,0.106,0.305,31,49,3.95,8.06,0.254,15271.07,0.308,19.34
UPI00944,Ahmedabad,Android,Premium,1,0-6m,31,1.87,40,1270.15,2728.01,51602.07,0.761,0.267,23,18,3,0.0902,0,0.0098,0.168,0.307,67,103,6.25,15.6,0.269,37336.41,0.357,34.62
UPI00945,Delhi,Android,Full,17,1-2y,27,1.21,1,1144.85,2369.67,1266.95,0.786,0.208,0,1,1,0.35,3,0.2,0.148,0.434,90,150,5.13,250,0.28,50,0.403,93.11
UPI00946,Delhi,Android,Minimum,3,0-6m,27,1.68,41,200.2,584.18,8000.99,0.572,0.383,18,25,5,0.1336,1,0.0318,0.092,0.321,58,80,3.6,14.22,0.336,2424.37,0.375,40.42
UPI00947,Mumbai,Android,Full,8,6-12m,23,5.64,140,865.1,1741.02,99725.5,0.491,0.551,58,86,3,0.0223,0,0.007,0.071,0.263,42,65,4.23,5.54,0.371,26067.14,0.252,29.83
UPI00948,Pune,Android,Minimum,28,2y+,14,3.92,61,523.68,523.68,33028.67,0.683,0.273,31,30,6,0.102,3,0.0527,0.079,0.266,29,41,7.35,9.3,0.166,22984.81,0.348,30.12
UPI00949,Mumbai,Android,Minimum,22,1-2y,22,5.41,100,1238.85,3092.47,110850.52,0.861,0.131,80,18,1,0.0161,1,0.0149,0.111,0.37,42,64,7.12,5.83,0.469,55251.86,0.469,21.46
UPI00950,Ahmedabad,iOS,Full,16,1-2y,19,3.81,114,615.09,2016.36,69380.09,0.474,0.512,45,68,0,0.0085,0,0.0084,0.074,0.415,44,84,4.32,10.03,0.48,49858.97,0.31,16.77
UPI00951,Mumbai,Android,Full,24,1-2y,22,6.97,160,200.98,469.72,26774.66,0.694,0.327,94,63,8,0.0621,2,0.0186,0.212,0.389,79,185,3.31,0.84,0.203,5275.38,0.438,33.19
UPI00952,Chennai,Android,Minimum,25,2y+,11,5.09,42,664.85,2001.09,23699.21,0.485,0.561,14,30,2,0.0484,2,0.0502,0.119,0.35,26,48,5.53,18.42,0.466,14775.47,0.297,22.97
UPI00953,Chennai,Android,Full,35,2y+,12,1.49,15,3530.5,8162.77,44017.66,0.8,0.163,12,0,6,0.35,1,0.073,0.18,0.242,28,33,4.21,48.97,0.348,23358.14,0.38,85.86
UPI00954,Mumbai,Android,Full,33,2y+,10,4.45,27,404.55,1192.21,12718.57,0.932,0.085,27,0,5,0.2003,4,0.1492,0.173,0.381,27,53,6.69,27.58,0.339,5747.35,0.532,74.45
UPI00955,Chennai,Android,Minimum,1,0-6m,10,0.73,10,192.05,420.7,2001.21,0.352,0.667,0,10,1,0.1102,2,0.2,0.098,0.293,22,34,4.43,76.45,0.379,1089.5,0.234,59.1
UPI00956,Chennai,iOS,Premium,9,6-12m,15,5.64,97,494.96,1577.21,47125.21,0.604,0.351,59,38,9,0.1026,2,0.023,0.161,0.409,36,47,5.87,5.71,0.45,12535.75,0.426,46.28
UPI00957,Kolkata,Android,Minimum,19,1-2y,22,6.81,132,162.36,425.2,20345.27,0.515,0.489,38,90,9,0.0815,1,0.0145,0.132,0.349,54,134,6.9,3.16,0.578,14205.35,0.384,37.36
UPI00958,Chennai,Android,Full,1,0-6m,24,3.61,89,749.26,960.82,77534.28,0.629,0.329,46,41,2,0.0313,0,0.0099,0.08,0.228,71,138,6.81,10.0,0.103,22005.04,0.32,26.33
UPI00959,Ahmedabad,Android,Full,22,1-2y,25,2.14,68,584.62,966.74,37416.41,0.89,0.083,44,26,2,0.0409,5,0.0799,0.199,0.381,78,146,6.67,9.78,0.067,5765.8,0.436,25.54
UPI00960,Hyderabad,Android,Minimum,8,6-12m,6,0.77,2,333.31,834.93,617.88,0.62,0.362,1,0,4,0.35,0,0.0029,0.109,0.357,9,12,4.6,250,0.301,50,0.363,74.62
UPI00961,Pune,Android,Minimum,12,6-12m,15,6.87,93,677.15,1905.19,57178.51,0.876,0.101,55,35,0,0.0148,4,0.0432,0.05,0.424,44,71,5.96,11.55,0.454,8374.53,0.518,12.27
UPI00962,Delhi,Android,Premium,16,1-2y,5,0.49,3,78.63,188.89,196.77,0.573,0.379,0,3,4,0.35,0,0.0086,0.077,0.423,5,8,1.6,240.83,0.402,50,0.297,70.29
UPI00963,Delhi,iOS,Full,18,1-2y,19,5.48,75,178.06,428.13,12628.56,0.541,0.449,27,49,4,0.0614,0,0.0034,0.154,0.407,50,82,3.91,10.68,0.45,2803.57,0.356,31.36
UPI00964,Chennai,iOS,Premium,10,6-12m,9,3.7,28,585.53,921.77,17402.06,0.501,0.498,17,7,3,0.119,1,0.0435,0.162,0.342,13,22,4.59,26.23,0.05,7494.99,0.305,36.41
UPI00965,Mumbai,Android,Minimum,20,1-2y,18,2.27,38,568.82,1719.83,18444.43,0.876,0.14,27,13,0,0.0016,0,0.0003,0.167,0.296,34,58,5.38,16.95,0.306,9188.3,0.384,18.07
UPI00966,Delhi,Android,Premium,16,1-2y,6,1.54,12,1356.49,3236.69,16965.38,0.473,0.451,9,0,20,0.35,13,0.2,0.444,0.593,22,53,6.4,55.12,0.654,7317.12,0.284,97.84
UPI00967,Bengaluru,iOS,Full,29,2y+,21,4.56,63,139.68,388.75,7989.14,0.676,0.297,34,27,5,0.0854,2,0.0388,0.185,0.277,70,104,4.89,10.94,0.39,3182.33,0.428,31.36
UPI00968,Chennai,Android,Minimum,16,1-2y,21,8.51,199,216.64,436.01,47568.11,0.554,0.452,107,90,8,0.0483,2,0.0133,0.115,0.221,59,117,5.71,6.86,0.309,3288.27,0.301,30.32
UPI00969,Ahmedabad,Android,Full,11,6-12m,21,5.75,80,241.36,258.71,21152.49,0.553,0.439,29,47,4,0.0584,3,0.0468,0.092,0.332,42,63,8.43,10.45,0.05,12742.91,0.335,26.61
UPI00970,Delhi,Android,Full,24,1-2y,28,3.79,109,3256.28,9872.07,322249.62,0.786,0.242,81,25,2,0.0259,0,0.0075,0.113,0.236,69,120,5.35,4.95,0.434,169999.25,0.449,25.98
UPI00971,Kolkata,Android,Full,32,2y+,16,2.22,30,2718.46,7358.15,80416.0,0.746,0.24,26,1,2,0.079,1,0.0335,0.113,0.217,34,58,3.5,28.37,0.435,31715.46,0.424,39.15
UPI00972,Kolkata,Android,Minimum,7,6-12m,23,4.8,76,947.48,1999.47,65123.35,0.486,0.503,37,36,0,0.0127,2,0.0361,0.162,0.281,45,89,4.27,12.06,0.13,33570.71,0.358,30.22
UPI00973,Delhi,Android,Minimum,26,2y+,20,7.83,118,164.21,414.78,20697.46,0.521,0.485,57,60,2,0.0274,0,0.0094,0.064,0.338,55,108,5.24,4.65,0.524,13019.15,0.323,27.97
UPI00974,Delhi,Android,Minimum,24,1-2y,21,5.41,99,317.34,599.57,35370.82,0.927,0.046,78,20,0,0.0035,0,0.0041,0.176,0.257,46,80,4.65,4.81,0.179,13870.78,0.512,17.12
UPI00975,Kolkata,Android,Full,14,1-2y,25,5.09,178,728.62,1302.41,142795.48,0.875,0.116,158,17,2,0.0142,1,0.0097,0.123,0.361,48,96,4.47,3.51,0.167,67975.21,0.513,25.72
UPI00976,Pune,Android,Full,3,0-6m,14,8.09,131,580.06,1156.7,87257.24,0.502,0.462,68,67,1,0.0207,0,0.0052,0.075,0.275,16,19,6.69,3.93,0.182,20441.84,0.3,34.82
UPI00977,Kolkata,iOS,Full,25,2y+,20,6.55,119,227.96,791.09,29082.15,0.595,0.447,69,54,3,0.0284,0,0.0089,0.18,0.331,73,172,2.77,7.21,0.351,13735.01,0.296,22.97
UPI00978,Hyderabad,Android,Full,31,2y+,12,3.52,32,3020.26,6583.78,85212.47,0.772,0.238,19,8,2,0.0681,0,0.0032,0.095,0.346,33,61,4.99,25.13,0.174,19546.05,0.391,28.74
UPI00979,Mumbai,iOS,Full,28,2y+,10,3.95,23,632.27,2516.76,13131.92,0.587,0.457,14,9,2,0.0955,1,0.0443,0.078,0.413,29,54,6.51,32.76,0.571,50,0.301,29.62
UPI00980,Hyderabad,Android,Full,10,6-12m,25,3.9,138,4931.78,6931.46,604162.23,0.68,0.34,81,57,2,0.0226,1,0.0108,0.076,0.253,57,92,4.7,8.24,0.05,245569.03,0.376,21.65
UPI00981,Pune,Android,Minimum,32,2y+,22,3.14,87,3663.71,8417.39,262025.4,0.762,0.259,60,26,2,0.0312,0,0.0089,0.144,0.187,34,63,5.01,9.48,0.26,41347.05,0.374,13.42
UPI00982,Bengaluru,iOS,Full,8,6-12m,10,1.1,13,453.55,1039.79,5693.58,0.417,0.648,3,13,0,0.0008,1,0.0785,0.129,0.314,15,15,2.73,51.63,0.392,990.69,0.31,22.73
UPI00983,Delhi,Android,Full,12,6-12m,2,6.5,13,2478.55,9155.57,34916.27,0.206,0.795,0,13,28,0.35,9,0.2,0.671,0.658,17,33,10.48,58.49,0.778,11414.89,0.213,100
UPI00984,Kolkata,iOS,Full,30,2y+,14,5.08,71,405.26,937.51,25493.95,0.854,0.132,37,36,2,0.039,4,0.0604,0.116,0.401,45,57,4.02,4.51,0.391,18465.64,0.399,23.67
UPI00985,Ahmedabad,Android,Full,1,0-6m,24,7.32,179,216.86,651.56,34408.95,0.527,0.486,95,88,8,0.0485,2,0.0197,0.054,0.237,66,80,6.38,5.12,0.281,22828.87,0.3,33.82
UPI00986,Delhi,Android,Minimum,10,6-12m,19,3.9,72,736.08,2110.54,56650.35,0.594,0.377,38,37,0,0.0093,4,0.0564,0.138,0.24,38,74,1.79,18.25,0.485,39923.49,0.256,33.67
UPI00987,Bengaluru,Android,Full,12,6-12m,17,5.36,78,823.34,1758.04,60045.66,0.456,0.572,36,42,4,0.0627,1,0.0199,0.045,0.308,41,73,4.09,5.75,0.198,30898.67,0.272,33.81
UPI00988,Hyderabad,Android,Minimum,31,2y+,17,2.45,32,1137.9,2709.09,39306.23,0.622,0.391,23,5,7,0.2282,1,0.0363,0.045,0.234,51,81,5.28,20.13,0.354,29212.12,0.401,50.85
UPI00989,Delhi,Android,Full,30,2y+,28,6.74,204,106.7,292.01,19975.32,0.542,0.422,74,132,2,0.0189,0,0.0021,0.164,0.389,87,154,5.48,5.48,0.309,12951.41,0.262,16.46
UPI00990,Bengaluru,Android,Full,8,6-12m,1,1.3,1,279.13,936.48,305.64,0.649,0.413,1,0,2,0.35,0,0.0066,0.027,0.245,2,3,4.96,250,0.345,2122.93,0.38,72.22
UPI00991,Ahmedabad,Android,Full,19,1-2y,17,3.06,33,822.94,2537.62,27989.15,0.544,0.498,15,16,4,0.1351,2,0.0703,0.083,0.325,27,37,2.94,22.76,0.338,20671.58,0.278,56.04
UPI00992,Delhi,Android,Full,19,1-2y,17,3.14,54,3570.86,9328.78,210324.05,0.595,0.441,29,20,3,0.0567,0,0.0006,0.117,0.308,34,46,2.95,11.41,0.268,52257.11,0.342,25.96
UPI00993,Kolkata,Android,Full,3,0-6m,14,2.02,46,304.69,1197.03,14321.35,0.867,0.105,42,3,3,0.067,5,0.1156,0.061,0.201,45,79,5.99,15.61,0.496,5041.94,0.379,26.49
UPI00994,Pune,iOS,Minimum,25,2y+,20,4.67,48,285.64,953.7,13304.91,0.7,0.327,23,29,4,0.09,2,0.0492,0.118,0.293,52,66,5.67,9.38,0.498,5147.46,0.338,35.68
UPI00995,Kolkata,Android,Premium,22,1-2y,29,5.5,168,196.62,695.85,28586.41,0.714,0.241,100,66,4,0.0388,4,0.0261,0.198,0.253,90,136,6.79,1.64,0.375,22360.61,0.413,25.29
UPI00996,Delhi,Android,Full,23,1-2y,14,3.73,32,574.03,1122.86,20077.48,0.575,0.421,15,17,3,0.0986,2,0.0663,0.127,0.386,24,37,7.78,24.41,0.356,8599.94,0.42,51.5
UPI00997,Bengaluru,iOS,Premium,19,1-2y,5,1.46,3,365.92,795.17,1291.39,0.501,0.46,1,3,1,0.3463,1,0.2,0.027,0.272,10,13,5.25,235.96,0.328,50,0.373,94.61
UPI00998,Pune,Android,Premium,20,1-2y,31,7.27,241,253.04,618.35,51640.99,0.572,0.47,111,128,1,0.0065,3,0.018,0.051,0.374,98,238,6.26,3.07,0.283,29118.21,0.341,20.25
UPI00999,Pune,Android,Minimum,22,1-2y,4,0.56,4,90.91,339.4,302.77,0.51,0.428,0,4,0,0.0138,0,0.0019,0.029,0.499,7,11,3.38,181.57,0.394,50,0.29,13.18
UPI01000,Mumbai,Android,Full,21,1-2y,17,6.3,96,196.51,632.26,18225.75,0.68,0.346,53,40,5,0.0547,2,0.0227,0.097,0.275,60,122,4.51,7.84,0.322,12958.43,0.351,26.31
UPI01001,Pune,Android,Full,11,6-12m,11,11.61,136,1853.98,6030.32,246552.87,0.597,0.395,60,76,26,0.2161,1,0.0101,0.776,0.525,52,147,9.23,7.47,0.651,132778.54,0.449,90.21
UPI01002,Kolkata,Android,Full,11,6-12m,16,5.47,88,481.27,595.43,42823.71,0.803,0.22,55,36,4,0.0577,0,0.008,0.065,0.322,38,60,4.93,9.2,0.229,6608.29,0.34,8.38
UPI01003,Bengaluru,iOS,Premium,6,0-6m,16,2.11,7,4579.79,13267.63,28521.17,0.663,0.347,3,0,2,0.2877,0,0.0064,0.173,0.223,35,54,3.36,100.71,0.538,2705.61,0.368,68.15
UPI01004,Hyderabad,Android,Premium,17,1-2y,20,8.56,178,1081.75,2801.82,163267.75,0.955,0.038,119,59,3,0.0191,3,0.0177,0.195,0.35,26,37,4.08,0.2,0.24,71363.08,0.517,25.25
UPI01005,Ahmedabad,Android,Full,12,6-12m,6,1.84,15,380.82,1149.5,5143.72,0.914,0.08,12,5,5,0.3337,2,0.1431,0.058,0.215,17,30,4.47,46.44,0.135,1582.09,0.374,79.64
UPI01006,Pune,Android,Minimum,12,6-12m,23,4.57,110,742.91,1872.06,70936.59,0.849,0.135,55,52,0,0.0067,0,0.0014,0.103,0.324,58,110,3.3,4.79,0.386,26250.08,0.387,10.01
UPI01007,Kolkata,Android,Full,23,1-2y,19,6.56,131,96.32,333.32,14482.75,0.595,0.43,47,86,8,0.0614,0,0.0048,0.106,0.275,67,91,4.76,7.04,0.352,8401.66,0.375,35.73
UPI01008,Chennai,Android,Full,20,1-2y,19,4.47,108,4201.46,8580.61,426418.66,0.782,0.275,91,16,2,0.0264,2,0.0217,0.099,0.305,37,68,4.97,5.81,0.108,197845.9,0.443,21.39
UPI01009,Chennai,Android,Full,25,2y+,17,2.63,41,2642.3,8995.38,121692.31,0.756,0.227,32,5,0,0.0032,1,0.0318,0.121,0.315,35,45,4.96,16.37,0.572,36966.48,0.441,5.29
UPI01010,Kolkata,Android,Minimum,28,2y+,25,8.35,204,655.18,1834.89,134277.97,0.898,0.073,125,82,5,0.0382,1,0.0061,0.064,0.265,65,124,2.61,5.52,0.207,69693.71,0.365,17.42
UPI01011,Pune,Android,Full,26,2y+,19,0.7,11,823.35,2284.76,7750.79,0.535,0.42,4,0,5,0.35,0,0.0066,0.058,0.275,37,70,2.41,64.18,0.487,8287.11,0.357,71.66
UPI01012,Delhi,Android,Full,39,2y+,5,1.23,4,504.02,1394.49,1728.45,0.618,0.376,0,2,1,0.2566,1,0.2,0.125,0.307,2,3,2.49,182.03,0.333,174.46,0.413,84.62
UPI01013,Hyderabad,Android,Full,33,2y+,10,1.83,19,666.81,1566.82,11497.73,0.332,0.723,6,7,4,0.2116,0,0.0081,0.036,0.337,16,25,4.08,44.02,0.369,10396.82,0.188,44.11
UPI01014,Hyderabad,iOS,Full,20,1-2y,18,5.42,92,394.74,1086.3,42810.02,0.803,0.209,76,16,5,0.067,4,0.0519,0.187,0.409,43,53,6.43,6.31,0.42,6527.29,0.46,39.08
UPI01015,Ahmedabad,iOS,Full,1,0-6m,20,1.69,32,5280.1,11004.03,145879.06,0.778,0.224,17,14,2,0.0744,1,0.0407,0.071,0.281,43,75,4.86,24.06,0.246,21698.67,0.367,24.74
UPI01016,Hyderabad,Android,Full,19,1-2y,8,1.13,9,303.81,685.56,3164.49,0.342,0.608,2,2,4,0.35,0,0.0092,0.115,0.312,9,9,2.17,79.86,0.375,136.79,0.323,76.81
UPI01017,Chennai,iOS,Premium,22,1-2y,6,1.22,8,643.23,1839.99,5913.85,0.551,0.387,0,8,0,0.0019,0,0.0043,0.079,0.496,12,16,4.28,92.02,0.338,1744.16,0.422,17.15
UPI01018,Mumbai,Android,Premium,6,0-6m,12,2.78,32,546.75,1315.41,20084.71,0.603,0.357,14,16,4,0.132,1,0.0371,0.098,0.317,33,59,2.99,21.71,0.51,3967.34,0.372,36.9
UPI01019,Bengaluru,Android,Minimum,18,1-2y,21,7.1,151,252.27,642.32,41791.94,0.552,0.452,60,93,5,0.0466,2,0.0215,0.122,0.362,66,152,10.38,4.49,0.335,28302.64,0.332,34.79
UPI01020,Hyderabad,iOS,Full,12,6-12m,18,3.91,51,4293.44,17552.53,205419.83,0.601,0.506,25,29,13,0.2618,10,0.2,0.55,0.682,83,182,4.35,16.59,0.798,79603.57,0.473,100
UPI01021,Mumbai,Android,Full,28,2y+,20,4.12,70,1055.17,3805.26,63786.41,0.67,0.344,29,42,5,0.0748,2,0.0347,0.056,0.372,28,32,7.18,10.35,0.554,35941.91,0.336,31.13
UPI01022,Ahmedabad,Android,Full,21,1-2y,15,8.33,121,157.16,422.4,19490.04,0.64,0.336,78,36,9,0.08,1,0.0176,0.213,0.331,54,70,9.71,7.39,0.438,3417.82,0.293,43.96
UPI01023,Delhi,Android,Full,18,1-2y,27,1.08,23,683.77,1003.4,15135.23,0.856,0.146,18,2,0,0.009,3,0.1342,0.051,0.424,57,107,4.41,31.39,0.232,3680.46,0.408,21.59
UPI01024,Chennai,Android,Minimum,34,2y+,9,1.26,7,450.69,1129.19,2589.86,0.447,0.595,3,1,0,0.0091,0,0.0004,0.049,0.218,14,16,3.92,100.56,0.347,1653.34,0.235,12.15
UPI01025,Ahmedabad,iOS,Full,26,2y+,21,7.15,142,44.56,131.71,6918.93,0.719,0.297,94,47,0,0.0005,3,0.0268,0.069,0.346,57,131,7.42,0.8,0.509,50,0.448,14.69
UPI01026,Mumbai,iOS,Premium,1,0-6m,12,3.46,33,3616.41,12602.05,107113.65,0.277,0.744,14,16,34,0.35,5,0.1612,0.451,0.382,69,148,5.77,20.3,0.68,45224.07,0.293,100
UPI01027,Hyderabad,Android,Premium,5,0-6m,20,10.43,204,169.0,397.24,29070.63,0.678,0.364,111,90,12,0.0607,2,0.017,0.158,0.244,68,111,5.38,0.32,0.338,18941.37,0.334,46.13
UPI01028,Pune,iOS,Full,10,6-12m,22,6.35,148,509.38,1377.6,65986.27,0.913,0.08,138,14,6,0.046,2,0.0154,0.176,0.362,74,109,4.8,4.76,0.158,40219.05,0.483,25.88
UPI01029,Kolkata,Android,Minimum,16,1-2y,10,10.19,96,3068.35,13161.3,325389.32,0.484,0.611,26,68,27,0.293,6,0.07,0.481,0.647,18,25,8.45,9.6,0.737,117280.92,0.316,98.18
UPI01030,Bengaluru,Android,Full,17,1-2y,18,3.94,102,779.8,1618.62,77086.43,0.791,0.207,61,38,1,0.0199,1,0.0191,0.063,0.421,48,85,6.32,8.99,0.27,40488.77,0.458,24.74
UPI01031,Pune,Android,Full,17,1-2y,23,6.46,168,200.26,666.38,28706.18,0.482,0.555,57,112,5,0.0378,0,0.0042,0.165,0.329,48,71,6.25,6.28,0.479,14601.31,0.266,22.82
UPI01032,Hyderabad,Android,Full,23,1-2y,15,4.67,69,1014.81,3175.06,58211.03,0.504,0.489,30,35,7,0.1024,0,0.0041,0.085,0.313,34,67,4.85,11.07,0.398,34027.58,0.382,44.94
UPI01033,Delhi,Android,Full,15,1-2y,10,3.14,32,811.98,2445.41,21888.41,0.83,0.145,22,8,7,0.2292,1,0.0346,0.14,0.324,35,67,4.7,21.86,0.358,5681.09,0.461,61.14
UPI01034,Delhi,Android,Full,12,6-12m,23,7.69,183,859.73,2786.4,178635.2,0.472,0.621,74,110,15,0.098,0,0.0063,0.711,0.402,89,216,8.02,3.21,0.678,16380.89,0.322,67.93
UPI01035,Bengaluru,Android,Full,22,1-2y,7,0.05,3,397.29,847.91,1370.15,0.534,0.395,0,1,2,0.35,0,0.0081,0.116,0.332,10,15,5.78,241.57,0.179,802.77,0.291,67.66
UPI01036,Chennai,Android,Minimum,31,2y+,24,2.5,38,181.02,571.59,6446.57,0.685,0.349,29,9,5,0.1341,0,0.0099,0.072,0.381,64,77,9.96,17.34,0.413,2965.71,0.411,30.65
UPI01037,Delhi,Android,Full,15,1-2y,18,2.92,65,961.42,2945.19,70639.53,0.553,0.478,28,36,2,0.0392,1,0.0223,0.139,0.403,43,65,2.72,13.63,0.311,36503.32,0.332,26.52
UPI01038,Chennai,Android,Minimum,14,1-2y,13,3.27,36,2253.66,5490.16,87205.76,0.695,0.285,20,16,7,0.2007,0,0.0077,0.042,0.278,29,44,3.59,19.49,0.36,28349.36,0.437,53.28
UPI01039,Bengaluru,Android,Premium,23,1-2y,9,5.09,38,1144.36,4740.92,46404.91,0.895,0.108,36,3,6,0.1612,2,0.0559,0.077,0.372,24,34,6.97,18.5,0.53,29975.17,0.432,50.66
UPI01040,Pune,Android,Minimum,1,0-6m,21,5.25,99,583.77,1472.6,48146.0,0.459,0.569,37,67,3,0.0453,0,0.0051,0.082,0.416,52,97,4.45,7.64,0.302,16715.13,0.315,29.65
UPI01041,Bengaluru,Android,Full,3,0-6m,26,7.46,193,147.11,335.45,33429.91,0.501,0.458,84,107,4,0.032,0,0.0025,0.173,0.333,82,201,5.44,3.65,0.352,8707.57,0.34,47.68
UPI01042,Ahmedabad,Android,Premium,25,2y+,19,2.66,64,777.91,1637.02,54883.86,0.85,0.133,31,36,5,0.0816,3,0.0541,0.121,0.271,64,132,4.1,11.0,0.189,37232.9,0.388,24.78
UPI01043,Pune,Android,Minimum,17,1-2y,27,2.77,46,2405.28,5644.53,122894.78,0.719,0.255,29,14,6,0.1356,3,0.0734,0.126,0.202,66,124,3.76,21.47,0.268,78881.56,0.409,37.51
UPI01044,Kolkata,Android,Full,27,2y+,11,8.13,91,2062.07,7716.28,193704.85,0.542,0.469,42,46,19,0.2315,3,0.0429,0.77,0.64,53,155,6.2,9.08,0.993,120834.92,0.39,89.11
UPI01045,Chennai,Android,Minimum,40,2y+,21,8.8,187,1469.93,5554.72,226779.71,0.61,0.32,107,79,17,0.0978,10,0.0624,0.523,0.692,72,109,7.08,2.21,0.699,97461.18,0.419,68.06
UPI01046,Hyderabad,Android,Minimum,25,2y+,16,3.68,61,4357.03,16194.71,310901.52,0.586,0.472,28,31,4,0.0727,0,0.0057,0.147,0.264,24,30,4.68,11.75,0.378,164285.81,0.36,35.67
UPI01047,Chennai,Android,Minimum,29,2y+,13,3.94,56,3957.19,11268.67,247980.62,0.531,0.473,18,40,19,0.35,6,0.1155,0.747,0.556,71,203,10.02,13.72,0.655,167353.36,0.429,98.06
UPI01048,Pune,Android,Premium,15,1-2y,18,6.19,97,196.55,593.21,15865.45,0.48,0.503,40,58,6,0.0666,0,0.002,0.095,0.238,53,84,4.35,7.36,0.451,3353.5,0.305,38.34
UPI01049,Chennai,Android,Premium,7,6-12m,14,4.66,41,700.51,2230.61,30139.6,0.865,0.124,31,12,5,0.1309,3,0.0738,0.18,0.376,30,53,3.25,18.16,0.484,13690.75,0.464,50.39
UPI01050,Mumbai,Android,Premium,9,6-12m,14,1.51,22,86.84,262.85,2222.68,0.35,0.626,3,15,1,0.0518,1,0.051,0.126,0.327,10,14,3.74,28.97,0.453,50,0.19,21.58
UPI01051,Kolkata,Android,Full,31,2y+,30,5.63,153,197.91,437.91,31902.28,0.564,0.468,86,64,12,0.0815,0,0.0094,0.083,0.301,106,143,6.83,0.2,0.409,25163.03,0.253,29.29
UPI01052,Bengaluru,Android,Minimum,20,1-2y,25,6.33,155,981.26,3449.42,129038.69,0.936,0.075,100,55,3,0.0291,2,0.0161,0.076,0.345,73,114,6.98,9.89,0.517,23710.16,0.422,18.83
UPI01053,Bengaluru,Android,Full,12,6-12m,31,3.93,150,289.15,941.72,38666.48,0.93,0.049,140,3,0,0.0149,1,0.0071,0.127,0.403,69,107,3.18,6.72,0.555,12653.74,0.51,20.7
UPI01054,Kolkata,iOS,Premium,25,2y+,24,5.11,181,135.46,237.39,26952.97,0.499,0.481,76,106,4,0.0369,1,0.0153,0.098,0.356,70,109,6.08,1.45,0.209,3940.52,0.269,25.43
UPI01055,Pune,Android,Minimum,30,2y+,14,4.46,68,1117.66,3088.73,84672.1,0.558,0.395,28,39,3,0.0523,3,0.0458,0.103,0.33,37,63,4.39,14.0,0.318,37552.54,0.401,20.53
UPI01056,Pune,Android,Full,14,1-2y,17,4.58,82,263.65,727.88,22888.16,0.794,0.22,60,23,0,0.0027,1,0.0157,0.064,0.254,42,63,5.04,5.45,0.437,15557.86,0.405,14.88
UPI01057,Bengaluru,iOS,Full,30,2y+,22,11.61,268,1557.0,5518.59,417780.57,0.203,0.85,46,220,33,0.143,4,0.0248,0.523,0.34,80,239,10.58,0.2,0.594,288291.87,0.267,75.82
UPI01058,Ahmedabad,Android,Full,26,2y+,3,13.09,42,776.12,2632.74,30772.47,0.567,0.369,20,23,12,0.2993,3,0.0784,0.614,0.355,23,44,12.47,14.34,0.56,18578.54,0.299,100
UPI01059,Kolkata,Android,Minimum,14,1-2y,20,5.57,102,1462.48,5361.37,131058.76,0.553,0.559,51,43,31,0.3203,9,0.0949,0.612,0.659,84,202,12.12,7.1,0.634,21637.88,0.427,98.01
UPI01060,Mumbai,Android,Minimum,24,1-2y,10,4.81,46,617.39,1141.39,30096.06,0.944,0.05,38,4,6,0.1384,0,0.0052,0.18,0.38,23,42,7.71,13.97,0.256,22626.58,0.548,46.55
UPI01061,Ahmedabad,Android,Full,10,6-12m,1,2.09,1,120.49,392.9,119.07,0.374,0.551,1,0,2,0.35,0,0.0093,0.084,0.408,2,3,3.81,250,0.455,1003.36,0.35,74.53
UPI01062,Pune,Android,Full,18,1-2y,21,4.29,69,414.53,1165.19,33593.86,0.586,0.396,23,47,5,0.0837,2,0.0297,0.178,0.207,33,52,5.67,13.37,0.406,6357.83,0.278,37.21
UPI01063,Hyderabad,Android,Full,13,1-2y,22,2.95,45,2640.1,6029.14,137110.4,0.746,0.254,22,22,4,0.0993,0,0.0042,0.109,0.239,52,93,3.7,21.57,0.12,103621.47,0.33,31.7
UPI01064,Ahmedabad,Android,Minimum,36,2y+,21,2.73,27,224.1,593.24,6208.21,0.6,0.411,13,12,3,0.1116,1,0.0405,0.13,0.362,31,61,2.98,30.96,0.092,1277.14,0.393,39.07
UPI01065,Mumbai,iOS,Premium,17,1-2y,16,4.48,82,101.64,309.22,7455.03,0.878,0.116,68,21,1,0.0125,4,0.0574,0.076,0.3,50,80,5.43,12.05,0.209,50,0.465,15.11
UPI01066,Chennai,Android,Minimum,28,2y+,24,6.18,154,139.2,309.5,18670.14,0.554,0.469,84,67,1,0.0101,2,0.0198,0.086,0.252,72,128,4.94,8.01,0.28,7447.43,0.272,14.45
UPI01067,Kolkata,Android,Minimum,21,1-2y,22,5.19,132,148.99,221.0,17039.88,0.612,0.408,66,66,8,0.0627,2,0.0161,0.084,0.294,57,125,6.57,6.94,0.277,10779.72,0.339,30.07
UPI01068,Pune,Android,Premium,19,1-2y,15,4.7,65,888.26,1632.59,57556.48,0.796,0.22,32,31,1,0.0173,2,0.0369,0.135,0.434,52,107,4.53,11.98,0.149,39685.62,0.362,25.43
UPI01069,Delhi,Android,Full,23,1-2y,23,3.81,88,481.36,1287.67,43250.06,0.959,0.02,58,31,5,0.0609,3,0.0441,0.159,0.327,73,107,4.31,6.75,0.263,17512.67,0.52,22.57
UPI01070,Chennai,Android,Full,1,0-6m,20,3.37,59,1693.42,4278.56,93874.82,0.395,0.523,20,35,4,0.0765,5,0.0915,0.418,0.572,63,104,7.22,2.67,0.563,27973.72,0.286,53.4
UPI01071,Chennai,Android,Minimum,12,6-12m,7,0.3,6,231.01,527.57,1379.77,0.481,0.459,0,1,0,0.0041,0,0.0092,0.074,0.219,12,13,2.16,124.48,0.497,782.16,0.334,14.77
UPI01072,Delhi,Android,Full,18,1-2y,9,1.11,1,252.43,707.8,261.25,0.419,0.539,0,0,1,0.35,1,0.2,0.141,0.308,10,12,4.87,250,0.557,1455.47,0.29,92.17
UPI01073,Delhi,Android,Minimum,6,0-6m,20,9.11,195,1302.07,3727.88,227975.48,0.368,0.705,60,132,28,0.1539,0,0.0079,0.682,0.663,91,271,4.09,2.05,0.621,164298.22,0.304,84.74
UPI01074,Ahmedabad,Android,Full,23,1-2y,15,3.94,58,517.46,1463.22,31446.95,0.91,0.089,43,16,1,0.0232,1,0.0176,0.152,0.232,38,53,5.66,18.35,0.532,9746.02,0.458,30.3
UPI01075,Kolkata,iOS,Full,38,2y+,18,5.15,86,1031.17,3126.1,94637.34,0.84,0.145,63,23,8,0.0985,4,0.0523,0.109,0.217,35,49,6.73,14.37,0.458,55088.89,0.336,40.64
UPI01076,Chennai,Android,Premium,34,2y+,9,3.0,36,554.19,1385.56,21434.19,0.666,0.368,15,21,6,0.1772,2,0.0602,0.085,0.251,15,17,6.54,19.94,0.295,7696.74,0.313,56.41
UPI01077,Kolkata,Android,Premium,18,1-2y,18,4.47,75,326.86,1098.65,22401.93,0.675,0.287,37,34,1,0.0194,2,0.035,0.086,0.354,39,47,1.98,9.62,0.577,14101.71,0.34,9.57
UPI01078,Hyderabad,Android,Full,1,0-6m,19,3.89,62,638.16,1572.25,34890.32,0.802,0.184,44,13,2,0.041,3,0.0494,0.142,0.302,44,89,4.15,9.98,0.4,28435.82,0.415,28.77
UPI01079,Hyderabad,Android,Minimum,15,1-2y,12,4.91,72,1046.72,2782.18,74997.32,0.801,0.17,40,36,4,0.0599,0,0.0094,0.197,0.248,27,53,4.69,8.09,0.097,41046.95,0.391,23.48
UPI01080,Mumbai,Android,Minimum,18,1-2y,16,0.53,13,3807.25,12522.47,53628.36,0.624,0.426,11,0,4,0.3171,0,0.0098,0.18,0.294,32,56,2.96,54.41,0.425,25543.82,0.383,72.53
UPI01081,Mumbai,iOS,Minimum,7,6-12m,6,1.43,9,212.19,488.16,1797.51,0.617,0.43,4,5,0,0.0084,2,0.2,0.058,0.407,4,5,5.85,79.07,0.339,50,0.405,36.26
UPI01082,Delhi,Android,Minimum,13,1-2y,1,0.7,1,20,39.17,100,0.624,0.368,0,1,1,0.35,0,0.0047,0.036,0.408,2,3,3.58,250,0.163,50,0.296,78.55
UPI01083,Ahmedabad,iOS,Minimum,38,2y+,22,4.05,109,548.39,1615.13,50263.44,0.472,0.483,49,65,0,0.0004,3,0.0302,0.044,0.362,40,52,2.62,5.71,0.244,16263.31,0.35,29.45
UPI01084,Hyderabad,iOS,Premium,1,0-6m,3,1.81,6,708.08,1397.1,3908.75,0.335,0.654,1,5,1,0.1722,2,0.2,0.125,0.422,7,10,6.76,118.39,0.209,50,0.327,72.94
UPI01085,Delhi,iOS,Minimum,21,1-2y,21,3.83,84,249.62,792.59,24015.88,0.64,0.311,46,41,4,0.0601,1,0.0167,0.074,0.262,39,60,5.21,7.55,0.624,4782.32,0.331,29.34
UPI01086,Bengaluru,iOS,Minimum,31,2y+,16,2.09,24,1083.39,2726.81,30085.47,0.545,0.481,6,18,6,0.2641,0,0.0055,0.072,0.414,21,32,3.67,30.78,0.336,13794.05,0.296,60.24
UPI01087,Bengaluru,Android,Full,5,0-6m,5,1.37,8,558.48,1737.63,4053.45,0.476,0.578,3,6,1,0.1313,0,0.0045,0.146,0.401,2,3,3.9,93.11,0.597,297.49,0.385,35.83
UPI01088,Kolkata,Android,Full,20,1-2y,16,3.47,81,4572.14,16972.32,408445.51,0.688,0.311,44,37,1,0.021,0,0.0054,0.146,0.304,28,50,3.78,4.67,0.711,166705.52,0.312,22.41
UPI01089,Mumbai,Android,Full,22,1-2y,23,7.55,168,190.82,499.28,35730.06,0.637,0.332,108,63,6,0.0362,4,0.0329,0.067,0.395,56,72,6.4,4.74,0.313,12915.33,0.323,41.33
UPI01090,Chennai,Android,Full,19,1-2y,12,4.17,44,1262.33,2625.29,54630.91,0.861,0.148,18,24,5,0.1205,1,0.0318,0.103,0.352,38,52,6.98,15.28,0.228,3455.98,0.463,41.13
UPI01091,Hyderabad,Android,Full,11,6-12m,28,3.99,84,149.35,409.62,13248.6,0.688,0.318,41,41,3,0.0393,1,0.0173,0.069,0.295,65,156,4.63,6.72,0.391,5815.78,0.336,7.04
UPI01092,Ahmedabad,Android,Full,13,1-2y,8,0.33,3,612.75,1820.6,1867.65,0.344,0.646,0,3,2,0.35,2,0.2,0.079,0.512,17,24,3.85,242.35,0.273,1719.35,0.333,88.11
UPI01093,Kolkata,Android,Minimum,29,2y+,17,3.68,45,806.15,2179.37,35502.5,0.837,0.18,25,14,4,0.0932,1,0.0311,0.085,0.286,40,70,4.66,16.97,0.379,18931.63,0.352,34.48
UPI01094,Hyderabad,Android,Minimum,16,1-2y,6,2.22,16,185.71,669.14,2447.11,0.624,0.325,7,6,0,0.0101,2,0.1325,0.147,0.413,4,4,2.14,44.27,0.547,715.03,0.399,27.86
UPI01095,Bengaluru,iOS,Full,1,0-6m,17,10.2,167,141.26,508.85,20712.38,0.272,0.651,36,135,18,0.1253,8,0.049,0.441,0.339,56,126,1,9.24,0.714,11486.56,0.216,64.77
UPI01096,Mumbai,Android,Minimum,1,0-6m,6,0.27,2,805.04,2534.86,1345.98,0.508,0.437,1,0,1,0.35,1,0.2,0.142,0.351,9,10,3.09,250,0.431,50,0.372,96.33
UPI01097,Kolkata,Android,Full,23,1-2y,28,7.07,173,758.29,2134.78,133801.28,0.934,0.056,159,11,3,0.0303,0,0.0026,0.179,0.438,90,113,6.56,5.57,0.419,87605.86,0.493,21.68
UPI01098,Hyderabad,iOS,Minimum,13,1-2y,14,3.89,53,3642.7,7897.15,225869.19,0.589,0.387,23,33,4,0.0851,1,0.021,0.123,0.36,21,34,3.69,12.09,0.381,44032.59,0.342,24.64
UPI01099,Ahmedabad,Android,Full,33,2y+,12,4.62,45,551.88,1958.82,21487.6,0.512,0.526,27,19,2,0.0527,1,0.0246,0.082,0.333,13,21,3.75,15.46,0.391,9324.53,0.375,25.19
UPI01100,Hyderabad,Android,Minimum,29,2y+,21,3.41,41,1723.11,3574.2,59373.28,0.591,0.357,22,27,2,0.0496,1,0.0277,0.04,0.181,30,41,3.28,19.74,0.329,35141.84,0.276,26.51
UPI01101,Pune,Android,Premium,16,1-2y,8,0.24,1,606.45,1373.8,571.61,0.558,0.456,0,1,1,0.35,1,0.2,0.049,0.25,2,3,2.95,250,0.374,2206.51,0.325,96.59
UPI01102,Bengaluru,Android,Full,19,1-2y,10,3.51,42,3265.36,9168.07,121514.4,0.812,0.171,26,17,1,0.0387,1,0.0298,0.127,0.241,16,28,3.88,19.61,0.223,81654.89,0.397,30.0
UPI01103,Delhi,Android,Full,4,0-6m,30,5.11,155,1189.21,2613.15,156908.18,0.906,0.107,90,62,6,0.0544,3,0.0237,0.197,0.224,63,115,2.52,6.41,0.23,65264.41,0.43,30.3
UPI01104,Delhi,Android,Full,2,0-6m,23,9.1,191,158.02,607.96,26260.03,0.635,0.399,104,88,10,0.0575,3,0.017,0.086,0.302,75,138,4.37,3.59,0.468,8674.54,0.386,42.6
UPI01105,Hyderabad,iOS,Full,10,6-12m,22,1.45,57,1870.74,5148.91,125346.46,0.611,0.412,29,25,1,0.0275,1,0.0186,0.148,0.294,56,70,3.46,14.43,0.32,37405.19,0.385,19.48
UPI01106,Mumbai,Android,Full,30,2y+,16,2.71,44,2937.03,9347.28,146620.3,0.563,0.411,22,24,0,0.004,1,0.0227,0.172,0.294,24,33,2.6,14.08,0.361,104688.29,0.264,6.96
UPI01107,Delhi,Android,Full,13,1-2y,6,0.9,9,570.85,1996.74,5545.85,0.438,0.58,9,6,0,0.0076,0,0.0054,0.075,0.335,10,15,3.67,74.68,0.448,3084.63,0.251,19.29
UPI01108,Bengaluru,Android,Minimum,24,1-2y,4,0.96,5,342.91,750.32,1831.81,0.418,0.582,0,4,0,0.0072,0,0.0003,0.081,0.239,3,4,3.27,147.0,0.05,1292.25,0.323,7.93
UPI01109,Mumbai,Android,Full,10,6-12m,21,4.31,61,959.27,2666.06,62481.72,0.88,0.097,36,24,1,0.0312,0,0.0014,0.144,0.33,52,94,5.21,5.89,0.144,7676.26,0.413,9.69
UPI01110,Ahmedabad,Android,Full,12,6-12m,25,4.83,81,538.1,1184.6,45492.04,0.613,0.423,34,50,2,0.0381,1,0.0217,0.067,0.387,79,125,5.85,10.67,0.243,18856.96,0.362,12.9
UPI01111,Bengaluru,iOS,Minimum,22,1-2y,2,1.15,1,20,66.51,100,0.61,0.353,0,1,2,0.35,0,0.0036,0.045,0.439,6,6,2.59,250,0.349,3944.06,0.432,71.73
UPI01112,Hyderabad,Android,Minimum,14,1-2y,16,3.66,59,576.07,1597.72,29510.54,0.802,0.22,52,10,4,0.0727,3,0.0574,0.069,0.355,44,87,4.22,13.87,0.505,11916.12,0.401,21.05
UPI01113,Kolkata,Android,Full,1,0-6m,6,2.43,13,3081.83,10484.26,46912.86,0.769,0.174,1,10,6,0.35,0,0.0028,0.112,0.369,10,15,2.85,57.11,0.437,34059.5,0.485,85.6
UPI01114,Delhi,Android,Premium,16,1-2y,19,7.49,152,175.93,430.31,26426.73,0.575,0.449,63,91,14,0.1043,0,0.0054,0.128,0.352,54,134,9.79,2.62,0.38,14814.57,0.272,37.65
UPI01115,Bengaluru,Android,Full,21,1-2y,18,6.49,119,682.11,2193.47,83285.84,0.669,0.351,72,42,3,0.0343,0,0.0005,0.128,0.382,41,57,2.43,6.51,0.492,36218.05,0.369,23.81
UPI01116,Bengaluru,Android,Full,21,1-2y,9,3.19,26,2712.87,8785.73,70791.29,0.749,0.2,25,2,2,0.0848,2,0.0848,0.149,0.365,17,31,3.64,25.9,0.357,19631.14,0.422,39.54
UPI01117,Delhi,Android,Full,24,1-2y,21,2.68,69,1119.78,2681.84,89902.17,0.64,0.402,43,23,2,0.0433,0,0.0084,0.094,0.334,34,56,6.38,11.75,0.437,40804.69,0.304,15.13
UPI01118,Chennai,iOS,Full,20,1-2y,15,3.98,48,598.98,1719.13,26341.62,0.903,0.109,34,17,3,0.0693,0,0.0067,0.186,0.428,30,51,5.8,14.71,0.375,14032.58,0.462,32.52
UPI01119,Chennai,Android,Minimum,21,1-2y,15,5.64,81,941.97,2737.32,74934.05,0.656,0.389,56,25,3,0.0392,0,0.0061,0.154,0.378,20,25,5.42,11.06,0.527,13730.09,0.367,24.09
UPI01120,Pune,Android,Premium,23,1-2y,26,10.59,261,834.5,3311.68,242428.72,0.537,0.544,101,158,3,0.0366,11,0.0443,0.731,0.539,88,156,6.34,2.05,0.501,112699.64,0.386,60.54
UPI01121,Hyderabad,Android,Minimum,1,0-6m,9,3.43,31,680.02,1422.78,20965.31,0.86,0.159,18,16,0,0.0142,2,0.065,0.079,0.221,31,51,5.86,26.93,0.108,13144.08,0.341,19.31
UPI01122,Ahmedabad,iOS,Minimum,27,2y+,21,6.71,132,773.57,1776.36,84181.17,0.912,0.084,108,25,2,0.0285,0,0.0065,0.198,0.375,38,67,5.3,9.68,0.25,12966.81,0.433,34.24
UPI01123,Ahmedabad,Android,Minimum,13,1-2y,23,3.36,108,1682.31,4764.53,164354.46,0.639,0.412,58,52,3,0.0281,0,0.0089,0.064,0.202,40,54,1.09,8.33,0.381,87857.89,0.289,21.13
UPI01124,Chennai,Android,Full,1,0-6m,18,5.38,102,546.64,1082.84,65419.17,0.491,0.523,53,53,7,0.0755,0,0.0082,0.179,0.307,48,79,5.22,7.68,0.292,11466.64,0.229,44.75
UPI01125,Chennai,Android,Full,19,1-2y,22,5.81,140,141.04,344.57,22411.0,0.511,0.458,69,69,3,0.0228,3,0.0288,0.175,0.23,86,149,5.5,2.66,0.346,2562.65,0.343,30.05
UPI01126,Pune,Android,Premium,18,1-2y,4,0.81,6,521.29,1435.97,3638.9,0.638,0.373,3,3,1,0.1745,0,0.0067,0.105,0.505,9,15,5.1,118.32,0.454,50,0.443,42.91
UPI01127,Chennai,Android,Minimum,22,1-2y,22,5.85,145,865.27,2670.78,106987.57,0.625,0.395,95,51,9,0.0741,0,0.0098,0.157,0.271,51,88,4.7,6.17,0.342,11472.96,0.334,41.28
UPI01128,Mumbai,iOS,Full,25,2y+,19,3.57,63,3284.34,8356.82,203766.16,0.674,0.305,37,23,1,0.0298,1,0.0174,0.154,0.375,28,43,4.32,11.36,0.383,148770.38,0.431,18.3
UPI01129,Mumbai,Android,Full,19,1-2y,15,4.31,63,375.92,1321.89,21742.55,0.696,0.345,46,16,3,0.0517,1,0.017,0.16,0.316,41,62,4.3,12.42,0.566,13633.68,0.412,21.04
UPI01130,Ahmedabad,iOS,Minimum,6,0-6m,17,4.53,94,200.77,549.84,16789.1,0.612,0.386,49,47,6,0.0664,3,0.0403,0.209,0.323,40,64,6.31,8.96,0.161,11904.2,0.297,32.72
UPI01131,Mumbai,Android,Full,15,1-2y,19,2.29,38,813.4,1929.1,26441.02,0.516,0.438,14,27,1,0.0273,4,0.1142,0.093,0.305,61,107,3.8,18.42,0.284,16138.32,0.346,35.78
UPI01132,Bengaluru,Android,Full,10,6-12m,24,7.02,173,202.58,678.4,32204.2,0.614,0.423,84,89,5,0.0385,1,0.0118,0.112,0.321,89,135,6.52,10.45,0.349,18454.57,0.382,26.21
UPI01133,Pune,Android,Premium,39,2y+,26,3.86,103,200.44,393.06,21498.6,0.494,0.53,40,63,6,0.0721,2,0.0225,0.082,0.244,90,123,3.12,4.94,0.133,10133.62,0.33,23.32
UPI01134,Chennai,iOS,Full,14,1-2y,31,9.76,313,108.77,371.45,39923.74,0.705,0.334,216,94,12,0.0413,2,0.008,0.106,0.29,114,208,6.39,1.11,0.581,14965.9,0.307,29.52
UPI01135,Ahmedabad,Android,Minimum,20,1-2y,16,6.13,83,1704.65,6159.2,155406.43,0.316,0.604,16,64,18,0.2274,14,0.1698,0.646,0.496,39,74,4.87,4.79,0.772,81837.87,0.328,87.67
UPI01136,Bengaluru,iOS,Minimum,14,1-2y,21,7.61,152,190.73,629.73,31403.12,0.714,0.32,99,55,5,0.0395,1,0.0079,0.19,0.249,39,71,7.52,8.3,0.515,11328.8,0.38,29.31
UPI01137,Pune,Android,Full,19,1-2y,15,3.51,47,3085.05,7936.36,168658.71,0.571,0.38,18,27,3,0.0653,0,0.005,0.08,0.316,34,51,2.98,10.73,0.22,84303.77,0.403,14.29
UPI01138,Chennai,Android,Premium,4,0-6m,25,8.41,226,3199.87,10459.65,812219.61,0.427,0.579,106,121,14,0.08,7,0.0397,0.575,0.534,99,238,9.57,0.73,0.779,350000,0.366,58.11
UPI01139,Ahmedabad,Android,Full,34,2y+,16,3.95,64,722.09,1715.52,53540.19,0.464,0.499,28,38,6,0.1023,1,0.0189,0.114,0.315,26,39,6.46,8.8,0.167,23694.63,0.3,29.91
UPI01140,Pune,Android,Full,13,1-2y,17,3.48,62,414.11,1049.28,25344.61,0.902,0.073,42,18,6,0.1004,0,0.0012,0.079,0.38,42,67,4.53,10.12,0.395,7902.78,0.415,23.04
UPI01141,Bengaluru,Android,Premium,1,0-6m,12,7.42,92,1143.27,1779.05,95879.16,0.893,0.112,76,13,8,0.1008,0,0.0033,0.041,0.322,31,51,4.81,9.11,0.244,17348.74,0.383,43.9
UPI01142,Kolkata,Android,Premium,14,1-2y,31,1.57,73,72.69,131.27,4653.07,0.652,0.336,35,35,3,0.0425,1,0.016,0.146,0.337,79,156,6.99,10.66,0.343,1201.05,0.351,11.97
UPI01143,Delhi,Android,Minimum,15,1-2y,20,0.95,24,684.86,1880.01,17609.56,0.635,0.384,21,4,3,0.1287,2,0.0908,0.057,0.254,49,92,5.85,30.84,0.364,7428.28,0.312,55.93
UPI01144,Mumbai,Android,Full,28,2y+,16,2.45,45,4478.25,11240.91,183234.82,0.642,0.359,16,28,5,0.1192,2,0.045,0.12,0.335,44,71,4.82,11.9,0.359,114699.94,0.332,43.22
UPI01145,Hyderabad,Android,Full,13,1-2y,15,8.96,130,1450.78,5150.28,160719.66,0.358,0.63,31,96,9,0.0809,10,0.0809,0.295,0.41,67,133,7.59,6.7,0.649,30987.32,0.334,57.32
UPI01146,Pune,Android,Minimum,22,1-2y,22,3.49,75,1206.26,3469.99,100317.54,0.672,0.311,34,38,2,0.028,2,0.0361,0.136,0.203,45,73,5.43,8.64,0.169,55263.09,0.407,10.68
UPI01147,Kolkata,Android,Minimum,23,1-2y,20,4.13,89,600,1583.12,62582.72,0.729,0.27,47,45,2,0.0277,0,0.0005,0.179,0.213,50,60,5.75,4.81,0.212,43767.46,0.433,25.03
UPI01148,Chennai,iOS,Premium,15,1-2y,3,1.2,5,441.91,1579.62,2558.25,0.447,0.611,1,4,1,0.213,0,0.0037,0.112,0.468,5,6,0.85,137.77,0.363,349.26,0.389,49.87
UPI01149,Kolkata,Android,Minimum,23,1-2y,29,4.65,119,1563.81,4388.47,158354.1,0.778,0.171,60,62,3,0.0309,0,0.0078,0.074,0.345,74,136,5.28,7.33,0.545,78341.88,0.392,10.5
UPI01150,Kolkata,Android,Minimum,29,2y+,9,0.05,7,614.2,1379.77,4100.28,0.604,0.446,3,4,2,0.2965,0,0.0016,0.081,0.255,9,9,6.79,103.64,0.237,3629.82,0.361,55.21
UPI01151,Hyderabad,Android,Full,14,1-2y,21,9.7,196,175.15,371.81,29010.69,0.675,0.32,110,81,8,0.0427,0,0.0004,0.143,0.271,67,163,6.1,0.82,0.232,17448.88,0.421,26.43
UPI01152,Hyderabad,Android,Minimum,4,0-6m,28,3.68,93,1479.65,3821.58,124425.17,0.817,0.215,72,25,1,0.0133,0,0.0012,0.072,0.291,40,45,3.8,3.15,0.27,73310.05,0.429,25.88
UPI01153,Mumbai,Android,Full,15,1-2y,6,1.22,6,253.63,725.91,1790.34,0.534,0.532,2,3,2,0.3389,1,0.1711,0.049,0.514,3,4,3.21,120.65,0.529,50,0.424,94.57
UPI01154,Ahmedabad,Android,Full,1,0-6m,27,8.16,220,65.75,178.57,16296.97,0.681,0.311,138,80,5,0.0343,2,0.0093,0.114,0.379,100,224,5.18,5.32,0.446,9872.09,0.331,21.11
UPI01155,Mumbai,Android,Full,11,6-12m,21,3.02,71,1281.69,3263.14,76963.67,0.752,0.26,39,31,2,0.0379,1,0.016,0.136,0.339,35,55,5.17,15.18,0.196,35264.92,0.4,16.41
UPI01156,Kolkata,iOS,Full,18,1-2y,8,1.27,8,286.15,911.25,2322.52,0.369,0.584,4,8,0,0.0119,0,0.0069,0.129,0.191,13,20,3.79,90.83,0.393,72.01,0.25,20.8
UPI01157,Delhi,Android,Minimum,13,1-2y,24,7.04,154,262.91,666.14,35290.42,0.527,0.492,63,88,5,0.0423,3,0.0273,0.068,0.235,52,99,4.99,3.37,0.395,7321.77,0.233,21.55
UPI01158,Kolkata,iOS,Full,40,2y+,20,7.3,145,220.72,597.44,32064.91,0.634,0.331,84,61,3,0.0309,0,0.0063,0.204,0.377,67,165,8.69,6.6,0.458,15144.2,0.332,30.47
UPI01159,Chennai,iOS,Full,33,2y+,13,4.6,69,2409.85,7025.04,155979.31,0.79,0.183,42,23,2,0.0404,2,0.0359,0.14,0.361,14,19,6.06,12.03,0.379,39201.4,0.361,25.29
UPI01160,Delhi,iOS,Full,7,6-12m,13,3.37,56,3870.2,9134.26,184330.9,0.618,0.355,31,22,3,0.0604,0,0.0012,0.105,0.357,26,29,5.8,12.22,0.207,75581.67,0.37,24.94
UPI01161,Pune,Android,Full,7,6-12m,27,7.07,169,200.97,492.1,29151.66,0.624,0.426,75,92,3,0.0264,2,0.016,0.143,0.271,88,124,5.05,1.35,0.222,17636.22,0.359,14.23
UPI01162,Pune,Android,Full,20,1-2y,8,0.87,10,742.59,1232.15,6755.84,0.377,0.544,1,8,0,0.0089,0,0.0053,0.149,0.267,9,10,6.03,71.34,0.205,4895.58,0.233,16.04
UPI01163,Chennai,iOS,Full,13,1-2y,5,0.05,5,609.04,1551.63,2842.61,0.348,0.602,5,0,2,0.35,1,0.2,0.102,0.265,3,4,3.83,143.2,0.384,1656.27,0.31,93.47
UPI01164,Kolkata,Android,Premium,8,6-12m,13,2.67,18,204.77,600.49,3693.16,0.691,0.278,14,4,1,0.0589,1,0.06,0.108,0.357,40,63,3.5,40.7,0.276,648.38,0.398,16.4
UPI01165,Mumbai,iOS,Full,15,1-2y,15,4.56,70,858.0,2094.89,53515.71,0.797,0.174,37,32,2,0.0419,0,0.0092,0.149,0.438,22,42,3.98,4.94,0.473,15600.15,0.368,24.64
UPI01166,Ahmedabad,Android,Minimum,14,1-2y,6,0.9,1,238.19,645.99,264.88,0.634,0.37,1,0,1,0.35,0,0.0002,0.041,0.218,12,21,3.6,250,0.28,50,0.328,67.69
UPI01167,Pune,Android,Full,21,1-2y,11,0.34,7,192.55,586.46,1403.33,0.569,0.503,6,6,3,0.35,2,0.2,0.07,0.368,21,22,5.41,106.61,0.407,1543.23,0.397,90.78
UPI01168,Mumbai,Android,Full,22,1-2y,20,4.81,122,468.04,905.45,56350.84,0.498,0.537,57,65,2,0.0303,1,0.0138,0.043,0.306,30,44,5.88,1.97,0.334,32560.13,0.336,17.3
UPI01169,Hyderabad,Android,Full,16,1-2y,24,8.04,159,174.56,585.13,30251.37,0.485,0.467,61,99,9,0.061,0,0.0035,0.181,0.357,75,137,3.76,4.96,0.496,12184.28,0.342,39.95
UPI01170,Ahmedabad,Android,Full,40,2y+,14,6.92,79,294.63,658.77,21852.27,0.682,0.361,51,26,11,0.1453,0,0.0071,0.075,0.38,29,38,1.33,12.22,0.473,15191.73,0.442,43.3
UPI01171,Mumbai,Android,Full,33,2y+,21,3.98,88,494.14,1459.27,46512.44,0.834,0.151,80,5,0,0.0077,2,0.0252,0.094,0.365,36,57,6.51,9.99,0.538,19156.53,0.472,22.78
UPI01172,Pune,Android,Full,24,1-2y,14,4.03,55,725.46,2209.13,32842.43,0.89,0.087,31,25,5,0.1035,2,0.0444,0.115,0.245,38,56,5.23,7.67,0.503,6583.0,0.383,34.31
UPI01173,Kolkata,iOS,Minimum,14,1-2y,27,4.48,78,133.65,369.64,11555.98,0.504,0.536,35,47,6,0.0825,0,0.0089,0.065,0.284,98,143,3.58,10.13,0.342,2544.76,0.31,33.51
UPI01174,Bengaluru,Android,Minimum,34,2y+,9,5.53,53,462.82,1014.9,22591.92,0.471,0.515,23,32,3,0.0671,1,0.025,0.102,0.337,33,60,5.35,14.39,0.125,5512.28,0.237,35.71
UPI01175,Chennai,Android,Minimum,27,2y+,30,3.99,112,707.57,1470.91,81372.67,0.923,0.089,92,19,3,0.0286,3,0.0312,0.131,0.329,59,118,4.13,8.56,0.402,46528.69,0.388,17.82
UPI01176,Kolkata,Android,Full,2,0-6m,16,7.71,132,129.41,243.68,18573.53,0.538,0.432,51,84,2,0.0241,0,0.0026,0.127,0.394,38,82,4.38,5.77,0.159,11995.2,0.275,21.74
UPI01177,Chennai,Android,Minimum,35,2y+,6,0.49,1,522.11,1065.65,489.2,0.616,0.463,0,0,2,0.35,1,0.2,0.043,0.384,14,14,3.92,250,0.05,1453.54,0.429,100
UPI01178,Mumbai,iOS,Minimum,5,0-6m,25,7.0,161,337.96,1106.41,61115.96,0.71,0.328,76,84,0,0.0066,1,0.0102,0.175,0.318,97,184,6.29,4.59,0.482,6961.94,0.403,32.98
UPI01179,Kolkata,iOS,Minimum,21,1-2y,23,4.26,84,195.27,513.3,19196.0,0.704,0.287,55,24,5,0.0669,1,0.0128,0.051,0.28,58,143,4.52,3.72,0.496,10657.21,0.438,24.8
UPI01180,Delhi,Android,Full,1,0-6m,29,3.57,108,694.69,1360.95,66572.32,0.246,0.791,25,82,16,0.1598,8,0.0802,0.758,0.689,100,145,11.48,7.21,0.66,21499.57,0.309,84.84
UPI01181,Chennai,iOS,Premium,20,1-2y,30,8.86,249,145.19,440.05,33496.76,0.592,0.436,134,113,6,0.0333,1,0.0063,0.17,0.334,113,174,7.24,0.2,0.416,9804.43,0.401,30.86
UPI01182,Delhi,iOS,Full,11,6-12m,8,0.96,4,380.81,830.0,1516.09,0.532,0.508,0,0,1,0.2544,0,0.003,0.094,0.307,18,20,3.09,179.85,0.358,1083.43,0.264,59.79
UPI01183,Bengaluru,Android,Premium,13,1-2y,6,1.26,8,481.78,1846.05,3528.1,0.347,0.686,4,0,0,0.0045,0,0.0069,0.025,0.37,8,9,3.89,85.03,0.518,2999.03,0.248,21.79
UPI01184,Mumbai,iOS,Minimum,7,6-12m,21,9.22,192,842.12,3035.25,183096.44,0.237,0.85,34,162,14,0.0834,8,0.0433,0.709,0.525,78,142,4.46,2.43,0.689,116009.91,0.221,76.95
UPI01185,Bengaluru,iOS,Full,23,1-2y,3,5.68,17,3212.73,10858.54,57964.08,0.554,0.388,4,14,26,0.35,2,0.1215,0.322,0.545,10,20,9.23,42.49,0.621,34070.83,0.411,95.94
UPI01186,Ahmedabad,Android,Full,30,2y+,19,8.51,186,95.34,209.29,15526.92,0.714,0.278,125,58,4,0.0275,1,0.0108,0.206,0.304,46,74,9.93,2.98,0.384,7772.59,0.374,26.06
UPI01187,Hyderabad,Android,Premium,1,0-6m,3,0.34,1,20,44.52,100,0.609,0.312,0,0,5,0.35,2,0.2,0.047,0.5,5,7,3.25,250,0.219,50,0.325,96.75
UPI01188,Bengaluru,Android,Full,12,6-12m,17,4.95,74,574.67,2022.83,47366.2,0.615,0.372,32,40,2,0.0413,2,0.0286,0.079,0.412,36,55,3.82,8.27,0.504,7070.93,0.392,32.89
UPI01189,Kolkata,Android,Minimum,18,1-2y,1,0.1,1,260.9,722.07,240.05,0.505,0.543,0,0,2,0.35,2,0.2,0.037,0.209,2,3,3.08,250,0.432,3332.99,0.255,82.92
UPI01190,Pune,iOS,Full,22,1-2y,22,8.02,170,251.49,704.73,40148.38,0.709,0.341,91,77,6,0.0388,1,0.0089,0.134,0.361,62,121,6.88,0.43,0.407,21404.53,0.402,30.13
UPI01191,Delhi,Android,Full,19,1-2y,16,15.28,249,40,133.58,8496.77,0.377,0.686,54,192,17,0.084,12,0.05,0.485,0.58,76,224,6.04,0.2,0.46,2763.24,0.314,74.25
UPI01192,Bengaluru,Android,Full,3,0-6m,26,6.84,184,276.74,636.04,53827.99,0.496,0.463,84,102,7,0.0402,0,0.0085,0.173,0.308,116,225,3.55,2.31,0.151,28250.18,0.317,38.84
UPI01193,Kolkata,Android,Full,26,2y+,18,4.47,67,2440.69,5394.04,153132.83,0.661,0.352,35,27,2,0.0387,1,0.0231,0.121,0.363,26,38,3.65,12.73,0.438,49597.85,0.32,26.72
UPI01194,Chennai,Android,Minimum,14,1-2y,13,4.82,53,506.32,710.12,25884.42,0.922,0.078,38,15,7,0.1405,3,0.0617,0.099,0.428,29,35,3.69,13.59,0.202,5616.86,0.529,37.9
UPI01195,Ahmedabad,Android,Full,31,2y+,19,8.24,156,159.93,331.85,28578.15,0.71,0.302,90,67,0,0.0043,2,0.0176,0.122,0.308,66,101,6.28,4.5,0.33,16034.47,0.39,18.47
UPI01196,Mumbai,Android,Full,6,0-6m,16,5.28,81,5496.59,14319.04,374707.47,0.758,0.212,48,30,6,0.0753,0,0.0045,0.092,0.276,27,46,4.42,13.65,0.283,127537.96,0.372,38.05
UPI01197,Kolkata,Android,Full,21,1-2y,4,13.2,51,286.67,1053.98,12483.31,0.405,0.641,16,33,14,0.2913,3,0.0685,0.665,0.605,28,82,5.17,16.4,0.799,7009.37,0.324,100
UPI01198,Pune,iOS,Full,30,2y+,17,3.0,65,1219.75,3825.04,87399.15,0.919,0.097,64,0,1,0.0282,2,0.0323,0.114,0.211,32,62,4.21,15.28,0.492,36060.04,0.372,1
UPI01199,Bengaluru,Android,Full,22,1-2y,18,2.7,56,848.53,1659.61,44463.6,0.943,0.068,50,9,8,0.1574,4,0.0726,0.141,0.211,37,61,7.35,11.23,0.269,14634.06,0.369,47.8
UPI01200,Kolkata,Android,Full,29,2y+,7,2.43,23,274.73,862.7,5563.4,0.617,0.372,16,10,4,0.1864,0,0.0017,0.066,0.255,14,23,4.5,30.59,0.675,1915.47,0.361,49.05
UPI01201,Kolkata,Android,Minimum,16,1-2y,28,4.65,127,447.61,1332.68,61520.99,0.635,0.358,56,73,1,0.0088,1,0.0111,0.146,0.302,80,108,3.37,5.14,0.518,20455.9,0.41,26.16
UPI01202,Mumbai,Android,Full,31,2y+,15,15.02,238,397.93,1350.02,89657.34,0.365,0.52,78,157,19,0.1019,8,0.0401,0.722,0.468,35,67,6.6,3.58,0.61,16359.15,0.303,79.16
UPI01203,Mumbai,Android,Minimum,30,2y+,18,5.13,83,910.07,2503.74,76299.87,0.933,0.06,56,28,4,0.0506,1,0.0171,0.17,0.347,56,97,6.8,9.26,0.457,43625.06,0.43,34.17
UPI01204,Hyderabad,iOS,Minimum,17,1-2y,26,2.89,95,398.33,1163.11,31054.53,0.688,0.351,44,52,0,0.0036,1,0.0141,0.098,0.296,71,129,2.59,4.08,0.344,14763.99,0.318,15.37
UPI01205,Hyderabad,Android,Minimum,28,2y+,21,12.28,274,104.69,277.18,33487.69,0.532,0.501,109,166,5,0.0317,3,0.0133,0.115,0.28,51,86,3.79,6.08,0.345,23484.2,0.346,37.52
UPI01206,Bengaluru,Android,Full,25,2y+,19,0.83,19,794.43,1647.74,15582.29,0.551,0.453,9,13,8,0.35,1,0.0549,0.11,0.256,46,90,4.29,35.92,0.076,2492.03,0.276,87.75
UPI01207,Delhi,Android,Minimum,24,1-2y,18,2.96,41,4869.35,15957.66,229655.19,0.672,0.311,18,25,2,0.0584,2,0.0537,0.061,0.272,44,49,5.48,15.28,0.548,43817.69,0.318,21.94
UPI01208,Hyderabad,iOS,Minimum,12,6-12m,14,4.12,72,458.48,1738.49,34818.97,0.936,0.052,62,8,7,0.1051,0,0.0029,0.157,0.22,41,73,3.91,13.73,0.462,22920.72,0.479,26.25
UPI01209,Delhi,Android,Minimum,18,1-2y,28,6.33,181,224.32,584.17,39440.21,0.527,0.501,98,78,6,0.035,1,0.0112,0.128,0.274,78,188,3.51,6.61,0.333,27603.41,0.379,32.58
UPI01210,Mumbai,Android,Minimum,10,6-12m,26,4.05,134,449.88,1005.74,59586.44,0.883,0.093,74,52,1,0.0231,3,0.0304,0.175,0.317,55,80,4.47,5.74,0.341,9388.87,0.492,17.73
UPI01211,Kolkata,Android,Full,11,6-12m,26,2.83,90,60,201.47,4698.99,0.943,0.046,82,9,5,0.0578,1,0.0146,0.091,0.345,77,105,4.01,11.59,0.417,4243.34,0.443,22.88
UPI01212,Ahmedabad,Android,Minimum,1,0-6m,17,4.58,47,202.89,644.31,10899.29,0.692,0.26,21,28,2,0.051,4,0.0944,0.168,0.221,49,96,5.49,18.14,0.33,3191.5,0.318,50.17
UPI01213,Ahmedabad,Android,Minimum,11,6-12m,20,6.18,116,526.01,1784.72,60704.42,0.694,0.266,63,45,5,0.0509,0,0.007,0.158,0.392,66,93,4.02,1.39,0.591,37566.01,0.379,12.61
UPI01214,Bengaluru,Android,Full,5,0-6m,1,0.99,1,316.34,1115.74,332.27,0.4,0.634,0,0,0,0.0133,0,0.0055,0.121,0.412,4,4,2.62,250,0.448,449.25,0.298,29.8
UPI01215,Pune,iOS,Full,9,6-12m,5,0.55,3,371.68,748.93,922.83,0.463,0.533,0,3,0,0.0041,2,0.2,0.098,0.316,16,19,4.03,242.47,0.181,2690.47,0.275,41.04
UPI01216,Delhi,Android,Minimum,22,1-2y,25,8.01,164,88.34,279.79,13429.66,0.681,0.298,88,82,1,0.0067,1,0.0118,0.109,0.309,97,238,5.05,0.93,0.543,9268.22,0.361,19.19
UPI01217,Hyderabad,Android,Full,18,1-2y,14,10.89,147,367.78,1107.19,62630.69,0.512,0.411,78,68,17,0.1275,0,0.0098,0.489,0.656,21,56,3.74,0.35,0.693,16528.15,0.358,55.57
UPI01218,Chennai,Android,Full,9,6-12m,27,7.5,177,531.65,1732.32,108330.95,0.535,0.482,72,102,5,0.0358,0,0.0064,0.16,0.371,76,137,3.41,4.96,0.592,49256.82,0.308,34.44
UPI01219,Bengaluru,Android,Minimum,7,6-12m,14,3.23,43,1040.25,2415.22,41291.65,0.862,0.12,32,12,3,0.0807,0,0.0085,0.095,0.334,20,32,5.56,12.66,0.453,27457.37,0.498,34.97
UPI01220,Kolkata,Android,Full,2,0-6m,3,1.61,2,143.52,400.74,303.99,0.629,0.304,2,0,0,0.0044,1,0.2,0.061,0.297,4,6,4.2,250,0.511,50,0.337,39.51
UPI01221,Kolkata,Android,Minimum,9,6-12m,22,4.35,111,616.52,1475.6,67969.31,0.83,0.17,74,34,0,0.0035,2,0.0218,0.086,0.372,64,104,5.56,10.23,0.322,49342.68,0.46,2.66
UPI01222,Mumbai,Android,Full,13,1-2y,17,4.98,79,736.32,1976.27,67145.5,0.931,0.04,50,30,6,0.0851,4,0.0537,0.1,0.282,51,103,3.5,14.68,0.34,8886.38,0.423,38.72
UPI01223,Bengaluru,Android,Premium,33,2y+,30,3.84,93,1004.49,2368.08,97634.03,0.885,0.115,45,49,4,0.0549,6,0.0724,0.188,0.428,83,100,5.12,0.2,0.224,34000.0,0.527,25.04
UPI01224,Kolkata,Android,Minimum,2,0-6m,6,0.47,10,20,68.52,194.26,0.397,0.673,5,2,5,0.35,1,0.1047,0.076,0.247,11,12,2.3,78.81,0.676,50,0.306,85.28
UPI01225,Bengaluru,Android,Minimum,22,1-2y,10,7.17,84,601.71,2007.27,42621.16,0.581,0.505,28,57,22,0.2795,3,0.0361,0.697,0.697,50,110,4.82,7.21,0.674,21228.42,0.331,93.29
UPI01226,Mumbai,Android,Full,16,1-2y,31,7.05,225,44.66,104.21,10540.91,0.63,0.339,129,99,5,0.0339,0,0.0096,0.065,0.287,106,145,1.56,2.29,0.411,7674.22,0.367,26.52
UPI01227,Bengaluru,Android,Minimum,26,2y+,8,2.35,15,2413.49,6726.06,39566.46,0.718,0.235,15,0,4,0.279,0,0.0063,0.161,0.193,14,20,5.33,51.79,0.36,25685.7,0.421,63.89
UPI01228,Hyderabad,Android,Full,25,2y+,19,4.9,100,832.53,2181.06,78274.54,0.883,0.146,82,12,6,0.0673,2,0.0253,0.107,0.293,52,69,2.6,8.5,0.364,45513.27,0.411,18.66
UPI01229,Hyderabad,iOS,Full,1,0-6m,7,0.52,1,431.45,970.35,447.93,0.547,0.492,1,0,1,0.35,0,0.0045,0.048,0.204,16,28,1.98,250,0.219,1084.22,0.375,79.37
UPI01230,Ahmedabad,Android,Minimum,32,2y+,14,5.22,57,4909.17,10950.65,276610.44,0.636,0.401,38,18,0,0.0051,1,0.0203,0.132,0.363,18,25,5.28,17.13,0.186,62177.09,0.331,18.35
UPI01231,Delhi,Android,Minimum,17,1-2y,20,7.42,145,188.29,524.91,27790.29,0.649,0.363,66,75,8,0.0705,2,0.0194,0.197,0.278,73,101,5.73,3.94,0.374,14664.9,0.285,42.38
UPI01232,Pune,Android,Minimum,9,6-12m,18,5.01,113,171.86,319.21,19372.26,0.658,0.343,46,64,3,0.0335,2,0.0192,0.063,0.31,69,89,5.94,7.69,0.245,5042.52,0.345,26.69
UPI01233,Kolkata,Android,Premium,30,2y+,25,8.57,205,188.9,575.68,37831.35,0.674,0.367,133,69,5,0.0323,2,0.0113,0.104,0.231,91,142,4.65,3.26,0.615,18507.3,0.286,44.39
UPI01234,Pune,Android,Full,10,6-12m,26,3.3,70,359.45,805.55,27871.75,0.659,0.336,40,26,2,0.0409,0,0.0051,0.207,0.311,81,126,5.94,11.87,0.162,7544.73,0.292,16.37
UPI01235,Ahmedabad,Android,Premium,11,6-12m,6,0.93,8,382.84,994.31,3563.45,0.347,0.707,0,8,2,0.2598,0,0.0086,0.059,0.288,7,8,3.29,87.81,0.442,1245.62,0.188,61.14
UPI01236,Hyderabad,Android,Premium,16,1-2y,7,15.56,113,1762.75,6603.83,233641.6,0.336,0.571,25,91,21,0.1977,6,0.0601,0.576,0.354,23,65,7.24,8.45,0.832,80751.02,0.288,84.49
UPI01237,Delhi,Android,Full,31,2y+,5,0.6,1,487.52,1221.71,410.98,0.637,0.388,1,0,0,0.0017,1,0.2,0.103,0.356,11,13,1.34,250,0.397,50,0.431,32.77
UPI01238,Pune,Android,Full,9,6-12m,26,3.24,43,694.35,1581.69,34029.78,0.626,0.346,20,21,3,0.0797,1,0.0253,0.049,0.347,58,111,4.68,15.21,0.221,10733.88,0.409,20.36
UPI01239,Bengaluru,Android,Full,31,2y+,21,5.91,113,327.75,830.99,30593.07,0.52,0.467,50,61,2,0.0314,0,0.0065,0.052,0.269,60,88,7.63,4.09,0.277,4853.51,0.328,28.73
UPI01240,Bengaluru,Android,Full,18,1-2y,8,3.73,34,3520.77,10703.05,129941.13,0.726,0.224,31,0,1,0.0334,1,0.0354,0.069,0.359,11,15,5.37,20.32,0.272,55054.77,0.426,20.9
UPI01241,Kolkata,iOS,Full,7,6-12m,31,7.56,208,275.6,621.58,48152.66,0.547,0.447,81,120,9,0.0495,1,0.0095,0.094,0.383,79,169,7.52,3.98,0.545,25347.66,0.377,25.92
UPI01242,Bengaluru,Android,Premium,17,1-2y,26,9.3,243,242.39,763.48,54448.84,0.553,0.463,89,156,3,0.0128,1,0.0135,0.115,0.224,85,104,5.12,6.91,0.474,5550.85,0.273,30.77
UPI01243,Hyderabad,Android,Minimum,34,2y+,18,4.6,63,2557.67,8297.76,162234.38,0.489,0.602,16,40,22,0.35,8,0.133,0.715,0.354,70,106,6.37,11.31,0.7,114444.79,0.337,100
UPI01244,Hyderabad,Android,Full,4,0-6m,23,6.95,186,679.35,2118.94,147015.8,0.945,0.028,148,42,7,0.0458,6,0.0392,0.128,0.343,56,116,6.05,3.67,0.225,93334.19,0.46,41.64
UPI01245,Delhi,Android,Full,1,0-6m,5,5.98,28,2704.29,8485.62,74566.13,0.619,0.318,12,18,16,0.35,2,0.0765,0.748,0.513,40,111,4.01,27.39,0.517,43340.04,0.435,100
UPI01246,Chennai,Android,Full,24,1-2y,26,3.86,96,136.95,420.46,15020.03,0.659,0.328,45,51,11,0.1277,2,0.0251,0.198,0.366,70,142,3.29,11.7,0.449,3942.31,0.439,39.98
UPI01247,Delhi,Android,Minimum,23,1-2y,24,3.77,79,826.79,2234.63,73427.04,0.719,0.242,47,33,0,0.0048,1,0.0165,0.101,0.23,64,92,4.33,11.6,0.37,51053.02,0.301,16.94
UPI01248,Bengaluru,Android,Full,22,1-2y,27,4.05,106,974.61,2280.78,108555.82,0.72,0.312,65,38,7,0.0715,1,0.0119,0.062,0.415,58,94,5.63,5.04,0.255,34957.32,0.472,23.36
UPI01249,Kolkata,Android,Full,11,6-12m,13,3.66,38,2759.49,10956.65,98996.89,0.294,0.662,4,33,17,0.35,11,0.2,0.352,0.496,41,108,12.28,21.06,1.14,23908.61,0.229,100
UPI01250,Ahmedabad,Android,Full,16,1-2y,16,3.87,66,799.87,2239.35,47014.48,0.668,0.315,53,15,0,0.0054,1,0.0235,0.107,0.26,23,36,6.52,7.85,0.202,15284.4,0.368,15.74
UPI01251,Pune,Android,Minimum,17,1-2y,17,3.53,54,683.34,1418.6,33486.64,0.587,0.373,28,25,7,0.137,1,0.023,0.064,0.21,47,71,2.39,9.99,0.155,16995.05,0.352,35.69
UPI01252,Bengaluru,Android,Full,24,1-2y,17,5.49,92,309.23,714.87,29130.46,0.823,0.16,51,41,3,0.0425,0,0.0077,0.088,0.352,43,75,6.27,5.77,0.418,21460.75,0.497,32.81
UPI01253,Ahmedabad,iOS,Minimum,18,1-2y,21,6.73,131,1105.87,2305.53,166809.12,0.952,0.033,90,41,3,0.0361,2,0.021,0.143,0.27,38,68,5.43,8.41,0.075,20576.28,0.431,25.15
UPI01254,Kolkata,Android,Premium,24,1-2y,10,1.97,15,33.68,81.79,594.26,0.514,0.499,5,9,3,0.2077,1,0.0683,0.114,0.474,21,27,4.33,49.95,0.544,620.81,0.28,65.09
UPI01255,Bengaluru,iOS,Full,33,2y+,20,5.89,133,156.2,156.2,21889.68,0.672,0.365,64,65,4,0.0455,3,0.0229,0.181,0.294,58,70,7.31,5.92,0.05,8617.6,0.346,34.63
UPI01256,Bengaluru,Android,Full,28,2y+,28,6.95,203,173.0,318.24,37020.47,0.707,0.258,144,60,8,0.0546,0,0.0065,0.174,0.223,102,144,5.05,6.09,0.487,6928.54,0.35,32.13
UPI01257,Hyderabad,Android,Full,29,2y+,6,5.28,30,1126.77,3771.28,29573.2,0.957,0.02,30,1,3,0.1031,2,0.0679,0.126,0.286,15,20,4.28,25.78,0.543,2847.72,0.463,41.24
UPI01258,Mumbai,Android,Minimum,29,2y+,14,4.53,79,888.64,3744.83,58387.61,0.646,0.403,29,48,1,0.0262,0,0.008,0.144,0.385,44,71,4.53,4.87,0.43,35153.25,0.4,18.2
UPI01259,Hyderabad,Android,Full,16,1-2y,17,4.22,65,1166.13,2042.89,80098.5,0.547,0.424,26,37,1,0.0201,2,0.0361,0.131,0.41,47,55,6.23,6.29,0.358,59061.1,0.267,20.6
UPI01260,Bengaluru,iOS,Full,20,1-2y,24,2.7,81,1565.86,2956.05,130589.88,0.66,0.38,40,39,2,0.0391,0,0.0049,0.109,0.301,30,52,4.57,6.24,0.181,29726.19,0.368,18.06
UPI01261,Hyderabad,Android,Minimum,21,1-2y,11,2.6,27,608.98,2330.4,16372.36,0.416,0.551,10,16,0,0.0148,1,0.045,0.071,0.412,16,25,2.15,32.68,0.57,4748.48,0.313,20.95
UPI01262,Delhi,Android,Minimum,23,1-2y,21,6.4,128,228.96,689.32,28393.69,0.598,0.426,53,73,0,0.0016,0,0.0046,0.099,0.309,56,69,7.6,2.05,0.317,15475.06,0.282,9.38
UPI01263,Ahmedabad,Android,Minimum,33,2y+,6,1.1,6,752.96,1790.48,3813.72,0.612,0.418,5,0,0,0.0132,0,0.0023,0.067,0.499,9,15,4.49,118.99,0.445,807.78,0.45,8.43
UPI01264,Kolkata,Android,Full,21,1-2y,23,1.59,51,2407.35,4888.01,111729.47,0.605,0.432,13,43,1,0.0329,0,0.001,0.033,0.26,37,45,3.58,12.18,0.423,10324.84,0.339,13.76
UPI01265,Delhi,Android,Full,14,1-2y,27,5.21,149,789.6,1309.98,106445.0,0.562,0.463,79,74,4,0.0305,1,0.0068,0.083,0.298,57,93,5.41,7.71,0.098,25108.29,0.293,12.38
UPI01266,Bengaluru,Android,Full,16,1-2y,16,1.88,37,2767.16,7118.57,105305.78,0.564,0.378,26,6,2,0.0586,1,0.0306,0.12,0.202,36,57,4.25,13.12,0.245,17507.76,0.38,14.11
UPI01267,Delhi,Android,Full,13,1-2y,14,3.21,29,1286.36,2662.84,37408.46,0.892,0.1,15,15,0,0.0022,3,0.1051,0.103,0.351,30,55,2.02,26.17,0.15,6487.1,0.394,8.36
UPI01268,Delhi,Android,Full,12,6-12m,31,5.7,222,548.56,2334.45,114101.25,0.837,0.142,139,84,10,0.0592,1,0.0064,0.149,0.332,55,109,5.84,3.28,0.693,32529.34,0.499,26.14
UPI01269,Pune,Android,Minimum,21,1-2y,7,5.04,35,416.23,1558.99,12579.61,0.444,0.51,15,21,31,0.35,2,0.058,0.483,0.471,39,102,3.21,21.96,0.448,2865.28,0.364,92.75
UPI01270,Hyderabad,Android,Premium,35,2y+,17,4.59,59,480.97,1335.92,29368.7,0.676,0.279,41,10,7,0.1294,1,0.0244,0.171,0.207,33,40,5.09,15.72,0.305,15185.27,0.34,29.26
UPI01271,Ahmedabad,Android,Full,33,2y+,26,6.93,149,127.82,310.95,19132.83,0.672,0.302,92,56,8,0.0626,0,0.0077,0.1,0.238,55,110,3.36,1.94,0.389,13670.58,0.339,28.51
UPI01272,Mumbai,iOS,Full,23,1-2y,6,2.35,20,829.23,2228.95,14203.79,0.334,0.73,9,12,0,0.0075,0,0.0022,0.101,0.482,6,7,2.29,36.92,0.392,6287.66,0.335,17.57
UPI01273,Bengaluru,Android,Full,35,2y+,5,11.36,58,1710.62,5194.25,86572.4,0.231,0.832,12,43,15,0.2745,8,0.1409,0.768,0.492,22,44,6.77,12.35,0.462,37622.64,0.288,100
UPI01274,Mumbai,iOS,Full,41,2y+,18,4.01,83,523.28,1393.89,40826.47,0.574,0.415,25,56,4,0.0622,2,0.0338,0.11,0.337,25,42,4.38,8.37,0.324,28882.52,0.348,25.22
UPI01275,Delhi,Android,Full,23,1-2y,25,4.96,93,916.72,2574.52,78060.8,0.807,0.177,65,26,4,0.0536,0,0.0082,0.172,0.427,66,131,5.5,8.88,0.334,53569.79,0.456,26.6
UPI01276,Bengaluru,Android,Premium,15,1-2y,25,6.71,154,102.68,235.61,17029.27,0.592,0.423,92,60,3,0.0344,1,0.008,0.064,0.344,87,145,7.02,4.62,0.253,7138.94,0.363,25.8
UPI01277,Delhi,iOS,Minimum,34,2y+,18,5.46,119,1162.9,3017.6,156020.2,0.957,0.067,78,44,5,0.0509,0,0.0099,0.098,0.213,46,76,6.88,6.8,0.25,58805.26,0.466,10.79
UPI01278,Delhi,Android,Full,1,0-6m,24,7.91,201,147.92,331.84,27838.31,0.625,0.407,110,93,5,0.0339,0,0.0099,0.117,0.226,66,138,5.78,2.64,0.22,8005.4,0.275,40.37
UPI01279,Chennai,Android,Minimum,15,1-2y,21,1.4,2,3283.36,7146.95,7668.24,0.643,0.342,0,2,3,0.35,0,0.0083,0.109,0.312,48,77,4.84,250,0.479,2648.54,0.285,72.75
UPI01280,Kolkata,Android,Full,4,0-6m,18,3.72,83,544.92,1123.49,46208.17,0.517,0.489,37,45,3,0.0367,0,0.006,0.161,0.409,35,39,5.3,11.06,0.155,11392.79,0.311,33.33
UPI01281,Chennai,Android,Full,4,0-6m,19,5.88,136,257.52,687.55,40576.08,0.532,0.471,75,62,0,0.0029,0,0.0066,0.129,0.373,58,98,5.0,0.2,0.22,15444.19,0.36,24.26
UPI01282,Hyderabad,Android,Minimum,13,1-2y,15,5.26,81,992.71,3992.51,66010.67,0.833,0.157,47,33,7,0.0877,1,0.0195,0.111,0.283,39,73,6.01,12.08,0.508,22675.87,0.367,31.78
UPI01283,Chennai,iOS,Full,1,0-6m,10,4.14,52,916.68,2439.27,41533.35,0.845,0.159,39,12,2,0.0404,5,0.1011,0.122,0.385,27,54,4.27,9.17,0.299,26735.6,0.408,34.13
UPI01284,Chennai,Android,Full,34,2y+,7,1.29,7,201.76,437.42,1275.8,0.323,0.633,0,0,3,0.35,2,0.2,0.081,0.4,3,3,4.58,110.57,0.24,50,0.278,98.16
UPI01285,Bengaluru,Android,Minimum,19,1-2y,21,6.79,144,175.65,354.85,26439.78,0.637,0.391,77,64,9,0.0776,0,0.0045,0.084,0.374,63,111,4.56,6.04,0.354,6401.06,0.391,36.08
UPI01286,Ahmedabad,Android,Full,34,2y+,9,0.43,1,168.99,379.95,198.08,0.402,0.53,1,0,2,0.35,1,0.2,0.064,0.243,22,37,5.56,250,0.28,227.52,0.253,100
UPI01287,Pune,Android,Minimum,17,1-2y,12,3.02,25,541.68,1502.89,15069.45,0.598,0.365,12,12,5,0.2078,0,0.0035,0.078,0.22,30,41,4.35,29.75,0.174,6661.56,0.369,49.42
UPI01288,Pune,iOS,Full,28,2y+,5,1.1,5,314.7,1067.46,1690.67,0.54,0.532,0,5,0,0.0026,0,0.007,0.056,0.259,6,7,2.29,140.55,0.428,50,0.259,8.46
UPI01289,Mumbai,Android,Minimum,4,0-6m,23,8.14,201,129.81,213.05,22754.01,0.495,0.505,92,107,8,0.0406,3,0.0243,0.091,0.36,85,130,4.92,0.21,0.285,6448.43,0.362,39.15
UPI01290,Delhi,Android,Full,10,6-12m,21,5.64,146,143.51,358.89,18637.09,0.534,0.482,82,64,1,0.011,0,0.0031,0.184,0.32,63,124,8.82,0.2,0.29,2792.72,0.354,23.08
UPI01291,Chennai,Android,Minimum,8,6-12m,13,4.14,60,453.62,1282.41,31020.67,0.62,0.395,25,43,4,0.0817,1,0.0242,0.169,0.249,26,46,5.61,9.67,0.377,11534.15,0.349,42.64
UPI01292,Chennai,iOS,Full,25,2y+,17,2.92,40,950.45,1668.61,33522.33,0.628,0.397,12,26,2,0.0607,0,0.0063,0.076,0.312,38,45,5.21,23.43,0.357,21433.14,0.374,28.94
UPI01293,Hyderabad,Android,Minimum,19,1-2y,6,0.76,5,454.77,1165.29,2335.49,0.329,0.617,3,0,2,0.35,0,0.0015,0.038,0.336,9,9,4.17,146.31,0.363,2059.27,0.244,70.51
UPI01294,Chennai,Android,Full,25,2y+,1,1.85,1,276.81,681.05,243.31,0.368,0.597,0,1,2,0.35,0,0.0048,0.129,0.463,2,3,0.57,250,0.362,1668.3,0.308,81.28
UPI01295,Kolkata,Android,Full,25,2y+,25,6.34,157,287.25,722.76,42396.17,0.589,0.381,96,59,4,0.0351,2,0.0205,0.196,0.269,81,114,3.6,1.79,0.286,27381.41,0.27,15.25
UPI01296,Hyderabad,iOS,Full,24,1-2y,13,2.96,45,969.26,2678.68,42087.87,0.853,0.176,32,10,4,0.1028,1,0.0318,0.052,0.385,27,47,5.94,12.56,0.341,15559.43,0.489,30.24
UPI01297,Delhi,Android,Premium,27,2y+,20,1.55,29,3521.39,4430.08,97212.61,0.748,0.285,22,4,2,0.0695,0,0.005,0.118,0.312,31,58,2.73,23.67,0.059,30306.31,0.385,25.88
UPI01298,Mumbai,Android,Minimum,13,1-2y,22,5.12,102,1014.72,2790.22,104997.08,0.811,0.166,56,48,6,0.0677,3,0.0394,0.184,0.273,60,87,3.03,9.49,0.385,59400.41,0.35,32.53
UPI01299,Mumbai,Android,Full,21,1-2y,17,3.14,76,3373.99,10817.79,222888.49,0.737,0.296,42,33,4,0.0664,2,0.0309,0.047,0.321,34,56,3.59,11.63,0.514,29457.38,0.45,17.47
UPI01300,Delhi,Android,Full,5,0-6m,5,1.09,1,663.94,1866.99,721.11,0.645,0.413,1,0,1,0.35,1,0.2,0.055,0.441,7,10,3.47,250,0.288,673.15,0.419,100
UPI01301,Pune,Android,Full,32,2y+,28,7.61,234,201.83,535.82,39772.4,0.562,0.396,131,101,4,0.0281,2,0.0166,0.071,0.386,110,230,3.35,2.08,0.333,26916.22,0.411,30.58
UPI01302,Pune,Android,Full,23,1-2y,2,1.7,3,185.43,483.28,545.87,0.507,0.44,2,2,1,0.3352,1,0.2,0.135,0.241,2,3,5.03,245.21,0.282,1342.54,0.288,95.63
UPI01303,Pune,Android,Full,22,1-2y,22,8.52,179,288.43,442.23,57907.87,0.532,0.459,67,117,4,0.0314,1,0.0063,0.195,0.321,91,121,3.37,0.96,0.05,8775.23,0.3,39.51
UPI01304,Ahmedabad,Android,Premium,1,0-6m,20,6.33,127,913.43,2790.74,119671.89,0.802,0.22,64,63,1,0.0182,1,0.0138,0.063,0.238,68,92,4.02,5.26,0.699,77913.81,0.374,21.01
UPI01305,Kolkata,Android,Premium,9,6-12m,24,8.77,197,84.45,283.06,17412.08,0.595,0.393,102,89,7,0.0503,0,0.0055,0.116,0.35,51,118,3.59,2.92,0.35,13668.55,0.371,30.7
UPI01306,Delhi,Android,Full,1,0-6m,15,6.78,115,92.98,258.91,11032.8,0.476,0.53,44,64,1,0.0091,0,0.0092,0.057,0.214,18,35,7.24,2.86,0.452,1909.72,0.214,29.93
UPI01307,Bengaluru,Android,Full,24,1-2y,15,6.52,85,712.26,1568.0,66278.04,0.847,0.182,64,21,2,0.0255,1,0.0155,0.043,0.35,45,83,7.31,9.4,0.339,14967.38,0.432,12.35
UPI01308,Hyderabad,Android,Full,26,2y+,14,3.7,50,844.9,2826.66,37430.67,0.499,0.496,22,31,5,0.1143,1,0.0289,0.162,0.396,35,65,4.53,18.59,0.404,10916.69,0.295,49.83
UPI01309,Pune,iOS,Full,32,2y+,15,5.36,70,1166.39,3698.39,94665.24,0.801,0.204,43,26,3,0.047,0,0.0,0.178,0.371,40,50,4.61,8.99,0.487,40570.52,0.483,24.75
UPI01310,Pune,Android,Full,38,2y+,26,8.99,214,219.37,741.89,46841.32,0.528,0.466,81,137,8,0.0512,0,0.001,0.063,0.378,73,151,7.43,2.75,0.31,30038.87,0.381,27.14
UPI01311,Kolkata,Android,Premium,2,0-6m,21,3.2,45,497.7,1269.63,19164.44,0.57,0.445,8,38,3,0.0709,1,0.0294,0.145,0.231,61,82,6.32,12.23,0.243,3315.0,0.336,32.45
UPI01312,Kolkata,Android,Minimum,6,0-6m,4,1.87,9,597.41,1489.65,4745.13,0.331,0.696,9,0,0,0.0008,0,0.0008,0.096,0.34,4,5,3.05,81.56,0.225,724.8,0.201,18.04
UPI01313,Mumbai,Android,Minimum,2,0-6m,9,14.01,107,3040.66,12158.82,280536.29,0.418,0.549,25,83,23,0.224,5,0.0535,0.365,0.391,47,74,8.81,6.3,0.715,197598.71,0.308,88.3
UPI01314,Hyderabad,Android,Full,25,2y+,15,4.66,84,717.71,2043.61,49823.85,0.676,0.327,38,46,4,0.0493,3,0.0398,0.058,0.357,24,41,2.45,8.52,0.187,4494.68,0.358,29.95
UPI01315,Pune,Android,Premium,13,1-2y,31,5.57,193,380.99,904.18,78384.08,0.641,0.321,94,97,2,0.0215,2,0.011,0.054,0.277,50,94,6.87,4.23,0.2,32952.46,0.361,19.09
UPI01316,Hyderabad,iOS,Full,23,1-2y,9,0.3,7,146.33,522.78,923.69,0.407,0.532,0,4,1,0.1518,0,0.0037,0.035,0.31,5,8,4.33,103.0,0.445,397.55,0.272,41.66
UPI01317,Chennai,iOS,Minimum,32,2y+,16,5.3,96,334.59,1277.95,36732.81,0.829,0.195,63,34,5,0.0629,4,0.0511,0.157,0.388,43,55,6.02,5.1,0.729,6700.46,0.407,29.96
UPI01318,Delhi,Android,Minimum,32,2y+,13,4.32,54,912.03,2263.0,52987.98,0.881,0.135,34,19,4,0.0864,5,0.1007,0.13,0.236,38,60,6.7,14.23,0.134,24826.35,0.442,36.41
UPI01319,Mumbai,Android,Full,5,0-6m,17,7.52,141,104.56,241.73,14317.01,0.51,0.505,45,99,4,0.0344,4,0.0362,0.212,0.344,57,131,6.77,8.01,0.335,7898.81,0.297,41.26
UPI01320,Delhi,Android,Full,33,2y+,17,5.99,109,2270.24,8063.02,231980.51,0.466,0.432,37,75,21,0.2018,7,0.0673,0.6,0.604,69,142,8.36,5.34,0.767,104082.75,0.391,73.9
UPI01321,Bengaluru,Android,Full,33,2y+,23,2.94,88,151.84,523.41,14236.77,0.614,0.434,30,55,6,0.0705,0,0.0068,0.061,0.341,59,116,4.77,4.71,0.721,11262.93,0.376,19.03
UPI01322,Bengaluru,Android,Full,33,2y+,7,0.96,9,798.66,2313.07,7356.43,0.586,0.388,5,2,1,0.1157,0,0.0064,0.096,0.339,11,14,5.26,78.04,0.414,2934.66,0.266,26.77
UPI01323,Delhi,iOS,Full,26,2y+,20,3.76,61,3565.44,8271.9,206259.28,0.702,0.318,40,23,8,0.1435,2,0.0413,0.051,0.364,47,86,6.88,13.39,0.358,145593.92,0.321,35.54
UPI01324,Kolkata,Android,Full,24,1-2y,21,1.78,52,146.11,461.96,7605.72,0.537,0.431,24,28,4,0.0828,0,0.0038,0.217,0.241,69,108,6.37,14.99,0.441,2964.08,0.276,31.6
UPI01325,Pune,iOS,Full,19,1-2y,21,5.01,110,145.74,382.82,14166.09,0.591,0.429,59,49,0,0.0146,1,0.0118,0.162,0.233,49,71,5.67,3.32,0.229,11658.56,0.382,17.5
UPI01326,Kolkata,iOS,Full,23,1-2y,17,7.12,127,129.32,202.93,17929.58,0.575,0.438,67,59,7,0.0677,5,0.0399,0.096,0.233,49,106,5.76,5.27,0.245,7612.2,0.312,25.56
UPI01327,Pune,Android,Full,5,0-6m,28,3.38,86,261.48,811.49,26127.28,0.697,0.278,47,40,8,0.1063,2,0.0295,0.043,0.41,85,169,2.8,7.69,0.455,14023.32,0.373,37.77
UPI01328,Hyderabad,Android,Full,24,1-2y,6,0.2,1,245.83,800.54,227.21,0.51,0.501,1,0,1,0.35,0,0.0018,0.033,0.339,11,12,6.84,250,0.273,177.85,0.385,73.11
UPI01329,Delhi,Android,Full,20,1-2y,6,4.03,25,2891.05,7887.46,83364.47,0.765,0.247,14,16,4,0.1713,0,0.0024,0.114,0.333,10,15,5.23,28.92,0.37,27726.78,0.452,45.54
UPI01330,Chennai,Android,Minimum,7,6-12m,14,9.37,144,34.02,85.57,5460.59,0.652,0.305,78,63,4,0.0327,1,0.0071,0.063,0.363,34,80,7.1,8.32,0.33,4526.89,0.428,25.53
UPI01331,Delhi,Android,Full,8,6-12m,13,4.95,70,416.56,1209.52,24005.27,0.912,0.112,64,1,4,0.0692,0,0.0087,0.132,0.275,26,39,8.2,8.64,0.426,14784.35,0.376,16.24
UPI01332,Chennai,iOS,Minimum,17,1-2y,11,4.17,42,519.78,1551.83,24536.65,0.639,0.383,17,23,6,0.1558,0,0.007,0.124,0.345,28,36,3.41,22.12,0.31,19781.69,0.427,42.2
UPI01333,Hyderabad,iOS,Full,27,2y+,18,5.44,80,783.51,3003.05,60019.41,0.61,0.384,46,37,0,0.0117,1,0.0184,0.151,0.206,42,81,4.79,10.7,0.601,35545.6,0.337,20.3
UPI01334,Pune,Android,Full,16,1-2y,20,6.98,134,199.18,603.76,31193.45,0.908,0.065,96,37,0,0.0007,0,0.0038,0.183,0.387,51,102,4.66,0.51,0.509,9391.67,0.388,26.81
UPI01335,Hyderabad,Android,Minimum,18,1-2y,30,8.94,227,2681.3,6422.15,586294.92,0.446,0.656,79,146,9,0.0505,4,0.022,0.42,0.636,117,195,7.78,3.89,0.554,307222.34,0.292,43.17
UPI01336,Pune,Android,Full,2,0-6m,9,1.19,10,5845.0,13742.0,58000.27,0.812,0.179,5,1,0,0.0143,0,0.0028,0.078,0.2,20,23,3.73,67.6,0.191,6330.48,0.391,13.43
UPI01337,Pune,Android,Full,18,1-2y,23,5.25,106,223.07,431.9,19564.01,0.628,0.34,55,51,2,0.0276,2,0.0242,0.212,0.227,87,171,4.85,8.27,0.244,8254.84,0.349,23.84
UPI01338,Pune,Android,Minimum,20,1-2y,13,3.07,34,2670.92,7944.45,84123.41,0.573,0.429,15,20,24,0.35,8,0.2,0.413,0.623,51,97,7.0,21.53,0.703,17857.18,0.347,98.31
UPI01339,Hyderabad,Android,Minimum,15,1-2y,14,3.29,24,348.81,838.21,9400.44,0.642,0.312,8,17,5,0.2181,0,0.001,0.128,0.398,27,46,5.93,31.04,0.233,288.47,0.35,47.97
UPI01340,Ahmedabad,Android,Minimum,12,6-12m,22,2.73,17,3586.52,7876.42,70594.28,0.788,0.205,12,0,0,0.0139,3,0.1863,0.174,0.182,35,56,5.69,44.38,0.122,21631.8,0.332,30.89
UPI01341,Delhi,Android,Full,17,1-2y,16,2.55,38,642.51,1100.44,25578.6,0.634,0.384,24,11,4,0.111,0,0.0069,0.074,0.311,45,86,7.17,16.48,0.239,18502.72,0.406,22.99
UPI01342,Kolkata,Android,Premium,20,1-2y,22,10.09,220,330.6,685.8,65469.91,0.702,0.322,111,108,4,0.0229,0,0.008,0.184,0.35,65,122,5.84,3.9,0.288,19445.14,0.4,32.59
UPI01343,Bengaluru,Android,Minimum,12,6-12m,16,2.86,52,650.6,1632.77,29132.86,0.452,0.526,8,45,4,0.08,1,0.0259,0.175,0.379,33,59,4.26,18.58,0.14,14578.64,0.235,21.13
UPI01344,Pune,Android,Minimum,19,1-2y,20,8.24,156,840.8,3321.68,122896.73,0.271,0.712,29,126,17,0.1283,10,0.0715,0.738,0.456,59,88,7.23,5.75,0.581,46552.56,0.22,73.21
UPI01345,Hyderabad,iOS,Minimum,3,0-6m,20,3.84,63,779.52,2420.92,41345.63,0.954,0.021,48,14,2,0.0428,0,0.0062,0.101,0.38,63,86,7.85,9.19,0.465,22293.56,0.462,27.85
UPI01346,Pune,Android,Full,25,2y+,4,1.68,7,170.04,445.9,1055.59,0.416,0.645,0,4,0,0.0096,1,0.1443,0.077,0.298,9,14,6.05,99.1,0.362,364.79,0.254,26.65
UPI01347,Pune,Android,Premium,20,1-2y,22,6.63,141,196.25,505.04,30524.55,0.621,0.426,78,62,6,0.0571,0,0.0073,0.079,0.339,75,121,7.42,1.01,0.32,24921.45,0.381,30.03
UPI01348,Hyderabad,Android,Full,24,1-2y,15,2.8,50,520.63,1477.28,24977.63,0.542,0.501,18,32,1,0.0232,1,0.0257,0.136,0.237,42,79,6.4,13.45,0.388,13516.07,0.309,14.64
UPI01349,Chennai,Android,Premium,21,1-2y,10,0.74,1,563.61,1367.71,556.28,0.437,0.501,1,0,1,0.35,1,0.2,0.023,0.418,15,15,3.82,250,0.145,381.65,0.312,91.43
UPI01350,Mumbai,Android,Full,29,2y+,23,4.83,111,459.31,947.82,54541.07,0.953,0.077,70,43,5,0.0571,0,0.0003,0.079,0.235,72,109,5.4,0.2,0.179,16231.42,0.492,28.21
UPI01351,Chennai,Android,Full,18,1-2y,21,5.17,102,465.22,643.99,43199.07,0.565,0.447,65,43,9,0.101,1,0.0174,0.102,0.269,49,80,6.62,2.58,0.098,19051.76,0.334,46.39
UPI01352,Mumbai,iOS,Full,8,6-12m,13,4.71,58,4749.52,11719.08,227307.97,0.673,0.334,32,22,0,0.0085,0,0.0043,0.125,0.209,16,26,2.28,12.55,0.277,51795.95,0.409,19.33
UPI01353,Chennai,Android,Minimum,28,2y+,14,5.61,84,2437.9,6490.51,219755.16,0.248,0.688,14,71,27,0.3251,7,0.0876,0.329,0.435,87,229,9.55,13.6,0.583,98216.7,0.308,99.7
UPI01354,Delhi,Android,Full,14,1-2y,12,4.3,44,610.31,1453.53,26257.71,0.606,0.405,11,32,5,0.1279,2,0.0482,0.168,0.388,32,50,4.5,15.32,0.31,17418.44,0.338,42.65
UPI01355,Mumbai,Android,Full,15,1-2y,24,6.92,174,154.24,328.25,22700.22,0.689,0.329,124,50,8,0.048,2,0.0152,0.159,0.25,57,121,7.84,4.3,0.285,7905.08,0.409,19.55
UPI01356,Delhi,Android,Full,10,6-12m,18,4.98,111,664.12,2233.9,78112.11,0.875,0.139,74,38,6,0.0546,1,0.0142,0.102,0.298,57,90,6.8,9.75,0.524,19051.14,0.416,12.03
UPI01357,Bengaluru,Android,Full,22,1-2y,30,3.36,85,216.76,590.19,15998.91,0.587,0.456,50,34,3,0.0405,3,0.0371,0.097,0.237,62,80,2.37,7.93,0.342,9652.4,0.38,23.68
UPI01358,Bengaluru,Android,Full,21,1-2y,17,6.48,105,1113.22,2149.34,108481.34,0.898,0.077,75,31,4,0.0414,1,0.0171,0.187,0.372,50,97,6.44,10.83,0.295,22425.36,0.413,31.55
UPI01359,Hyderabad,Android,Minimum,10,6-12m,3,1.24,3,739.12,1979.34,2608.44,0.528,0.486,3,3,1,0.3407,0,0.0003,0.138,0.347,2,3,3.37,237.98,0.241,521.27,0.372,78.16
UPI01360,Mumbai,Android,Full,24,1-2y,15,9.67,155,1476.91,3992.32,196213.61,0.204,0.707,27,123,31,0.2079,3,0.0205,0.568,0.356,57,150,1.97,7.24,0.656,141236.19,0.161,83.85
UPI01361,Chennai,Android,Minimum,24,1-2y,22,4.13,75,767.92,1296.87,64647.47,0.464,0.513,36,37,6,0.0831,0,0.0005,0.174,0.326,38,45,7.76,12.43,0.313,12165.03,0.361,29.34
UPI01362,Chennai,Android,Full,20,1-2y,18,2.54,25,5459.08,13225.2,152076.19,0.811,0.19,19,8,3,0.1258,2,0.0811,0.161,0.331,34,44,4.06,31.12,0.209,60243.28,0.381,36.45
UPI01363,Bengaluru,iOS,Full,2,0-6m,10,0.65,7,882.0,2744.47,5930.96,0.556,0.44,0,5,2,0.2889,3,0.2,0.03,0.345,18,29,2.59,100.95,0.515,3552.98,0.265,100
UPI01364,Chennai,iOS,Full,20,1-2y,4,1.56,9,231.0,477.31,2123.88,0.357,0.658,3,0,1,0.1192,1,0.1168,0.129,0.216,7,7,4.07,80.71,0.305,940.34,0.219,51.21
UPI01365,Hyderabad,iOS,Minimum,27,2y+,27,3.02,106,782.42,2463.88,84020.17,0.475,0.497,36,71,5,0.053,2,0.0265,0.051,0.367,73,82,4.78,4.73,0.46,61392.02,0.36,19.19
UPI01366,Bengaluru,iOS,Full,20,1-2y,25,11.53,297,96.58,117.04,24244.97,0.679,0.274,210,89,10,0.0484,1,0.0058,0.191,0.263,47,105,8.04,0.2,0.092,4249.62,0.402,30.71
UPI01367,Kolkata,Android,Minimum,14,1-2y,30,7.12,212,124.79,439.34,29356.82,0.685,0.298,104,105,0,0.0067,1,0.011,0.201,0.348,103,171,2.61,4.55,0.593,8198.89,0.409,20.86
UPI01368,Delhi,Android,Full,20,1-2y,12,6.7,75,60,217.68,5234.44,0.835,0.158,39,38,0,0.0034,2,0.0294,0.119,0.257,24,47,3.0,11.44,0.474,3081.17,0.379,19.38
UPI01369,Pune,iOS,Minimum,2,0-6m,24,4.14,107,5842.36,15163.75,585119.69,0.722,0.27,46,58,3,0.0364,1,0.015,0.086,0.246,48,79,4.39,8.77,0.393,194185.98,0.372,34.25
UPI01370,Hyderabad,Android,Full,11,6-12m,16,2.91,50,1498.47,2454.18,65364.64,0.656,0.314,17,30,3,0.0602,0,0.0007,0.085,0.321,27,37,5.42,18.08,0.204,32626.38,0.374,17.84
UPI01371,Delhi,Android,Full,16,1-2y,24,7.11,191,556.77,1366.68,122993.57,0.866,0.123,110,78,5,0.0293,1,0.0114,0.047,0.275,69,93,3.82,3.41,0.418,81983.69,0.487,19.06
UPI01372,Ahmedabad,Android,Full,8,6-12m,25,5.92,153,90.77,201.78,12613.35,0.54,0.414,72,75,5,0.0441,2,0.0223,0.067,0.317,73,139,1.81,0.2,0.05,2971.9,0.307,23.61
UPI01373,Mumbai,Android,Full,16,1-2y,5,1.3,8,604.96,1398.3,4713.76,0.414,0.602,0,8,3,0.35,0,0.007,0.026,0.49,6,9,1.64,93.8,0.156,727.91,0.235,69.03
UPI01374,Mumbai,Android,Minimum,25,2y+,24,6.51,178,205.21,577.65,31788.97,0.488,0.485,71,103,11,0.073,0,0.0082,0.056,0.32,54,81,3.56,0.2,0.336,19720.27,0.34,34.84
UPI01375,Bengaluru,Android,Minimum,11,6-12m,14,5.71,75,340.42,1057.13,23414.39,0.633,0.352,34,38,3,0.0513,1,0.0215,0.094,0.356,27,43,3.21,11.33,0.297,12405.99,0.403,23.96
UPI01376,Chennai,Android,Minimum,35,2y+,5,1.15,1,517.99,1354.61,585.84,0.327,0.735,1,0,0,0.012,1,0.2,0.081,0.462,8,12,3.83,250,0.348,507.78,0.215,40.64
UPI01377,Hyderabad,Android,Full,30,2y+,14,3.65,39,1806.93,3565.21,78743.32,0.703,0.258,18,18,3,0.0897,0,0.0028,0.061,0.267,35,63,2.47,21.77,0.224,54688.62,0.299,35.17
UPI01378,Mumbai,Android,Minimum,23,1-2y,28,5.1,128,92.46,208.92,11569.07,0.686,0.363,87,43,0,0.0153,0,0.0073,0.172,0.231,62,92,3.13,4.6,0.058,3241.57,0.362,22.58
UPI01379,Pune,Android,Full,17,1-2y,6,0.88,7,622.23,2204.16,3695.96,0.53,0.516,3,7,1,0.1447,0,0.007,0.031,0.266,10,14,1.18,103.26,0.468,50,0.313,31.52
UPI01380,Pune,Android,Full,15,1-2y,21,7.36,142,194.5,397.34,24151.27,0.636,0.339,61,80,6,0.0555,3,0.0275,0.125,0.295,63,113,8.83,4.2,0.266,15419.17,0.38,37.64
UPI01381,Mumbai,iOS,Full,30,2y+,20,4.77,73,2960.48,11613.66,195403.01,0.42,0.466,29,45,7,0.1075,6,0.085,0.546,0.667,60,134,9.63,11.48,0.862,144996.61,0.358,62.99
UPI01382,Bengaluru,Android,Minimum,9,6-12m,14,9.16,122,88.84,215.68,12578.52,0.499,0.475,37,82,6,0.0624,1,0.0092,0.192,0.387,41,75,7.56,7.96,0.199,6630.51,0.317,36.35
UPI01383,Hyderabad,Android,Premium,13,1-2y,13,3.08,48,219.24,633.76,11610.14,0.673,0.34,17,30,0,0.0148,2,0.0456,0.134,0.333,25,29,6.52,16.24,0.365,2625.62,0.44,32.2
UPI01384,Pune,Android,Minimum,1,0-6m,20,4.41,85,839.53,1550.63,58705.15,0.85,0.147,55,28,4,0.0593,3,0.0387,0.074,0.285,57,108,2.72,9.03,0.236,17347.04,0.35,24.67
UPI01385,Kolkata,Android,Full,34,2y+,16,4.57,77,400.72,1042.39,27032.83,0.845,0.132,65,14,4,0.0536,0,0.0039,0.069,0.209,51,99,4.83,7.38,0.337,15504.97,0.382,21.87
UPI01386,Ahmedabad,Android,Premium,32,2y+,29,2.44,74,773.02,2490.02,46938.27,0.685,0.307,34,42,0,0.0027,3,0.0468,0.129,0.416,41,66,5.26,10.3,0.502,17078.97,0.39,15.39
UPI01387,Kolkata,Android,Full,20,1-2y,18,3.6,47,1876.83,4293.54,81862.85,0.563,0.422,14,40,4,0.0989,2,0.0508,0.107,0.241,40,53,5.53,18.6,0.421,46719.96,0.368,35.54
UPI01388,Kolkata,Android,Full,18,1-2y,27,9.42,234,168.27,493.68,39721.29,0.69,0.287,116,114,8,0.0402,2,0.0176,0.184,0.243,81,150,2.9,0.2,0.517,29053.83,0.43,40.8
UPI01389,Hyderabad,Android,Minimum,11,6-12m,24,6.28,156,150.54,418.12,25950.58,0.556,0.476,72,85,4,0.0317,0,0.0057,0.053,0.23,63,121,5.83,5.61,0.297,6061.55,0.28,23.07
UPI01390,Hyderabad,iOS,Full,31,2y+,20,3.01,90,463.81,860.5,42311.33,0.946,0.065,67,26,3,0.0415,1,0.0139,0.13,0.389,55,70,2.23,5.43,0.127,10724.08,0.507,15.5
UPI01391,Mumbai,Android,Full,18,1-2y,8,5.42,41,2536.5,6201.02,116366.07,0.596,0.352,15,19,3,0.0828,4,0.0988,0.049,0.203,23,35,5.78,16.37,0.218,54717.69,0.283,38.78
UPI01392,Delhi,Android,Full,20,1-2y,12,5.36,59,887.53,1977.04,46164.95,0.781,0.22,45,6,6,0.104,5,0.0879,0.094,0.323,25,46,4.31,7.82,0.36,30570.11,0.358,43.33
UPI01393,Pune,Android,Full,16,1-2y,22,8.17,191,176.49,314.45,30213.23,0.532,0.511,94,97,9,0.056,2,0.0172,0.055,0.307,44,109,3.17,12.21,0.316,6779.27,0.364,37.59
UPI01394,Bengaluru,Android,Minimum,14,1-2y,18,3.94,58,520.52,2139.36,30231.95,0.948,0.066,42,17,6,0.1084,2,0.0372,0.072,0.335,37,59,3.79,14.94,0.561,12336.24,0.456,35.27
UPI01395,Bengaluru,Android,Full,17,1-2y,2,1.7,2,354.11,953.05,591.46,0.459,0.463,2,0,2,0.35,1,0.2,0.08,0.374,7,10,2.81,250,0.263,50,0.23,96.9
UPI01396,Pune,Android,Premium,15,1-2y,8,0.97,3,604.63,1257.91,1576.87,0.592,0.335,3,0,0,0.0028,1,0.2,0.131,0.298,14,14,4.06,243.3,0.304,2928.54,0.404,33.32
UPI01397,Bengaluru,Android,Minimum,7,6-12m,10,2.53,13,456.49,1096.46,5859.81,0.616,0.372,2,11,3,0.2341,0,0.0085,0.155,0.418,25,29,4.23,59.08,0.336,3070.41,0.342,52.81
UPI01398,Delhi,iOS,Full,26,2y+,9,1.65,14,600.07,1763.14,9887.5,0.647,0.411,10,4,0,0.0121,1,0.0801,0.11,0.285,12,19,3.7,47.63,0.309,6036.36,0.36,14.7
UPI01399,Kolkata,Android,Minimum,25,2y+,20,4.51,96,702.9,1645.5,79580.39,0.477,0.548,36,58,5,0.0613,1,0.0116,0.076,0.341,36,59,4.99,6.14,0.307,25366.76,0.281,16.22
UPI01400,Delhi,Android,Full,12,6-12m,5,0.89,9,80.29,226.97,730.69,0.531,0.436,9,1,0,0.0023,0,0.0002,0.15,0.415,15,22,3.87,75.9,0.387,1735.06,0.317,23.02
UPI01401,Delhi,iOS,Minimum,15,1-2y,24,6.38,110,219.37,526.06,24706.27,0.693,0.306,52,57,4,0.0483,0,0.0001,0.192,0.3,89,198,5.08,8.73,0.246,4153.92,0.353,27.41
UPI01402,Hyderabad,iOS,Full,24,1-2y,20,1.74,55,808.63,2656.87,49920.23,0.466,0.51,27,25,5,0.1052,2,0.0364,0.137,0.323,30,48,4.2,11.35,0.355,11649.29,0.356,35.46
UPI01403,Pune,Android,Full,13,1-2y,16,3.73,53,3774.28,8559.18,171659.9,0.759,0.258,40,12,0,0.0104,1,0.0237,0.043,0.302,37,51,6.46,14.03,0.287,62352.48,0.467,13.3
UPI01404,Hyderabad,Android,Full,20,1-2y,5,1.71,21,671.57,1417.36,16599.18,0.348,0.665,5,16,0,0.0125,0,0.0025,0.065,0.446,4,4,4.29,35.72,0.179,6766.92,0.293,28.95
UPI01405,Chennai,Android,Full,13,1-2y,20,1.75,41,2420.37,8200.71,82641.83,0.563,0.403,25,15,3,0.0798,0,0.0049,0.034,0.23,50,88,4.68,15.44,0.254,28658.94,0.297,13.94
UPI01406,Kolkata,Android,Minimum,7,6-12m,18,3.43,64,333.69,698.56,20847.27,0.863,0.145,46,18,7,0.1104,0,0.0011,0.153,0.208,47,95,5.94,7.94,0.189,2751.97,0.352,24.7
UPI01407,Kolkata,Android,Full,28,2y+,21,5.7,96,600.23,1306.41,55237.1,0.539,0.417,44,57,3,0.0446,1,0.0187,0.154,0.219,42,77,8.55,9.0,0.371,27431.88,0.329,34.3
UPI01408,Hyderabad,Android,Minimum,9,6-12m,17,4.32,81,453.18,1107.16,35273.51,0.558,0.441,37,48,0,0.0085,0,0.0034,0.172,0.224,26,44,3.42,7.14,0.318,18828.69,0.272,17.25
UPI01409,Delhi,Android,Full,27,2y+,13,2.55,25,979.32,2592.22,20268.06,0.653,0.374,14,11,4,0.1652,1,0.0406,0.173,0.359,23,37,3.78,29.05,0.408,14919.2,0.34,45.49
UPI01410,Mumbai,Android,Full,9,6-12m,5,1.2,3,597.75,1115.39,1485.34,0.376,0.68,1,0,2,0.35,2,0.2,0.034,0.494,11,12,2.91,241.26,0.143,1799.69,0.29,99.72
UPI01411,Delhi,Android,Full,1,0-6m,15,4.47,69,324.84,1065.75,21380.93,0.603,0.39,27,44,5,0.0843,0,0.0035,0.083,0.343,36,65,6.92,12.52,0.366,5513.92,0.339,42.8
UPI01412,Kolkata,Android,Full,28,2y+,12,0.05,12,425.35,1226.03,4389.6,0.301,0.735,3,5,1,0.0873,0,0.0018,0.141,0.345,19,24,3.78,61.79,0.484,2457.63,0.273,39.79
UPI01413,Chennai,Android,Full,25,2y+,14,5.02,64,925.98,3070.9,61216.88,0.531,0.501,32,32,3,0.0509,1,0.0238,0.112,0.356,18,26,5.77,9.95,0.463,13650.96,0.253,30.62
UPI01414,Mumbai,iOS,Full,7,6-12m,17,10.31,162,642.75,1956.68,103439.65,0.329,0.745,40,124,22,0.1416,7,0.0448,0.441,0.307,42,65,7.82,2.14,0.456,29518.04,0.238,72.85
UPI01415,Chennai,iOS,Minimum,32,2y+,22,4.53,115,500.88,1296.4,63348.58,0.809,0.165,77,38,2,0.0301,1,0.0182,0.09,0.288,44,58,2.49,6.96,0.34,22904.02,0.385,14.44
UPI01416,Kolkata,Android,Premium,1,0-6m,15,2.46,18,650.83,1811.98,11505.0,0.65,0.333,8,14,1,0.06,0,0.0068,0.081,0.367,30,41,4.66,37.37,0.476,4479.6,0.294,19.76
UPI01417,Delhi,iOS,Full,36,2y+,27,5.58,165,481.09,907.58,92352.52,0.886,0.108,148,16,2,0.0269,3,0.0241,0.193,0.242,81,117,6.24,4.62,0.43,36316.68,0.458,19.75
UPI01418,Delhi,iOS,Full,5,0-6m,20,7.14,150,392.93,461.81,59964.74,0.831,0.169,83,70,3,0.0307,0,0.0039,0.176,0.294,63,83,7.04,4.38,0.073,42052.22,0.401,22.77
UPI01419,Ahmedabad,Android,Minimum,35,2y+,22,8.01,182,144.78,372.73,30873.14,0.641,0.32,75,115,8,0.0445,0,0.0079,0.086,0.371,69,129,7.32,7.2,0.392,21906.16,0.303,13.59
UPI01420,Kolkata,Android,Full,30,2y+,1,1.08,1,382.14,925.27,406.08,0.408,0.619,1,1,0,0.0031,0,0.0086,0.084,0.312,5,8,3.58,250,0.271,50,0.317,2.95
UPI01421,Mumbai,Android,Full,14,1-2y,13,2.14,25,4533.97,11370.3,99942.95,0.58,0.407,17,9,3,0.1307,0,0.0023,0.17,0.298,36,39,5.92,33.71,0.492,13629.96,0.378,36.96
UPI01422,Mumbai,Android,Full,22,1-2y,15,3.65,56,3859.13,13589.29,237026.19,0.81,0.236,28,27,4,0.0796,0,0.0089,0.179,0.377,27,51,5.0,10.88,0.364,151743.27,0.438,18.83
UPI01423,Hyderabad,iOS,Full,10,6-12m,6,0.05,2,20,62.3,100,0.477,0.595,2,2,3,0.35,0,0.0028,0.028,0.243,14,22,2.83,250,0.516,2859.12,0.253,71.0
UPI01424,Hyderabad,Android,Full,19,1-2y,18,7.01,109,356.23,1030.89,38804.67,0.689,0.268,72,32,0,0.0044,0,0.0081,0.162,0.292,57,75,6.61,9.42,0.447,25187.7,0.443,20.01
UPI01425,Ahmedabad,Android,Full,13,1-2y,26,6.75,152,300.27,546.61,40754.1,0.613,0.372,60,87,0,0.0147,2,0.018,0.102,0.281,66,142,7.02,1.37,0.27,29771.47,0.267,23.45
UPI01426,Delhi,Android,Full,14,1-2y,15,3.09,53,867.99,2445.05,44486.17,0.481,0.555,27,26,5,0.1033,1,0.0276,0.133,0.213,29,36,4.33,15.66,0.475,26025.52,0.283,37.67
UPI01427,Chennai,Android,Minimum,14,1-2y,7,1.99,8,413.88,850.85,3801.06,0.619,0.303,0,6,3,0.35,0,0.0092,0.141,0.221,7,8,1.11,90.42,0.181,2365.62,0.265,69.34
UPI01428,Kolkata,Android,Full,21,1-2y,24,7.93,168,239.15,531.73,37127.48,0.525,0.486,90,83,4,0.0318,0,0.01,0.119,0.307,72,124,12.02,4.15,0.235,12823.98,0.294,33.43
UPI01429,Bengaluru,Android,Full,35,2y+,27,7.7,186,103.84,246.8,20859.73,0.661,0.322,117,66,2,0.013,0,0.0038,0.082,0.234,102,249,6.58,0.2,0.319,1854.42,0.328,25.73
UPI01430,Delhi,Android,Full,39,2y+,9,8.12,75,3481.52,11298.89,290680.64,0.615,0.355,35,41,12,0.1775,12,0.1635,0.459,0.525,52,94,10.69,14.57,0.738,57111.4,0.457,78.44
UPI01431,Chennai,iOS,Full,6,0-6m,20,5.38,101,5133.52,18019.58,607529.73,0.804,0.168,60,45,6,0.0655,0,0.0019,0.049,0.276,39,69,4.57,3.9,0.702,350000,0.377,38.85
UPI01432,Ahmedabad,Android,Full,7,6-12m,23,3.6,79,736.28,1451.04,49599.51,0.48,0.489,24,61,2,0.0362,0,0.0037,0.098,0.266,42,78,6.85,12.23,0.384,10018.71,0.261,26.19
UPI01433,Kolkata,Android,Full,25,2y+,21,3.34,56,908.93,2922.04,59015.35,0.697,0.28,23,34,6,0.1106,1,0.0237,0.113,0.282,40,72,5.65,12.2,0.451,11819.75,0.436,28.37
UPI01434,Kolkata,Android,Full,18,1-2y,18,3.48,64,274.87,699.31,19689.77,0.506,0.488,24,42,3,0.0525,2,0.035,0.061,0.235,72,124,4.82,12.78,0.092,3681.77,0.325,16.85
UPI01435,Mumbai,Android,Full,27,2y+,5,1.41,13,326.6,1177.41,4057.9,0.47,0.493,9,6,4,0.3142,1,0.0791,0.137,0.413,8,12,3.08,55.32,0.347,3031.78,0.244,71.24
UPI01436,Bengaluru,Android,Full,17,1-2y,11,8.17,91,3584.86,14585.57,336186.36,0.575,0.46,44,43,12,0.1464,0,0.004,0.687,0.33,35,85,9.76,7.97,0.838,42127.33,0.408,67.72
UPI01437,Ahmedabad,Android,Full,4,0-6m,3,0.78,5,464.86,1259.42,2480.19,0.388,0.547,3,5,0,0.0024,2,0.2,0.135,0.208,3,4,4.01,144.28,0.255,614.2,0.246,41.8
UPI01438,Mumbai,iOS,Minimum,6,0-6m,18,6.29,98,185.79,653.08,20612.13,0.699,0.307,57,38,6,0.0629,2,0.0228,0.182,0.298,35,79,5.71,7.61,0.444,5616.45,0.343,38.47
UPI01439,Chennai,Android,Premium,31,2y+,14,6.95,100,97.49,252.09,8373.24,0.67,0.288,67,25,5,0.062,3,0.0317,0.184,0.273,56,123,4.42,11.62,0.354,5010.13,0.393,33.77
UPI01440,Pune,Android,Full,49,2y+,18,3.21,19,4178.81,13474.63,68342.47,0.59,0.424,5,11,1,0.0592,2,0.1083,0.085,0.338,42,55,5.26,35.89,0.558,8531.14,0.378,39.92
UPI01441,Mumbai,Android,Full,9,6-12m,15,6.11,75,1076.45,2689.64,81392.85,0.796,0.208,39,39,8,0.1188,1,0.0147,0.175,0.367,43,75,5.82,5.59,0.158,45230.56,0.415,42.89
UPI01442,Bengaluru,Android,Premium,38,2y+,7,1.44,7,881.72,1811.57,5777.68,0.393,0.591,0,4,0,0.0055,0,0.0071,0.134,0.221,13,21,3.62,102.19,0.323,3036.06,0.324,16.42
UPI01443,Pune,Android,Full,27,2y+,14,0.5,1,320.33,1108.47,292.92,0.613,0.376,1,0,8,0.35,10,0.2,0.463,0.317,65,167,7.07,250,0.556,3008.42,0.288,99.33
UPI01444,Kolkata,Android,Full,2,0-6m,19,7.91,159,98.17,183.21,14122.12,0.516,0.511,82,79,7,0.0487,0,0.0088,0.161,0.351,68,167,3.84,3.22,0.388,7832.45,0.384,42.69
UPI01445,Chennai,Android,Minimum,22,1-2y,19,2.55,40,1965.1,5389.39,69881.6,0.654,0.356,17,24,2,0.0629,0,0.007,0.057,0.246,21,29,3.09,14.07,0.223,25773.78,0.335,27.96
UPI01446,Chennai,Android,Premium,6,0-6m,21,4.0,82,2935.54,5954.31,277346.91,0.616,0.342,29,49,0,0.0031,0,0.004,0.05,0.209,53,69,6.72,10.45,0.31,197637.44,0.31,20.99
UPI01447,Hyderabad,iOS,Full,30,2y+,21,2.71,61,753.3,1959.67,48815.22,0.567,0.469,39,24,4,0.0684,1,0.0164,0.072,0.358,46,51,2.98,9.81,0.324,28700.67,0.321,29.34
UPI01448,Hyderabad,Android,Full,24,1-2y,20,6.38,103,148.01,349.91,17802.19,0.937,0.091,64,38,3,0.0305,1,0.0153,0.088,0.213,49,87,3.47,7.61,0.387,5703.03,0.377,19.62
UPI01449,Chennai,Android,Full,10,6-12m,3,1.62,3,662.28,1945.86,1958.77,0.353,0.617,0,3,1,0.3436,2,0.2,0.141,0.428,4,4,6.31,237.63,0.459,1210.12,0.221,99.42
UPI01450,Pune,iOS,Minimum,13,1-2y,21,6.76,149,255.3,718.32,33433.56,0.565,0.4,69,78,4,0.0369,3,0.0296,0.083,0.263,60,88,6.69,1.05,0.495,23756.94,0.254,24.72
UPI01451,Chennai,Android,Full,10,6-12m,25,7.13,190,197.82,386.24,37707.27,0.619,0.429,96,92,4,0.0258,1,0.0124,0.113,0.395,100,198,4.21,8.29,0.339,11484.51,0.359,26.83
UPI01452,Chennai,Android,Premium,1,0-6m,3,1.73,4,439.01,1178.51,1469.08,0.522,0.516,4,0,1,0.2518,3,0.2,0.045,0.342,3,4,3.49,183.03,0.339,2722.61,0.335,73.41
UPI01453,Kolkata,Android,Full,32,2y+,6,1.38,13,511.32,1332.23,6812.63,0.361,0.623,0,13,2,0.1601,0,0.003,0.074,0.49,7,7,3.53,54.04,0.409,2941.22,0.364,55.32
UPI01454,Delhi,Android,Minimum,17,1-2y,17,2.88,73,993.84,2797.47,72668.23,0.826,0.179,37,40,2,0.0327,4,0.0603,0.186,0.353,55,114,6.69,11.53,0.47,9061.94,0.379,32.92
UPI01455,Ahmedabad,Android,Premium,19,1-2y,15,6.51,86,40,162.45,2891.79,0.551,0.483,34,54,12,0.1484,3,0.0388,0.422,0.411,73,113,7.93,7.97,0.799,1761.18,0.378,57.78
UPI01456,Delhi,Android,Full,25,2y+,19,10.44,219,258.43,777.5,64043.0,0.562,0.414,105,117,15,0.0774,11,0.0506,0.407,0.413,66,135,5.88,0.2,0.524,8297.26,0.298,61.11
UPI01457,Pune,Android,Full,23,1-2y,9,7.21,66,1537.57,6814.52,96751.91,0.472,0.625,19,48,16,0.2503,6,0.0973,0.373,0.677,40,84,3.47,13.77,0.619,73150.29,0.381,87.28
UPI01458,Delhi,Android,Full,20,1-2y,19,8.98,196,298.28,896.64,50367.34,0.707,0.279,101,96,12,0.07,0,0.006,0.124,0.318,66,103,6.43,5.22,0.578,34679.43,0.313,27.87
UPI01459,Ahmedabad,Android,Full,21,1-2y,3,0.89,1,646.61,1310.94,558.99,0.627,0.364,0,0,0,0.0068,0,0.0041,0.094,0.193,2,3,3.06,250,0.274,50,0.312,24.87
UPI01460,Delhi,Android,Full,28,2y+,15,7.02,114,2314.99,7258.14,299140.52,0.469,0.582,34,74,24,0.213,1,0.0158,0.283,0.621,69,185,5.58,7.21,0.804,218833.91,0.345,69.66
UPI01461,Ahmedabad,Android,Minimum,17,1-2y,17,3.39,37,807.79,2987.61,31031.16,0.676,0.329,28,11,3,0.0915,1,0.0299,0.08,0.26,19,35,4.61,19.84,0.521,14957.5,0.38,39.22
UPI01462,Hyderabad,Android,Minimum,20,1-2y,23,0.8,27,1061.28,2499.51,29208.06,0.814,0.208,27,0,3,0.1244,0,0.0013,0.147,0.419,56,100,3.28,22.53,0.259,18109.83,0.374,38.66
UPI01463,Bengaluru,Android,Full,23,1-2y,18,3.07,74,889.14,3178.41,60774.03,0.831,0.15,42,34,2,0.0282,5,0.0733,0.134,0.279,49,102,4.66,1.62,0.392,16488.34,0.388,19.16
UPI01464,Mumbai,iOS,Full,43,2y+,17,3.06,83,2928.85,6703.2,244187.14,0.8,0.144,58,23,0,0.0084,1,0.0208,0.081,0.322,32,57,6.16,8.11,0.287,120533.16,0.356,8.74
UPI01465,Pune,Android,Full,27,2y+,17,5.44,79,1148.13,3113.34,105275.58,0.866,0.112,49,29,8,0.1139,0,0.0038,0.15,0.227,47,74,2.58,8.23,0.323,46133.96,0.449,41.9
UPI01466,Delhi,Android,Full,1,0-6m,17,10.1,171,213.73,766.48,39067.16,0.643,0.402,76,93,4,0.0326,1,0.0065,0.167,0.365,61,128,4.69,1.19,0.436,26475.57,0.412,40.89
UPI01467,Bengaluru,Android,Minimum,4,0-6m,17,6.81,146,200.99,452.79,30167.46,0.71,0.318,92,52,8,0.0651,1,0.0103,0.069,0.305,52,93,5.89,7.42,0.322,23197.18,0.361,34.07
UPI01468,Pune,Android,Full,18,1-2y,7,0.84,1,532.94,2002.89,538.23,0.468,0.532,1,0,0,0.0014,0,0.0062,0.073,0.398,11,12,2.17,250,0.496,50,0.312,15.5
UPI01469,Hyderabad,Android,Premium,16,1-2y,2,0.52,1,542.95,1066.48,587.77,0.386,0.574,0,0,2,0.35,2,0.2,0.077,0.341,4,5,3.88,250,0.05,50,0.232,98.66
UPI01470,Bengaluru,Android,Full,4,0-6m,1,0.96,1,374.45,844.78,388.05,0.585,0.463,0,0,0,0.0016,2,0.2,0.023,0.435,2,3,2.05,250,0.33,729.86,0.391,48.57
UPI01471,Hyderabad,Android,Full,16,1-2y,28,4.2,119,395.08,1239.61,50701.01,0.681,0.29,56,62,5,0.0487,3,0.0289,0.055,0.296,71,135,3.28,7.58,0.44,31279.08,0.305,23.72
UPI01472,Chennai,iOS,Full,10,6-12m,22,9.82,221,1477.65,5443.14,282201.32,0.576,0.425,84,135,9,0.0521,7,0.0344,0.465,0.308,100,173,10.2,2.76,0.796,134512.28,0.356,45.27
UPI01473,Mumbai,Android,Premium,23,1-2y,21,7.61,170,247.19,664.22,48638.12,0.577,0.448,64,106,6,0.048,0,0.0025,0.099,0.277,68,141,4.96,6.32,0.403,33638.13,0.275,29.0
UPI01474,Pune,Android,Premium,4,0-6m,22,8.41,172,164.44,538.05,27396.42,0.536,0.437,89,85,1,0.0141,0,0.0053,0.097,0.253,70,127,5.54,9.41,0.457,50,0.313,27.3
UPI01475,Chennai,Android,Minimum,31,2y+,11,3.59,31,1027.8,2674.5,33327.71,0.787,0.193,16,20,4,0.1328,3,0.0977,0.15,0.397,31,57,3.85,25.6,0.218,5730.61,0.359,35.52
UPI01476,Hyderabad,Android,Full,32,2y+,18,2.18,61,824.69,2027.32,45291.84,0.711,0.295,43,17,0,0.0033,0,0.0057,0.108,0.294,44,73,2.51,6.47,0.285,20628.82,0.443,4.9
UPI01477,Ahmedabad,Android,Minimum,22,1-2y,1,0.62,1,520.31,1231.25,531.72,0.555,0.394,1,1,0,0.0121,0,0.0098,0.075,0.384,4,7,3.87,250,0.33,1761.05,0.385,18.92
UPI01478,Hyderabad,Android,Full,14,1-2y,12,7.38,105,574.74,1517.42,52444.03,0.407,0.662,37,66,26,0.2604,3,0.0294,0.662,0.669,52,90,4.07,6.41,0.484,40159.75,0.334,97.36
UPI01479,Mumbai,Android,Premium,15,1-2y,11,4.25,49,589.17,1413.12,29953.55,0.647,0.332,36,15,1,0.0288,1,0.0288,0.147,0.325,12,23,6.27,15.36,0.447,14436.41,0.339,15.36
UPI01480,Bengaluru,Android,Full,17,1-2y,24,3.41,76,3320.58,8815.63,228538.49,0.711,0.23,44,31,2,0.0405,0,0.0025,0.114,0.185,40,73,6.74,12.71,0.319,133810.61,0.413,25.69
UPI01481,Pune,Android,Full,23,1-2y,13,6.49,79,1117.94,3402.62,73960.67,0.358,0.636,18,60,28,0.35,5,0.0659,0.644,0.422,56,101,12.18,14.64,0.679,19985.81,0.336,98.37
UPI01482,Ahmedabad,Android,Full,26,2y+,17,4.29,81,3052.45,6879.19,250670.49,0.625,0.332,35,46,4,0.0618,1,0.021,0.092,0.337,29,45,7.03,6.43,0.473,138726.15,0.412,25.94
UPI01483,Hyderabad,iOS,Full,1,0-6m,26,7.65,212,115.86,218.57,24846.29,0.579,0.47,74,136,2,0.0212,0,0.005,0.189,0.323,82,184,6.77,4.91,0.275,2942.54,0.336,28.19
UPI01484,Chennai,Android,Premium,2,0-6m,24,5.5,135,784.82,1733.12,95861.99,0.848,0.182,96,41,0,0.0013,0,0.0036,0.065,0.201,62,103,2.42,5.17,0.208,34216.22,0.431,10.83
UPI01485,Pune,iOS,Premium,18,1-2y,23,5.29,119,122.84,408.05,16623.89,0.698,0.322,70,47,3,0.0342,1,0.0172,0.071,0.256,46,83,5.72,4.07,0.494,8904.19,0.435,20.85
UPI01486,Chennai,Android,Full,18,1-2y,23,7.56,172,245.25,906.56,43776.75,0.673,0.371,121,49,4,0.0363,0,0.0022,0.208,0.251,86,113,2.57,3.4,0.509,14968.19,0.293,34.38
UPI01487,Hyderabad,Android,Premium,18,1-2y,19,3.25,66,449.67,1342.95,33131.54,0.665,0.374,44,22,5,0.0824,3,0.0532,0.042,0.27,45,86,4.81,9.35,0.417,12826.85,0.307,29.9
UPI01488,Hyderabad,Android,Full,14,1-2y,31,8.48,271,193.05,351.65,44606.6,0.719,0.262,153,115,1,0.0183,2,0.0097,0.152,0.304,86,158,4.24,1.82,0.324,20050.7,0.425,32.51
UPI01489,Kolkata,Android,Full,14,1-2y,22,5.41,116,167.63,448.32,21903.76,0.687,0.36,55,57,8,0.078,0,0.007,0.133,0.253,70,113,7.39,8.33,0.467,11808.62,0.352,44.18
UPI01490,Kolkata,Android,Full,40,2y+,1,0.52,1,238.15,745.76,236.86,0.645,0.396,1,1,2,0.35,0,0.0082,0.037,0.224,2,3,5.41,250,0.558,212.6,0.325,74.4
UPI01491,Kolkata,Android,Full,25,2y+,23,6.8,147,242.51,686.8,39494.25,0.662,0.37,66,87,5,0.0397,3,0.0286,0.154,0.311,85,145,5.99,4.11,0.381,4356.17,0.34,24.06
UPI01492,Bengaluru,iOS,Premium,11,6-12m,19,3.58,80,1058.45,3592.89,94878.96,0.617,0.385,36,42,0,0.0009,2,0.0307,0.114,0.35,37,40,6.94,10.04,0.4,51163.65,0.352,16.78
UPI01493,Kolkata,iOS,Minimum,5,0-6m,11,3.98,64,851.69,2415.9,61078.38,0.606,0.416,25,39,4,0.0646,2,0.0359,0.138,0.386,23,36,1.31,18.04,0.35,39807.73,0.426,34.97
UPI01494,Hyderabad,Android,Premium,1,0-6m,14,1.78,13,3901.04,9622.93,57523.76,0.661,0.311,5,8,7,0.35,0,0.0045,0.061,0.373,26,45,2.81,54.3,0.248,38215.15,0.349,75.47
UPI01495,Ahmedabad,iOS,Premium,21,1-2y,19,3.87,88,496.13,1346.94,46108.74,0.889,0.09,68,21,2,0.0292,0,0.0072,0.157,0.235,59,71,6.29,9.71,0.326,18865.72,0.452,17.55
UPI01496,Kolkata,Android,Minimum,17,1-2y,10,15.63,150,1837.87,5867.37,235398.06,0.436,0.648,64,85,8,0.0582,2,0.0162,0.412,0.477,24,35,5.34,5.44,0.778,96724.24,0.261,49.46
UPI01497,Pune,iOS,Full,7,6-12m,24,7.42,182,180.32,420.35,30809.04,0.553,0.414,89,96,5,0.0363,0,0.003,0.111,0.389,56,118,2.52,3.89,0.231,16653.73,0.348,35.27
UPI01498,Hyderabad,iOS,Full,18,1-2y,16,14.2,231,2201.25,6364.38,434910.37,0.428,0.619,67,168,16,0.0938,9,0.0447,0.76,0.661,51,135,7.45,6.57,0.583,301021.98,0.349,73.44
UPI01499,Hyderabad,Android,Full,11,6-12m,18,2.1,32,1869.63,5096.01,60129.29,0.753,0.286,25,5,5,0.1704,1,0.0378,0.041,0.32,42,68,3.32,21.4,0.372,26166.43,0.438,36.33
UPI01500,Pune,Android,Full,29,2y+,26,3.92,124,270.83,793.63,29419.66,0.486,0.533,43,81,4,0.0447,2,0.0221,0.092,0.254,87,108,3.17,8.29,0.574,18973.25,0.26,31.18
UPI01501,Ahmedabad,Android,Full,15,1-2y,25,3.97,97,739.88,1443.01,68730.61,0.607,0.404,45,48,1,0.0216,0,0.0084,0.108,0.385,61,109,5.93,7.11,0.214,31518.59,0.303,18.66
UPI01502,Delhi,Android,Minimum,15,1-2y,24,3.14,97,1075.17,3284.16,103321.98,0.839,0.136,63,37,3,0.0394,0,0.0017,0.164,0.367,45,70,6.28,6.54,0.618,24758.52,0.42,19.21
UPI01503,Pune,Android,Minimum,17,1-2y,21,4.53,95,275.77,766.44,27021.36,0.48,0.492,47,47,9,0.1082,0,0.0048,0.119,0.398,58,105,5.58,8.66,0.407,2657.86,0.34,34.95
UPI01504,Chennai,Android,Full,22,1-2y,8,2.38,23,267.13,578.39,7181.63,0.461,0.462,8,12,0,0.0035,0,0.0009,0.1,0.239,14,14,3.95,32.37,0.371,3018.97,0.311,13.15
UPI01505,Kolkata,Android,Minimum,18,1-2y,16,3.86,68,948.89,2447.02,59289.29,0.901,0.115,39,33,3,0.0571,2,0.0392,0.182,0.366,48,81,6.04,6.51,0.379,17096.19,0.482,29.9
UPI01506,Hyderabad,iOS,Full,7,6-12m,13,5.25,44,837.87,1455.84,30310.97,0.924,0.07,27,11,5,0.1253,2,0.0524,0.168,0.205,15,26,2.24,18.51,0.372,17890.44,0.371,38.85
UPI01507,Kolkata,Android,Full,3,0-6m,15,2.74,38,343.62,467.09,15293.49,0.942,0.08,38,3,1,0.0305,1,0.0263,0.187,0.231,34,43,3.19,24.52,0.202,13426.22,0.441,29.3
UPI01508,Ahmedabad,Android,Full,30,2y+,10,1.07,5,260.22,405.37,1191.44,0.434,0.508,0,4,4,0.35,0,0.0043,0.047,0.39,18,22,2.92,141.16,0.05,781.88,0.289,76.55
UPI01509,Delhi,Android,Minimum,6,0-6m,24,7.16,202,204.78,465.67,38321.06,0.513,0.501,104,103,5,0.0381,0,0.0001,0.143,0.221,51,90,7.07,2.85,0.169,4587.62,0.301,36.62
UPI01510,Hyderabad,iOS,Full,13,1-2y,26,6.94,199,242.58,775.03,40565.23,0.668,0.315,113,84,6,0.041,1,0.0123,0.192,0.327,89,142,5.91,6.04,0.227,22794.18,0.388,27.54
UPI01511,Chennai,Android,Full,11,6-12m,3,1.61,1,133.12,195.57,142.91,0.484,0.594,0,1,3,0.35,2,0.2,0.081,0.217,2,3,5.03,250,0.05,50,0.324,88.62
UPI01512,Delhi,Android,Full,27,2y+,16,7.18,142,1817.9,7842.67,227387.12,0.345,0.652,38,102,11,0.088,4,0.0292,0.708,0.494,60,133,5.67,2.83,0.75,59362.05,0.276,63.73
UPI01513,Bengaluru,Android,Full,15,1-2y,12,3.22,46,3765.88,11171.84,176166.18,0.665,0.297,23,22,3,0.0805,2,0.0529,0.137,0.343,18,29,4.82,19.63,0.336,25459.84,0.367,33.21
UPI01514,Ahmedabad,iOS,Full,32,2y+,23,5.95,108,231.31,266.7,25934.43,0.848,0.131,58,44,4,0.0394,3,0.0314,0.041,0.405,67,133,4.03,1.15,0.14,12033.9,0.435,18.27
UPI01515,Ahmedabad,Android,Full,14,1-2y,30,5.63,195,273.61,637.05,49465.72,0.523,0.515,68,125,5,0.0397,1,0.0096,0.084,0.236,87,121,2.6,4.58,0.271,13705.04,0.255,29.27
UPI01516,Pune,Android,Premium,24,1-2y,22,6.03,115,52.16,161.51,5740.69,0.616,0.433,66,48,4,0.0445,3,0.0346,0.103,0.271,62,91,8.33,7.31,0.618,925.58,0.379,31.43
UPI01517,Hyderabad,Android,Minimum,14,1-2y,31,10.16,364,177.51,366.88,74764.36,0.484,0.559,139,228,4,0.0207,0,0.0084,0.058,0.221,104,196,4.41,4.83,0.283,48134.26,0.21,29.48
UPI01518,Chennai,Android,Full,23,1-2y,28,4.94,167,177.02,414.95,31885.14,0.511,0.478,78,88,5,0.0445,1,0.0064,0.129,0.342,84,111,5.23,7.74,0.276,4523.17,0.374,28.73
UPI01519,Delhi,Android,Full,9,6-12m,23,3.42,117,695.61,1849.29,87274.78,0.542,0.41,43,71,0,0.0017,0,0.0031,0.065,0.254,43,50,4.15,4.54,0.324,61117.73,0.317,23.54
UPI01520,Ahmedabad,iOS,Premium,7,6-12m,17,3.57,67,814.94,2576.53,45339.52,0.602,0.359,34,29,0,0.0016,0,0.0056,0.179,0.215,44,60,6.63,14.83,0.127,11382.56,0.32,9.72
UPI01521,Mumbai,Android,Full,22,1-2y,15,4.8,76,363.36,990.03,32548.15,0.957,0.034,68,5,6,0.0872,2,0.0304,0.042,0.336,53,64,5.39,6.49,0.272,13754.75,0.459,18.18
UPI01522,Bengaluru,Android,Minimum,24,1-2y,23,3.94,82,160.9,426.4,13348.42,0.719,0.33,55,31,3,0.0382,4,0.0499,0.082,0.26,56,81,6.81,9.1,0.215,6489.68,0.326,26.75
UPI01523,Mumbai,iOS,Full,20,1-2y,19,7.1,142,136.34,371.55,19909.61,0.664,0.35,71,69,1,0.0213,0,0.001,0.131,0.324,73,158,7.62,5.38,0.397,10288.66,0.326,23.01
UPI01524,Chennai,iOS,Full,6,0-6m,22,7.99,189,198.42,579.09,43296.97,0.525,0.479,97,88,4,0.025,2,0.0118,0.061,0.257,53,123,6.09,2.27,0.421,25829.01,0.37,31.69
UPI01525,Chennai,Android,Minimum,8,6-12m,21,6.48,139,210.29,302.04,28158.64,0.511,0.466,68,69,9,0.0796,4,0.0339,0.186,0.259,62,147,5.05,2.72,0.05,6481.4,0.244,39.95
UPI01526,Ahmedabad,Android,Full,3,0-6m,5,3.84,20,739.77,1880.7,15671.13,0.578,0.468,7,18,2,0.1034,1,0.0572,0.172,0.242,10,15,5.45,32.47,0.568,5396.21,0.279,57.75
UPI01527,Kolkata,Android,Premium,24,1-2y,7,1.09,4,423.63,1371.94,1963.55,0.613,0.415,0,4,0,0.0067,0,0.0093,0.084,0.489,2,3,3.72,180.8,0.409,2471.44,0.409,20.25
UPI01528,Chennai,Android,Full,28,2y+,20,4.41,112,382.94,1093.03,46166.21,0.567,0.393,49,61,2,0.0324,1,0.0152,0.055,0.339,28,46,8.26,9.57,0.258,6464.07,0.391,22.38
UPI01529,Hyderabad,iOS,Full,19,1-2y,18,2.94,64,1511.01,5147.15,95864.64,0.709,0.314,33,33,2,0.0335,1,0.016,0.034,0.338,43,71,4.75,8.62,0.507,14742.48,0.445,15.4
UPI01530,Bengaluru,Android,Minimum,9,6-12m,28,5.29,153,218.32,678.57,38374.93,0.492,0.537,74,81,8,0.0652,0,0.0017,0.159,0.234,72,166,6.65,2.48,0.474,10685.49,0.272,29.46
UPI01531,Bengaluru,iOS,Minimum,20,1-2y,8,0.56,14,29.01,78.87,379.29,0.606,0.389,8,0,0,0.0148,0,0.004,0.026,0.425,11,12,5.12,48.67,0.303,50,0.372,14.48
UPI01532,Hyderabad,iOS,Premium,7,6-12m,17,2.91,51,599.0,1337.09,34963.36,0.881,0.142,41,11,2,0.0509,7,0.1435,0.096,0.268,45,84,2.86,12.18,0.239,5244.71,0.489,31.94
UPI01533,Kolkata,Android,Minimum,16,1-2y,21,3.07,64,420.54,1218.62,26439.12,0.875,0.106,52,5,9,0.1557,1,0.0223,0.102,0.293,55,80,4.85,14.22,0.51,18597.41,0.474,45.67
UPI01534,Hyderabad,Android,Full,23,1-2y,15,3.65,62,2484.75,9180.65,174835.71,0.622,0.388,29,28,3,0.0623,1,0.0181,0.115,0.268,36,56,4.72,9.55,0.321,28466.94,0.305,20.84
UPI01535,Mumbai,Android,Full,17,1-2y,29,5.5,157,40,86.69,6284.03,0.52,0.479,49,107,5,0.0341,1,0.0151,0.154,0.234,84,114,6.36,1.37,0.286,1882.92,0.359,22.12
UPI01536,Ahmedabad,iOS,Full,21,1-2y,24,5.79,124,62.03,146.47,7167.12,0.498,0.507,68,53,4,0.0422,1,0.0153,0.212,0.307,67,143,3.56,13.83,0.253,3484.86,0.347,23.28
UPI01537,Mumbai,Android,Minimum,18,1-2y,30,3.32,88,3510.16,9327.97,346365.45,0.676,0.338,60,30,1,0.0208,0,0.0049,0.034,0.243,58,87,4.48,4.4,0.306,113328.13,0.377,25.55
UPI01538,Kolkata,Android,Minimum,10,6-12m,8,1.08,1,499.62,1650.38,528.89,0.54,0.433,0,1,0,0.0013,0,0.0084,0.131,0.268,6,10,5.42,250,0.249,1393.47,0.331,21.27
UPI01539,Kolkata,Android,Full,11,6-12m,23,7.75,202,141.42,434.12,24172.7,0.557,0.451,76,121,4,0.0307,3,0.0181,0.138,0.234,53,107,6.47,5.05,0.33,8904.06,0.302,30.1
UPI01540,Bengaluru,Android,Full,29,2y+,6,0.5,9,1527.63,3862.47,13636.71,0.599,0.377,6,2,4,0.35,6,0.2,0.639,0.32,32,50,11.48,78.81,0.422,5524.09,0.323,99.41
UPI01541,Mumbai,iOS,Full,25,2y+,16,4.56,95,736.36,2517.47,70148.93,0.796,0.178,55,34,2,0.026,0,0.0086,0.149,0.208,41,50,4.29,9.52,0.416,15059.72,0.33,18.4
UPI01542,Delhi,Android,Full,24,1-2y,3,2.14,3,490.39,1598.08,1537.16,0.458,0.604,1,3,1,0.3441,0,0.0082,0.071,0.221,3,4,3.52,238.1,0.457,50,0.336,91.24
UPI01543,Ahmedabad,iOS,Premium,17,1-2y,25,5.03,105,627.24,627.24,54217.44,0.908,0.084,54,45,3,0.0375,2,0.0264,0.134,0.392,72,131,7.56,8.85,0.17,16343.59,0.48,28.06
UPI01544,Bengaluru,Android,Premium,15,1-2y,25,2.94,73,428.66,1093.75,30075.81,0.493,0.552,35,35,1,0.0201,1,0.0186,0.178,0.318,44,52,6.57,9.15,0.286,14439.44,0.292,18.7
UPI01545,Mumbai,Android,Full,12,6-12m,21,4.59,96,1249.03,2302.18,135768.33,0.815,0.199,57,36,7,0.0759,0,0.0091,0.059,0.283,54,74,5.62,11.85,0.152,81098.52,0.469,33.37
UPI01546,Ahmedabad,iOS,Minimum,32,2y+,21,8.59,181,69.61,183.25,12834.01,0.482,0.473,79,100,2,0.0134,1,0.0095,0.115,0.256,52,127,7.39,6.37,0.05,2955.69,0.364,24.26
UPI01547,Chennai,Android,Full,16,1-2y,21,2.37,55,687.14,1658.07,35080.36,0.862,0.167,26,31,1,0.0297,2,0.0415,0.106,0.373,46,86,5.51,17.06,0.151,23533.17,0.408,22.69
UPI01548,Kolkata,Android,Full,13,1-2y,24,3.21,82,3553.76,9595.95,291013.16,0.663,0.377,50,36,4,0.0518,0,0.0051,0.085,0.374,35,55,1.82,7.72,0.322,53107.18,0.352,22.43
UPI01549,Ahmedabad,Android,Full,14,1-2y,6,1.19,7,180.79,410.64,1272.87,0.334,0.722,1,3,1,0.1535,0,0.0098,0.021,0.379,11,18,5.35,100.87,0.246,4103.66,0.315,38.58
UPI01550,Ahmedabad,Android,Full,3,0-6m,14,8.23,106,930.75,2930.4,92212.69,0.83,0.145,72,36,6,0.0713,1,0.0138,0.186,0.409,29,58,3.37,6.94,0.57,39660.11,0.399,40.87
UPI01551,Mumbai,iOS,Minimum,14,1-2y,24,4.86,76,186.13,512.5,12128.74,0.489,0.535,30,50,4,0.0534,1,0.0207,0.151,0.237,69,101,5.61,10.34,0.251,1441.17,0.255,27.78
UPI01552,Mumbai,Android,Full,25,2y+,21,9.29,188,171.91,585.08,28591.28,0.703,0.283,140,43,5,0.0402,3,0.0232,0.063,0.353,51,109,4.48,4.25,0.538,11187.7,0.412,31.84
UPI01553,Bengaluru,Android,Minimum,1,0-6m,20,3.54,71,794.53,2201.25,56962.79,0.716,0.246,40,26,5,0.0826,2,0.0295,0.179,0.292,43,64,5.65,3.59,0.3,37258.5,0.445,34.89
UPI01554,Hyderabad,Android,Full,18,1-2y,30,7.64,253,131.43,354.06,32751.98,0.684,0.357,119,134,4,0.0228,0,0.0036,0.091,0.264,95,134,5.25,6.31,0.348,24028.63,0.384,14.46
UPI01555,Ahmedabad,Android,Minimum,28,2y+,21,3.72,46,1301.16,2811.01,55408.92,0.926,0.061,44,0,3,0.0788,3,0.0706,0.179,0.345,50,88,3.18,14.15,0.127,33952.32,0.486,17.46
UPI01556,Chennai,Android,Full,11,6-12m,20,7.87,159,291.73,829.76,51558.57,0.648,0.302,103,53,1,0.0174,4,0.0284,0.202,0.287,81,167,2.86,2.07,0.344,22335.0,0.322,29.21
UPI01557,Chennai,Android,Minimum,10,6-12m,14,1.61,15,4392.71,4944.85,73233.2,0.588,0.454,11,5,0,0.0047,0,0.0007,0.125,0.258,25,32,4.69,42.55,0.257,37127.84,0.304,13.11
UPI01558,Hyderabad,Android,Minimum,31,2y+,30,10.17,341,174.29,399.4,62772.53,0.497,0.507,153,195,2,0.0068,1,0.0107,0.076,0.264,56,73,8.49,0.2,0.218,33202.98,0.259,34.85
UPI01559,Kolkata,Android,Full,3,0-6m,24,5.42,110,188.37,720.99,18433.37,0.579,0.403,51,61,6,0.0683,1,0.0172,0.059,0.265,58,130,8.24,10.1,0.627,12244.88,0.264,37.54
UPI01560,Hyderabad,Android,Full,27,2y+,23,4.06,104,2220.68,5729.99,223797.43,0.736,0.294,68,39,3,0.0305,0,0.0055,0.069,0.232,52,95,3.71,7.35,0.408,133035.4,0.416,10.85
UPI01561,Chennai,Android,Full,19,1-2y,19,3.84,74,609.27,2075.13,44284.49,0.565,0.45,41,33,2,0.0324,1,0.0218,0.126,0.21,43,74,5.17,8.57,0.681,6990.37,0.347,30.42
UPI01562,Delhi,Android,Full,19,1-2y,9,1.16,13,601.65,2021.82,8897.24,0.453,0.566,4,4,2,0.1669,1,0.0771,0.093,0.22,18,22,4.71,54.95,0.637,5908.92,0.223,51.07
UPI01563,Pune,Android,Minimum,19,1-2y,22,6.08,126,274.42,399.0,39277.56,0.514,0.505,46,78,0,0.0041,0,0.0029,0.097,0.348,70,120,3.95,5.28,0.11,17268.6,0.292,21.2
UPI01564,Pune,iOS,Full,18,1-2y,28,9.46,266,119.1,322.49,28007.29,0.717,0.252,147,116,4,0.0165,1,0.0102,0.156,0.377,121,218,6.98,4.56,0.543,13495.31,0.447,27.87
UPI01565,Hyderabad,Android,Full,6,0-6m,31,4.72,169,642.6,1834.15,118865.02,0.838,0.172,124,46,2,0.0184,1,0.0059,0.056,0.382,96,143,2.78,5.56,0.404,67373.79,0.477,21.17
UPI01566,Ahmedabad,Android,Minimum,9,6-12m,20,2.11,43,1587.06,5388.15,77281.61,0.808,0.167,26,21,1,0.0248,1,0.0325,0.125,0.325,39,67,3.38,12.55,0.351,45553.42,0.4,11.01
UPI01567,Ahmedabad,Android,Minimum,18,1-2y,26,2.33,17,668.46,1492.89,11046.73,0.705,0.282,8,12,2,0.1222,0,0.0028,0.05,0.21,50,69,6.21,44.32,0.28,4741.87,0.375,31.33
UPI01568,Ahmedabad,Android,Full,18,1-2y,18,4.86,119,179.07,420.53,19132.42,0.539,0.501,44,73,0,0.0062,1,0.0088,0.109,0.253,59,98,6.9,5.83,0.211,13507.79,0.313,27.96
UPI01569,Delhi,Android,Premium,13,1-2y,9,4.85,45,630.81,2192.49,25131.94,0.544,0.489,32,19,2,0.052,1,0.0296,0.156,0.404,19,22,1.1,16.96,0.397,2847.25,0.336,31.54
UPI01570,Ahmedabad,Android,Full,39,2y+,2,1.29,5,313.55,538.28,1609.75,0.348,0.597,0,3,1,0.213,0,0.0068,0.05,0.478,2,3,3.7,142.6,0.244,50,0.249,55.72
UPI01571,Pune,iOS,Full,30,2y+,25,4.55,103,279.28,594.53,29152.35,0.628,0.403,47,57,0,0.0008,1,0.0103,0.193,0.3,88,147,5.28,10.55,0.515,13174.6,0.412,22.1
UPI01572,Kolkata,Android,Full,9,6-12m,19,3.4,71,298.14,577.09,20328.92,0.54,0.488,29,40,3,0.0528,0,0.0051,0.071,0.371,38,63,5.16,7.77,0.19,9153.92,0.304,20.05
UPI01573,Kolkata,Android,Full,30,2y+,13,8.35,113,1790.12,6260.83,177655.73,0.399,0.675,30,79,17,0.1621,5,0.0447,0.59,0.602,51,148,7.14,8.46,0.726,95699.34,0.395,69.82
UPI01574,Hyderabad,Android,Full,1,0-6m,22,3.96,65,157.15,426.85,11448.69,0.572,0.407,23,41,0,0.0053,3,0.0472,0.144,0.279,76,147,7.85,10.73,0.175,8213.03,0.372,29.89
UPI01575,Chennai,iOS,Full,14,1-2y,21,7.03,99,172.04,504.59,17911.97,0.63,0.362,57,42,7,0.082,4,0.0461,0.182,0.223,82,153,2.38,8.39,0.189,5386.04,0.399,42.19
UPI01576,Ahmedabad,Android,Minimum,14,1-2y,4,0.49,5,331.34,1306.71,1670.28,0.529,0.508,1,4,3,0.35,3,0.2,0.078,0.441,8,12,3.66,148.57,0.41,875.8,0.335,93.27
UPI01577,Kolkata,Android,Premium,17,1-2y,5,2.76,16,4681.74,14356.3,79336.34,0.781,0.263,10,2,3,0.1917,0,0.0059,0.179,0.314,10,15,4.25,42.73,0.329,12374.75,0.395,53.79
UPI01578,Mumbai,Android,Full,9,6-12m,9,5.34,60,708.04,1902.06,46857.36,0.956,0.027,49,11,4,0.0694,1,0.0194,0.118,0.399,24,31,7.88,17.74,0.31,26144.11,0.503,25.16
UPI01579,Chennai,Android,Premium,30,2y+,26,8.78,248,191.05,509.05,42053.73,0.718,0.294,110,136,1,0.0169,0,0.0065,0.163,0.344,69,131,5.28,2.68,0.307,17202.9,0.434,21.85
UPI01580,Kolkata,Android,Minimum,17,1-2y,24,4.29,94,3051.81,10376.99,325710.03,0.721,0.286,71,27,5,0.067,0,0.0001,0.075,0.34,37,48,5.31,12.41,0.625,225807.77,0.383,19.98
UPI01581,Bengaluru,Android,Full,14,1-2y,19,2.52,30,3439.28,7887.61,104374.5,0.812,0.165,20,9,3,0.1012,0,0.0009,0.176,0.183,44,78,3.74,24.02,0.157,39269.47,0.451,23.37
UPI01582,Pune,Android,Minimum,14,1-2y,25,4.66,95,942.35,2692.87,98775.31,0.813,0.2,84,12,3,0.0366,0,0.0012,0.121,0.438,64,96,3.75,8.06,0.443,57427.04,0.491,27.7
UPI01583,Bengaluru,Android,Full,10,6-12m,26,8.64,238,155.63,428.94,40255.23,0.615,0.387,141,99,2,0.0213,0,0.0013,0.197,0.235,101,229,5.51,1.59,0.333,23109.4,0.333,33.52
UPI01584,Mumbai,iOS,Full,22,1-2y,13,6.04,79,375.25,733.5,30630.37,0.821,0.175,55,24,4,0.0548,1,0.0222,0.194,0.228,30,47,5.97,10.74,0.05,17995.49,0.351,21.8
UPI01585,Mumbai,Android,Premium,1,0-6m,24,8.6,191,169.47,561.84,30143.6,0.679,0.273,95,99,3,0.0278,1,0.0057,0.143,0.358,56,115,1.74,5.91,0.51,15283.42,0.33,38.31
UPI01586,Hyderabad,Android,Full,14,1-2y,28,7.49,180,238.74,722.86,35640.36,0.598,0.41,107,67,7,0.045,0,0.0064,0.086,0.365,112,199,3.62,1.39,0.581,9545.5,0.364,29.65
UPI01587,Kolkata,Android,Premium,3,0-6m,11,5.48,73,1198.61,2967.55,72754.91,0.905,0.084,55,18,8,0.1229,3,0.0434,0.137,0.435,35,71,3.42,11.61,0.414,30766.72,0.462,55.97
UPI01588,Mumbai,Android,Full,14,1-2y,24,8.85,176,200.58,756.58,31591.68,0.491,0.488,73,101,5,0.0405,0,0.0082,0.125,0.362,74,114,10.72,6.84,0.536,6425.72,0.373,33.67
UPI01589,Pune,iOS,Minimum,22,1-2y,14,3.25,48,899.4,2426.19,45385.6,0.51,0.519,19,25,4,0.0976,2,0.0442,0.097,0.203,41,56,5.73,15.04,0.357,32905.59,0.245,41.41
UPI01590,Chennai,Android,Minimum,22,1-2y,31,4.1,114,338.28,1192.22,42310.84,0.665,0.348,65,52,4,0.0494,2,0.0237,0.09,0.306,76,138,4.42,6.13,0.244,19544.98,0.389,25.52
UPI01591,Ahmedabad,Android,Premium,1,0-6m,10,4.26,47,3304.84,8307.2,153913.62,0.587,0.437,24,21,1,0.0251,1,0.0306,0.061,0.336,17,19,6.89,18.11,0.206,37267.11,0.326,19.6
UPI01592,Hyderabad,iOS,Premium,14,1-2y,2,0.5,1,1905.09,5642.18,1928.45,0.263,0.705,0,0,21,0.35,6,0.2,0.326,0.576,10,25,7.57,250,0.914,1169.17,0.262,100
UPI01593,Bengaluru,Android,Full,23,1-2y,16,4.66,64,584.33,1119.16,42786.26,0.486,0.531,20,42,0,0.012,0,0.0029,0.09,0.247,44,86,6.21,12.57,0.263,21653.03,0.291,1
UPI01594,Pune,Android,Minimum,17,1-2y,22,4.52,105,383.62,772.57,36167.09,0.793,0.22,47,55,2,0.0288,2,0.0237,0.151,0.253,50,77,3.63,2.47,0.223,7927.75,0.374,29.0
UPI01595,Mumbai,Android,Full,23,1-2y,21,6.45,111,281.49,940.32,27283.85,0.645,0.395,69,40,0,0.0104,4,0.0414,0.17,0.392,51,99,7.74,8.71,0.58,2662.32,0.36,28.41
UPI01596,Pune,Android,Full,4,0-6m,22,6.15,125,560.46,1706.2,62571.62,0.552,0.406,48,76,5,0.0504,2,0.0206,0.155,0.23,39,50,6.7,0.46,0.507,28813.6,0.266,47.11
UPI01597,Hyderabad,Android,Premium,16,1-2y,14,3.2,44,239.21,830.7,11643.34,0.393,0.718,14,25,28,0.35,13,0.2,0.706,0.647,53,113,6.78,11.67,0.758,1290.47,0.355,100
UPI01598,Mumbai,Android,Premium,1,0-6m,15,9.15,147,172.21,479.69,25362.96,0.556,0.408,47,96,3,0.0273,2,0.018,0.064,0.397,36,81,4.43,2.56,0.146,13042.64,0.273,28.46
UPI01599,Kolkata,Android,Full,26,2y+,2,1.31,2,677.02,1724.17,1462.04,0.477,0.589,2,0,1,0.35,1,0.2,0.098,0.238,2,3,3.19,250,0.425,1455.38,0.238,93.54
UPI01600,Chennai,Android,Full,11,6-12m,26,5.01,133,790.61,2257.81,86832.41,0.533,0.517,51,82,5,0.039,3,0.0313,0.133,0.354,41,57,6.44,8.6,0.416,18625.66,0.335,27.46
UPI01601,Mumbai,Android,Full,8,6-12m,21,3.67,87,1225.93,4332.55,99788.27,0.876,0.104,84,8,2,0.0293,1,0.0206,0.1,0.247,35,57,3.32,8.87,0.546,48438.29,0.441,24.1
UPI01602,Bengaluru,Android,Minimum,1,0-6m,25,11.28,312,423.52,1299.71,122216.14,0.456,0.462,97,218,6,0.0349,4,0.0189,0.584,0.512,113,174,1.99,6.15,0.65,38350.35,0.306,71.0
UPI01603,Delhi,Android,Full,26,2y+,12,6.79,95,644.5,1925.76,64516.82,0.854,0.118,55,38,6,0.0669,0,0.0015,0.16,0.283,25,45,5.51,5.23,0.301,32941.18,0.459,28.92
UPI01604,Chennai,iOS,Full,11,6-12m,20,8.43,159,393.58,1047.62,53416.86,0.857,0.162,97,60,2,0.0167,2,0.0145,0.107,0.312,43,68,4.73,3.58,0.446,16117.18,0.445,23.85
UPI01605,Ahmedabad,Android,Full,7,6-12m,8,1.13,18,20,39.9,312.24,0.586,0.346,8,8,1,0.0672,0,0.0044,0.023,0.232,10,10,2.5,43.59,0.237,311.87,0.309,20.8
UPI01606,Bengaluru,Android,Minimum,7,6-12m,20,3.27,56,589.01,899.62,29817.49,0.907,0.103,46,8,6,0.1102,5,0.0933,0.168,0.438,65,114,7.63,14.44,0.253,5238.8,0.507,43.12
UPI01607,Pune,Android,Full,24,1-2y,21,4.5,81,40,113.57,3738.83,0.482,0.526,39,41,10,0.1392,7,0.0878,0.442,0.576,62,120,10.12,11.3,0.385,2391.67,0.298,61.62
UPI01608,Ahmedabad,Android,Minimum,19,1-2y,22,4.93,71,241.91,595.67,14186.59,0.504,0.499,30,42,6,0.0865,0,0.0009,0.219,0.367,60,89,4.25,10.51,0.327,6479.23,0.377,35.36
UPI01609,Chennai,Android,Full,1,0-6m,10,8.17,70,433.54,1720.89,27921.81,0.247,0.72,18,52,17,0.2497,5,0.0731,0.484,0.7,46,108,5.29,11.74,0.715,5937.47,0.274,85.31
UPI01610,Bengaluru,iOS,Full,14,1-2y,23,8.2,206,1093.45,4103.86,260422.58,0.881,0.147,127,79,3,0.0179,2,0.0159,0.05,0.241,45,70,5.65,6.35,0.431,115017.87,0.439,24.56
UPI01611,Chennai,Android,Premium,11,6-12m,18,3.92,47,1375.26,4016.89,57338.55,0.78,0.269,27,19,1,0.0356,2,0.0444,0.084,0.269,48,67,3.77,14.86,0.458,33765.9,0.465,12.15
UPI01612,Kolkata,Android,Minimum,14,1-2y,10,10.69,105,1801.31,5865.78,178686.17,0.463,0.517,50,54,24,0.2438,7,0.075,0.382,0.657,43,123,8.99,3.84,0.699,33634.66,0.408,96.92
UPI01613,Mumbai,Android,Full,31,2y+,13,4.11,55,630.24,1239.74,29232.0,0.816,0.156,34,19,4,0.0823,4,0.0765,0.073,0.406,26,47,6.85,10.09,0.05,15091.51,0.371,34.08
UPI01614,Mumbai,Android,Full,17,1-2y,1,0.41,1,172.41,502.89,152.67,0.348,0.649,1,0,0,0.0008,0,0.009,0.123,0.309,6,8,3.56,250,0.392,1536.27,0.201,14.74
UPI01615,Kolkata,Android,Premium,18,1-2y,4,1.89,5,434.17,1418.7,2086.47,0.553,0.504,3,0,2,0.35,0,0.0016,0.031,0.472,4,5,3.75,144.84,0.288,2706.83,0.366,69.19
UPI01616,Hyderabad,iOS,Full,13,1-2y,26,2.89,85,304.01,949.08,22156.99,0.492,0.478,42,38,6,0.0828,3,0.042,0.108,0.39,65,71,5.13,9.11,0.219,8519.81,0.388,39.55
UPI01617,Hyderabad,Android,Full,16,1-2y,22,3.87,100,385.03,1115.54,35793.18,0.929,0.096,100,0,5,0.0523,3,0.0366,0.194,0.353,63,111,3.76,8.56,0.44,18612.1,0.509,28.74
UPI01618,Bengaluru,Android,Premium,8,6-12m,14,3.45,66,1082.62,3122.82,66172.66,0.779,0.178,30,39,2,0.0322,1,0.0221,0.15,0.276,20,29,8.17,13.37,0.318,48942.77,0.469,25.45
UPI01619,Bengaluru,Android,Premium,30,2y+,3,0.05,1,688.95,1799.31,808.93,0.304,0.641,0,0,0,0.0148,0,0.0036,0.044,0.396,5,7,4.03,250,0.28,522.46,0.226,1.74
UPI01620,Chennai,Android,Full,6,0-6m,23,5.14,146,253.76,947.77,35333.28,0.626,0.345,89,56,2,0.0212,0,0.0038,0.172,0.4,70,104,7.35,2.3,0.5,15616.16,0.343,32.29
UPI01621,Bengaluru,Android,Minimum,10,6-12m,11,4.49,62,40,135.83,2269.79,0.472,0.462,30,34,20,0.339,8,0.1389,0.633,0.39,31,68,2.96,7.91,0.761,2292.05,0.247,100
UPI01622,Delhi,iOS,Minimum,20,1-2y,27,4.39,118,749.6,1468.14,83747.31,0.713,0.316,48,67,2,0.0204,2,0.0244,0.087,0.355,59,75,4.67,3.27,0.396,13577.6,0.42,13.17
UPI01623,Kolkata,Android,Full,1,0-6m,12,4.18,48,1414.78,4291.95,62826.27,0.556,0.403,20,27,1,0.0321,1,0.0244,0.178,0.248,19,27,4.84,13.06,0.162,29199.4,0.291,43.48
UPI01624,Mumbai,Android,Full,23,1-2y,25,4.68,106,93.8,216.48,11663.0,0.621,0.353,48,61,6,0.0615,3,0.0374,0.172,0.395,76,127,6.91,10.3,0.309,3170.74,0.328,29.28
UPI01625,Bengaluru,Android,Premium,37,2y+,8,2.49,16,3309.37,13781.93,52010.09,0.38,0.59,0,16,19,0.35,9,0.2,0.548,0.32,31,59,8.97,37.25,0.775,32250.57,0.297,98.77
UPI01626,Pune,Android,Full,27,2y+,4,1.82,12,757.0,2455.81,8295.77,0.496,0.567,2,10,3,0.2557,0,0.0026,0.069,0.256,9,15,2.95,62.2,0.403,4376.0,0.273,70.81
UPI01627,Delhi,iOS,Full,23,1-2y,19,1.33,30,3180.6,11422.13,91285.18,0.598,0.393,0,30,9,0.3057,0,0.0039,0.159,0.185,43,48,3.6,24.31,0.497,36461.42,0.307,59.17
UPI01628,Bengaluru,Android,Minimum,11,6-12m,23,4.25,84,629.06,1507.4,61847.49,0.452,0.544,37,47,4,0.0538,2,0.0243,0.127,0.245,59,82,5.23,5.99,0.405,9915.75,0.208,29.37
UPI01629,Kolkata,Android,Full,31,2y+,26,8.36,240,165.53,602.62,46313.31,0.623,0.353,103,136,0,0.0055,4,0.0255,0.084,0.246,62,107,4.76,3.88,0.442,33291.8,0.324,14.41
UPI01630,Hyderabad,Android,Minimum,32,2y+,15,3.72,39,395.25,1299.92,15545.27,0.538,0.483,19,21,3,0.0785,0,0.0041,0.07,0.249,45,81,1,22.42,0.32,6680.42,0.303,27.14
UPI01631,Hyderabad,Android,Minimum,2,0-6m,12,3.54,56,599.59,1262.13,31340.78,0.458,0.522,30,24,4,0.0735,0,0.0092,0.136,0.218,22,41,6.23,10.89,0.246,9843.69,0.315,34.45
UPI01632,Bengaluru,Android,Minimum,17,1-2y,28,8.44,255,874.81,2643.79,202886.33,0.794,0.198,190,64,6,0.0298,2,0.0088,0.144,0.36,79,111,7.41,2.45,0.48,133170.13,0.398,14.88
UPI01633,Pune,Android,Full,20,1-2y,12,4.63,55,2200.63,7537.89,102035.64,0.594,0.35,23,32,4,0.0872,0,0.006,0.106,0.293,26,28,5.97,14.82,0.383,14982.64,0.37,36.1
UPI01634,Kolkata,Android,Minimum,10,6-12m,9,0.07,5,485.15,1369.64,2511.39,0.357,0.659,1,5,0,0.0107,0,0.0099,0.048,0.261,19,25,4.04,147.9,0.319,2179.32,0.305,21.58
UPI01635,Chennai,iOS,Full,9,6-12m,22,6.14,143,737.18,1243.66,91895.42,0.794,0.22,121,20,5,0.0433,0,0.0077,0.165,0.307,45,79,3.22,2.5,0.208,37990.24,0.345,21.77
UPI01636,Mumbai,Android,Minimum,21,1-2y,20,4.59,98,198.43,677.1,16001.76,0.492,0.52,33,67,5,0.0516,2,0.0236,0.128,0.303,38,77,5.74,7.0,0.323,8774.67,0.31,22.14
UPI01637,Mumbai,Android,Full,6,0-6m,17,3.41,25,1057.55,3038.95,26517.66,0.869,0.109,25,0,7,0.2925,2,0.087,0.181,0.329,51,82,6.66,28.28,0.332,17086.89,0.429,80.39
UPI01638,Bengaluru,Android,Minimum,8,6-12m,21,11.87,252,2720.72,9598.97,708480.85,0.219,0.786,34,219,19,0.0884,3,0.0183,0.458,0.669,98,205,8.99,3.93,1.037,350000,0.198,71.41
UPI01639,Bengaluru,Android,Full,11,6-12m,16,5.34,108,624.91,2239.95,58207.1,0.843,0.127,68,42,4,0.041,2,0.0247,0.194,0.424,37,44,7.14,8.88,0.333,29475.34,0.438,28.38
UPI01640,Mumbai,Android,Full,20,1-2y,24,5.66,126,107.71,392.95,14823.36,0.517,0.513,43,84,8,0.075,0,0.0022,0.146,0.266,83,170,3.02,9.67,0.591,2677.61,0.278,34.15
UPI01641,Kolkata,Android,Minimum,36,2y+,13,5.29,74,550.04,1343.51,45734.46,0.82,0.163,55,23,5,0.082,0,0.0064,0.112,0.381,42,51,6.32,15.13,0.263,8846.09,0.392,28.79
UPI01642,Chennai,Android,Full,16,1-2y,12,3.79,40,2396.64,5403.07,80476.49,0.672,0.377,29,10,2,0.0634,0,0.0071,0.176,0.364,25,40,4.27,20.15,0.344,25667.81,0.427,31.03
UPI01643,Kolkata,Android,Full,5,0-6m,19,5.28,86,982.12,3090.68,97330.61,0.801,0.22,64,22,2,0.0351,2,0.026,0.177,0.269,60,95,5.67,9.87,0.342,18200.49,0.389,33.4
UPI01644,Pune,iOS,Minimum,10,6-12m,6,0.61,2,423.02,1024.2,714.23,0.403,0.639,1,0,0,0.0033,0,0.0086,0.106,0.289,8,11,3.75,250,0.265,50,0.322,3.1
UPI01645,Hyderabad,Android,Full,18,1-2y,23,4.65,121,718.73,1776.37,71388.87,0.868,0.123,71,50,7,0.0649,2,0.0172,0.091,0.203,56,84,5.77,1.26,0.247,40498.29,0.423,18.95
UPI01646,Chennai,Android,Premium,8,6-12m,20,4.55,81,2496.6,7643.59,182778.52,0.664,0.319,43,38,0,0.0042,0,0.009,0.064,0.187,42,74,4.95,9.93,0.415,109099.25,0.324,15.58
UPI01647,Bengaluru,Android,Minimum,1,0-6m,24,5.3,135,194.39,655.25,29696.7,0.572,0.386,76,58,1,0.0155,0,0.0092,0.214,0.306,49,64,5.22,6.18,0.688,18369.3,0.339,14.65
UPI01648,Pune,Android,Full,22,1-2y,1,1.0,1,469.05,1025.03,526.88,0.348,0.716,1,1,2,0.35,1,0.2,0.144,0.424,2,3,2.85,250,0.135,50,0.293,98.26
UPI01649,Bengaluru,Android,Minimum,20,1-2y,20,3.92,73,718.41,1775.63,46557.21,0.656,0.324,36,34,5,0.0832,2,0.0296,0.143,0.372,45,81,6.94,14.15,0.365,7209.2,0.368,32.1
UPI01650,Bengaluru,Android,Full,11,6-12m,19,4.78,70,726.91,2243.21,46163.95,0.87,0.141,43,32,4,0.0599,3,0.047,0.13,0.325,52,69,2.38,12.65,0.531,33021.37,0.463,18.47
UPI01651,Chennai,Android,Minimum,26,2y+,18,5.34,112,169.89,563.69,19102.99,0.954,0.023,63,46,2,0.0238,3,0.0347,0.099,0.353,27,40,5.01,10.25,0.557,10092.02,0.421,20.81
UPI01652,Kolkata,Android,Full,13,1-2y,20,4.35,83,256.22,692.85,23148.44,0.596,0.402,40,41,8,0.1107,1,0.0122,0.163,0.35,74,169,4.87,10.29,0.332,2328.13,0.396,25.52
UPI01653,Bengaluru,iOS,Full,17,1-2y,27,5.64,151,316.84,795.96,51730.31,0.546,0.404,53,100,4,0.0293,1,0.0143,0.166,0.226,59,136,5.88,5.85,0.282,19258.63,0.314,22.6
UPI01654,Ahmedabad,Android,Minimum,22,1-2y,25,8.36,201,66.47,164.12,12810.2,0.601,0.37,98,105,3,0.0245,4,0.0219,0.159,0.24,66,114,4.87,0.2,0.05,9639.11,0.325,28.87
UPI01655,Bengaluru,Android,Minimum,26,2y+,25,14.48,343,154.3,504.31,61639.44,0.532,0.444,145,196,25,0.0887,8,0.0301,0.341,0.632,67,153,3.59,0.2,0.639,12640.49,0.306,56.86
UPI01656,Pune,iOS,Minimum,17,1-2y,12,11.96,132,690.76,1950.3,102154.13,0.311,0.727,33,104,9,0.0892,8,0.0617,0.73,0.311,67,176,3.02,7.04,0.654,11374.16,0.249,79.79
UPI01657,Pune,Android,Minimum,38,2y+,25,4.8,136,60,170.31,7660.91,0.94,0.085,132,4,5,0.0455,1,0.0107,0.14,0.419,76,109,5.19,4.23,0.388,50,0.526,10.49
UPI01658,Ahmedabad,Android,Minimum,21,1-2y,24,8.47,204,132.77,409.48,24775.44,0.488,0.505,61,138,2,0.0238,4,0.027,0.104,0.259,86,131,3.99,0.2,0.386,8073.74,0.292,40.11
UPI01659,Delhi,Android,Full,6,0-6m,17,5.37,115,590.0,1590.71,69877.55,0.86,0.127,67,44,4,0.0421,3,0.0317,0.098,0.406,59,92,7.68,7.85,0.306,31271.61,0.519,21.55
UPI01660,Ahmedabad,Android,Full,34,2y+,3,1.12,1,777.05,1829.8,916.24,0.307,0.768,1,1,2,0.35,1,0.2,0.135,0.322,2,3,3.76,250,0.441,50,0.31,99.62
UPI01661,Mumbai,Android,Full,21,1-2y,15,4.64,66,905.65,2955.99,58604.2,0.518,0.507,30,34,2,0.0372,2,0.0359,0.082,0.32,32,53,4.83,12.57,0.468,18197.98,0.31,31.3
UPI01662,Hyderabad,Android,Full,31,2y+,12,4.34,42,788.43,2575.58,30610.27,0.58,0.45,28,11,6,0.1537,0,0.0049,0.05,0.227,23,34,1.96,18.86,0.447,10913.93,0.25,27.31
UPI01663,Mumbai,Android,Full,28,2y+,20,6.61,153,858.84,2321.82,148824.38,0.925,0.088,118,34,1,0.0145,0,0.0036,0.181,0.384,64,118,6.12,6.75,0.417,29082.93,0.44,16.18
UPI01664,Bengaluru,Android,Full,19,1-2y,21,4.44,103,1178.74,3586.75,124832.02,0.824,0.197,71,34,1,0.0172,2,0.0272,0.161,0.259,42,76,7.65,3.32,0.422,38130.7,0.336,16.53
UPI01665,Bengaluru,iOS,Full,20,1-2y,15,5.58,78,1961.14,7396.96,150238.2,0.77,0.177,55,21,2,0.0316,2,0.0278,0.065,0.275,31,34,5.09,7.97,0.63,87654.75,0.33,13.62
UPI01666,Hyderabad,Android,Full,21,1-2y,4,10.32,39,2548.23,8695.2,89733.22,0.402,0.632,15,25,18,0.35,7,0.1798,0.673,0.535,10,25,4.33,17.96,0.835,58402.56,0.255,100
UPI01667,Delhi,Android,Full,19,1-2y,19,5.93,91,4406.37,14336.55,438740.85,0.704,0.329,60,31,4,0.0554,3,0.0386,0.095,0.228,47,70,5.13,7.84,0.384,93388.75,0.301,23.86
UPI01668,Bengaluru,Android,Minimum,14,1-2y,16,11.01,166,2670.95,8280.83,413685.28,0.297,0.804,45,122,2,0.0216,8,0.0518,0.559,0.464,31,72,8.04,2.59,0.849,140723.64,0.244,49.2
UPI01669,Ahmedabad,Android,Minimum,22,1-2y,23,7.44,172,121.14,265.73,20871.64,0.505,0.538,47,129,2,0.0212,2,0.0165,0.148,0.253,86,110,5.62,4.5,0.472,6362.35,0.367,31.81
UPI01670,Delhi,iOS,Full,29,2y+,20,1.24,25,1647.59,4044.64,33855.29,0.675,0.307,6,17,1,0.0416,0,0.0028,0.132,0.203,45,52,2.36,26.63,0.322,5592.3,0.329,20.13
UPI01671,Bengaluru,Android,Full,24,1-2y,15,5.2,59,439.74,1186.86,23091.76,0.638,0.313,29,27,0,0.0005,1,0.0221,0.094,0.308,32,43,1.91,13.34,0.589,14781.13,0.401,13.41
UPI01672,Hyderabad,Android,Minimum,6,0-6m,16,4.28,72,117.75,154.67,9731.97,0.6,0.405,36,37,0,0.0114,0,0.0087,0.128,0.355,44,63,6.19,8.94,0.316,3416.13,0.304,19.93
UPI01673,Hyderabad,iOS,Full,10,6-12m,2,1.2,2,662.22,1836.19,1499.65,0.431,0.537,2,0,2,0.35,0,0.0038,0.035,0.458,2,3,4.1,250,0.203,50,0.342,67.79
UPI01674,Mumbai,Android,Minimum,9,6-12m,2,14.08,28,2687.85,8865.35,62710.52,0.269,0.748,7,20,14,0.35,4,0.1528,0.457,0.483,21,46,5.31,25.88,0.392,32546.99,0.257,98.83
UPI01675,Hyderabad,Android,Full,18,1-2y,29,4.17,108,1321.2,4231.55,137899.99,0.382,0.586,33,77,2,0.0295,9,0.0884,0.639,0.571,87,138,4.09,5.8,0.716,66443.18,0.304,48.88
UPI01676,Chennai,Android,Full,10,6-12m,20,3.84,99,1035.2,2284.82,116082.5,0.866,0.147,63,34,7,0.0858,0,0.0074,0.136,0.223,51,67,6.12,4.83,0.221,29110.73,0.412,31.58
UPI01677,Ahmedabad,Android,Full,7,6-12m,12,3.73,53,2824.36,7847.54,141649.81,0.584,0.399,32,23,1,0.033,1,0.0221,0.066,0.362,18,29,2.99,13.04,0.323,71129.55,0.294,24.35
UPI01678,Kolkata,Android,Minimum,12,6-12m,13,4.72,57,875.51,2228.96,50134.24,0.49,0.541,20,36,6,0.1061,3,0.0543,0.062,0.324,29,46,4.39,13.7,0.455,22027.76,0.324,49.24
UPI01679,Ahmedabad,Android,Minimum,17,1-2y,23,3.64,92,947.77,3167.05,97265.9,0.812,0.198,51,40,4,0.0493,4,0.0515,0.1,0.369,75,138,3.71,7.27,0.476,31677.95,0.494,28.57
UPI01680,Chennai,Android,Full,10,6-12m,15,0.8,25,1289.09,5420.15,36944.6,0.86,0.158,14,13,0,0.0062,0,0.0065,0.196,0.24,31,46,4.74,26.76,0.532,16301.77,0.347,5.46
UPI01681,Mumbai,Android,Minimum,26,2y+,13,8.53,115,211.8,734.12,24867.22,0.326,0.793,34,75,28,0.2487,6,0.0539,0.431,0.43,47,79,2.14,4.17,0.667,12781.91,0.204,91.47
UPI01682,Bengaluru,Android,Minimum,18,1-2y,18,3.33,70,1104.12,3384.41,84653.16,0.537,0.459,39,38,2,0.0353,0,0.0044,0.083,0.381,34,57,4.86,10.96,0.361,28982.87,0.346,20.37
UPI01683,Pune,Android,Minimum,20,1-2y,18,4.74,84,870.62,2967.77,67975.9,0.913,0.072,72,13,3,0.0426,0,0.0052,0.048,0.346,42,51,6.44,5.43,0.418,11235.86,0.391,24.13
UPI01684,Mumbai,Android,Premium,3,0-6m,17,2.9,36,374.69,1081.22,14796.56,0.471,0.574,7,28,5,0.149,2,0.0575,0.143,0.315,47,53,3.44,23.39,0.61,4676.22,0.236,54.17
UPI01685,Mumbai,Android,Full,22,1-2y,13,6.19,60,895.58,2172.23,44552.62,0.92,0.099,44,13,5,0.0892,3,0.0549,0.092,0.372,23,38,1,8.53,0.301,5003.44,0.484,35.95
UPI01686,Mumbai,Android,Minimum,1,0-6m,18,3.0,38,584.54,1908.78,18297.63,0.695,0.349,21,12,5,0.1469,0,0.0086,0.17,0.416,47,69,5.61,23.06,0.435,7587.63,0.436,36.12
UPI01687,Ahmedabad,Android,Minimum,22,1-2y,2,4.95,11,1327.41,4439.75,14734.38,0.44,0.667,4,7,17,0.35,8,0.2,0.322,0.462,10,23,9.33,62.44,0.92,9383.38,0.272,100
UPI01688,Delhi,Android,Minimum,14,1-2y,12,2.66,16,802.9,2990.0,11085.76,0.856,0.15,16,2,3,0.2016,4,0.2,0.15,0.337,31,63,5.72,42.81,0.336,633.83,0.498,56.33
UPI01689,Bengaluru,Android,Premium,8,6-12m,6,0.99,1,387.26,1214.75,330.46,0.631,0.371,0,1,4,0.35,0,0.0074,0.028,0.19,7,7,2.39,250,0.412,938.84,0.317,70.26
UPI01690,Hyderabad,Android,Full,28,2y+,21,0.57,8,3735.16,9712.64,34791.9,0.565,0.476,4,3,4,0.35,1,0.1305,0.106,0.322,53,93,3.53,88.74,0.336,22077.45,0.264,91.78
UPI01691,Kolkata,Android,Full,19,1-2y,19,5.21,91,4845.99,11010.41,498970.34,0.708,0.329,42,45,3,0.0418,0,0.0045,0.12,0.282,40,59,3.84,9.05,0.493,307169.98,0.305,21.53
UPI01692,Hyderabad,Android,Full,12,6-12m,17,4.63,76,208.3,572.31,17432.34,0.493,0.485,34,43,4,0.0581,2,0.0309,0.122,0.344,27,35,3.54,11.91,0.366,1290.22,0.362,28.48
UPI01693,Hyderabad,iOS,Full,33,2y+,13,3.67,35,692.35,1327.1,24895.92,0.472,0.497,11,20,5,0.1505,2,0.0668,0.096,0.216,30,41,5.34,21.93,0.175,2319.05,0.343,62.5
UPI01694,Pune,Android,Full,21,1-2y,19,2.58,43,350.61,598.81,14093.99,0.516,0.512,14,33,5,0.1259,0,0.0004,0.162,0.312,31,39,6.78,15.53,0.311,4593.89,0.338,25.14
UPI01695,Kolkata,Android,Full,11,6-12m,9,0.83,1,507.42,927.2,482.96,0.642,0.37,0,1,0,0.0101,0,0.0006,0.077,0.314,19,23,4.08,250,0.335,50,0.31,17.39
UPI01696,Ahmedabad,Android,Full,13,1-2y,12,3.4,44,3632.93,10962.15,140332.54,0.568,0.398,26,16,4,0.0933,0,0.0065,0.145,0.272,23,37,4.79,18.35,0.293,64277.36,0.29,33.82
UPI01697,Chennai,Android,Minimum,25,2y+,22,6.34,162,1551.93,5007.22,261136.9,0.807,0.22,110,57,7,0.0517,2,0.0136,0.093,0.244,66,105,3.51,6.28,0.391,45705.38,0.437,32.69
UPI01698,Ahmedabad,Android,Minimum,11,6-12m,19,4.77,84,858.38,2504.53,83097.29,0.537,0.473,33,50,8,0.1054,1,0.0131,0.063,0.406,36,65,4.8,4.29,0.389,54686.5,0.383,28.3
UPI01699,Kolkata,Android,Full,27,2y+,13,3.9,43,735.67,2453.75,32502.7,0.719,0.271,21,21,5,0.1293,0,0.0022,0.049,0.305,19,37,5.96,18.06,0.53,9355.81,0.439,27.86
UPI01700,Ahmedabad,Android,Full,14,1-2y,5,1.3,7,843.71,3319.12,6326.8,0.5,0.476,4,3,3,0.35,1,0.1501,0.085,0.339,7,9,0.5,106.8,0.527,816.51,0.286,99.55
UPI01701,Ahmedabad,Android,Full,23,1-2y,27,5.53,121,792.74,1982.89,79205.51,0.848,0.17,99,24,2,0.0192,4,0.0403,0.097,0.25,55,96,7.85,5.33,0.329,18786.2,0.409,16.54
UPI01702,Pune,Android,Full,13,1-2y,28,3.9,79,1203.51,3735.53,110606.91,0.882,0.116,43,35,2,0.0319,1,0.0195,0.142,0.399,60,115,4.07,8.34,0.564,83500.69,0.479,10.88
UPI01703,Mumbai,Android,Full,12,6-12m,10,0.65,18,410.95,1328.41,7069.91,0.495,0.542,18,0,2,0.1202,0,0.0078,0.033,0.185,20,35,5.41,40.27,0.206,3194.53,0.245,22.53
UPI01704,Chennai,iOS,Premium,8,6-12m,22,5.97,113,52.61,160.84,6984.26,0.485,0.478,41,66,2,0.0188,0,0.0029,0.179,0.398,79,158,3.2,5.68,0.373,2605.87,0.332,30.27
UPI01705,Kolkata,iOS,Full,19,1-2y,21,0.91,35,1997.15,5500.17,67347.78,0.344,0.766,8,24,12,0.3474,2,0.0665,0.45,0.635,63,100,3.4,25.02,0.614,47180.81,0.314,94.59
UPI01706,Delhi,iOS,Full,9,6-12m,9,9.79,81,2739.68,10918.3,204327.38,0.275,0.773,16,63,10,0.1388,5,0.0703,0.561,0.397,36,52,5.33,4.0,0.657,75677.09,0.313,85.97
UPI01707,Mumbai,Android,Full,9,6-12m,18,3.31,71,164.87,411.5,13229.25,0.646,0.383,42,25,7,0.1079,1,0.0174,0.16,0.414,27,49,3.21,10.1,0.445,9908.06,0.305,48.58
UPI01708,Ahmedabad,iOS,Full,30,2y+,30,8.3,260,156.41,400.22,35302.68,0.706,0.339,189,71,5,0.0273,1,0.0061,0.063,0.226,75,169,5.38,0.2,0.244,18414.42,0.315,34.32
UPI01709,Pune,Android,Full,24,1-2y,17,3.48,60,2332.58,5523.97,163552.78,0.597,0.413,22,40,2,0.0432,1,0.018,0.052,0.183,26,39,4.1,12.09,0.281,105133.89,0.388,22.87
UPI01710,Ahmedabad,Android,Minimum,8,6-12m,23,4.4,101,1295.17,2987.14,131228.24,0.958,0.066,83,17,0,0.013,3,0.0304,0.079,0.284,76,152,6.77,8.11,0.332,60461.15,0.395,12.67
UPI01711,Chennai,Android,Full,19,1-2y,22,7.13,141,214.68,741.07,25742.15,0.698,0.333,77,60,11,0.0836,0,0.0041,0.128,0.39,69,141,7.35,0.2,0.396,4380.98,0.318,42.13
UPI01712,Bengaluru,Android,Full,17,1-2y,24,8.73,212,254.91,553.68,49610.42,0.665,0.355,115,98,4,0.031,3,0.0227,0.098,0.359,79,144,4.9,2.11,0.279,24318.35,0.357,41.15
UPI01713,Mumbai,Android,Full,32,2y+,19,5.98,116,711.36,2195.78,90719.67,0.803,0.22,62,51,0,0.0012,1,0.0151,0.091,0.327,49,82,5.67,9.26,0.452,29253.34,0.423,21.31
UPI01714,Delhi,Android,Minimum,9,6-12m,12,0.05,2,293.85,796.64,623.08,0.333,0.594,0,0,0,0.0098,0,0.004,0.029,0.313,24,36,2.58,250,0.209,202.56,0.311,6.93
UPI01715,Pune,Android,Full,26,2y+,17,4.39,62,826.96,1912.25,47235.16,0.942,0.07,34,27,1,0.0286,3,0.052,0.114,0.354,30,49,4.8,8.08,0.313,7695.04,0.456,35.85
UPI01716,Kolkata,iOS,Premium,6,0-6m,22,4.59,91,724.9,2119.58,76036.64,0.741,0.236,64,25,5,0.0649,0,0.0016,0.104,0.249,50,62,4.06,5.83,0.447,12987.04,0.404,38.38
UPI01717,Pune,Android,Full,7,6-12m,16,2.99,50,748.08,2205.32,32694.44,0.941,0.082,46,1,3,0.0706,0,0.0074,0.083,0.427,52,76,8.09,8.86,0.533,7723.3,0.463,23.82
UPI01718,Bengaluru,iOS,Full,27,2y+,23,2.77,97,318.27,832.23,29521.08,0.687,0.279,64,34,0,0.0101,0,0.0018,0.171,0.379,92,168,5.75,8.19,0.368,14661.52,0.429,9.88
UPI01719,Delhi,iOS,Full,2,0-6m,28,5.73,141,311.93,994.45,45062.71,0.672,0.304,77,55,6,0.0574,1,0.0114,0.073,0.233,94,156,5.45,9.24,0.313,7562.89,0.388,37.09
UPI01720,Pune,iOS,Premium,1,0-6m,9,4.51,27,434.32,1316.05,11897.21,0.891,0.118,24,0,4,0.1627,2,0.0828,0.084,0.274,32,51,2.76,22.81,0.5,4323.18,0.49,59.14
UPI01721,Mumbai,Android,Minimum,26,2y+,19,4.25,79,1499.51,3920.99,106298.52,0.678,0.294,41,39,4,0.0556,0,0.0063,0.143,0.262,41,62,3.78,4.33,0.291,16705.8,0.415,21.12
UPI01722,Kolkata,Android,Minimum,12,6-12m,21,2.9,33,2653.44,5747.08,91850.63,0.566,0.416,18,15,2,0.0704,0,0.0056,0.058,0.244,40,60,3.95,18.22,0.165,55962.84,0.372,21.33
UPI01723,Kolkata,Android,Full,17,1-2y,13,4.77,68,297.47,1175.83,22455.6,0.598,0.431,41,28,4,0.0715,1,0.0204,0.157,0.212,13,18,4.28,6.32,0.44,5961.95,0.259,42.68
UPI01724,Kolkata,Android,Premium,6,0-6m,18,1.33,13,40,136.21,575.35,0.424,0.676,4,10,5,0.35,5,0.2,0.304,0.657,81,164,3.98,53.77,0.716,50,0.312,100
UPI01725,Hyderabad,Android,Full,1,0-6m,24,7.54,217,243.84,706.93,44526.1,0.612,0.386,119,96,9,0.0466,2,0.0111,0.081,0.248,58,138,6.34,2.08,0.354,30768.79,0.394,40.35
UPI01726,Mumbai,Android,Full,25,2y+,19,3.36,60,3294.4,8845.34,185815.48,0.712,0.348,43,16,2,0.0383,2,0.041,0.078,0.215,42,71,4.27,9.56,0.273,86654.51,0.31,16.48
UPI01727,Hyderabad,Android,Minimum,21,1-2y,18,5.28,100,924.2,2253.41,80476.42,0.594,0.357,53,48,5,0.064,0,0.009,0.083,0.331,38,65,5.1,8.45,0.454,55350.5,0.396,32.47
UPI01728,Ahmedabad,Android,Minimum,28,2y+,12,2.01,25,354.76,876.65,9616.06,0.714,0.295,16,9,3,0.1223,2,0.0831,0.13,0.202,34,37,3.77,34.42,0.308,2118.33,0.353,50.66
UPI01729,Pune,Android,Full,33,2y+,13,3.69,59,494.58,1452.6,31602.23,0.706,0.249,18,44,4,0.0747,0,0.0026,0.049,0.254,28,38,3.13,10.49,0.563,11571.88,0.39,20.58
UPI01730,Delhi,Android,Full,28,2y+,25,4.09,99,221.15,365.6,22313.13,0.521,0.469,45,56,8,0.092,0,0.0079,0.136,0.236,92,115,5.28,12.18,0.231,4693.22,0.283,48.56
UPI01731,Chennai,iOS,Full,16,1-2y,18,0.94,9,3096.71,9160.62,32054.82,0.64,0.307,0,9,0,0.0109,1,0.1117,0.095,0.349,35,63,4.6,74.64,0.541,14059.86,0.39,21.66
UPI01732,Hyderabad,Android,Full,14,1-2y,14,4.16,42,1824.18,3584.81,67836.22,0.741,0.3,21,22,5,0.1199,1,0.03,0.158,0.346,29,37,4.38,19.49,0.34,30778.61,0.334,49.21
UPI01733,Mumbai,iOS,Full,18,1-2y,11,1.03,5,684.66,1403.7,3685.38,0.342,0.645,0,5,3,0.35,2,0.2,0.055,0.267,17,18,4.03,141.86,0.345,1962.96,0.178,94.43
UPI01734,Hyderabad,Android,Full,13,1-2y,6,2.04,6,609.86,1774.83,4031.96,0.391,0.563,0,6,0,0.006,0,0.0094,0.124,0.48,10,11,3.2,122.79,0.287,3979.95,0.331,16.62
UPI01735,Chennai,Android,Premium,8,6-12m,16,5.32,110,819.0,1765.07,79371.36,0.917,0.074,104,4,2,0.0334,3,0.0306,0.136,0.252,46,62,2.32,9.17,0.275,58468.9,0.48,18.86
UPI01736,Pune,Android,Minimum,15,1-2y,21,3.51,74,498.65,1718.71,36696.7,0.527,0.504,23,48,2,0.041,1,0.0202,0.106,0.316,55,97,7.26,7.56,0.609,23165.36,0.251,30.79
UPI01737,Kolkata,Android,Minimum,11,6-12m,14,1.44,28,3887.78,9565.67,119417.12,0.752,0.229,9,20,1,0.0491,2,0.0789,0.106,0.204,15,21,3.91,22.1,0.254,48699.88,0.375,36.41
UPI01738,Hyderabad,iOS,Premium,24,1-2y,9,1.6,14,486.92,1570.02,6698.77,0.559,0.466,2,8,0,0.0025,1,0.0788,0.062,0.334,15,23,4.58,53.84,0.339,50,0.293,12.35
UPI01739,Mumbai,iOS,Minimum,9,6-12m,29,4.8,164,781.2,2185.65,126346.13,0.869,0.105,105,56,3,0.0303,1,0.0134,0.103,0.36,56,71,5.69,2.63,0.361,51071.37,0.512,15.15
UPI01740,Kolkata,Android,Minimum,23,1-2y,24,1.48,47,304.19,954.85,14297.42,0.51,0.49,22,28,0,0.0012,0,0.003,0.089,0.21,61,67,3.87,16.24,0.378,1825.08,0.263,16.58
UPI01741,Pune,iOS,Minimum,1,0-6m,19,3.76,59,429.32,830.6,29459.59,0.694,0.331,26,30,1,0.019,1,0.0177,0.135,0.309,35,67,4.35,12.61,0.191,10771.8,0.311,19.17
UPI01742,Chennai,Android,Full,9,6-12m,21,5.27,100,557.47,1224.08,61778.12,0.79,0.19,76,20,3,0.0337,1,0.0125,0.079,0.337,52,65,5.54,10.72,0.05,43882.49,0.358,14.78
UPI01743,Mumbai,Android,Premium,13,1-2y,18,3.41,53,453.81,1126.35,20523.62,0.652,0.352,29,25,0,0.013,4,0.0801,0.101,0.265,30,52,2.96,9.79,0.195,9550.73,0.327,25.24
UPI01744,Kolkata,Android,Premium,12,6-12m,16,3.01,28,552.41,1554.1,15189.77,0.632,0.336,19,13,4,0.1468,0,0.0069,0.041,0.231,33,37,2.79,25.54,0.471,6540.75,0.403,30.45
UPI01745,Bengaluru,Android,Full,12,6-12m,7,8.36,55,1235.73,2754.77,58696.04,0.49,0.402,21,32,27,0.35,0,0.0041,0.301,0.412,31,61,11.74,15.97,0.233,24306.86,0.329,88.86
UPI01746,Bengaluru,Android,Minimum,2,0-6m,27,7.21,183,137.73,420.47,23780.03,0.523,0.497,78,107,3,0.03,1,0.0086,0.067,0.325,98,217,5.09,4.02,0.513,15235.8,0.346,34.8
UPI01747,Pune,iOS,Full,15,1-2y,16,5.42,97,734.1,2044.52,67768.91,0.566,0.426,28,69,0,0.0072,0,0.0056,0.122,0.286,47,71,4.51,8.72,0.244,40322.31,0.27,10.74
UPI01748,Ahmedabad,iOS,Full,11,6-12m,22,2.88,80,5859.49,16830.61,464791.9,0.625,0.324,38,39,1,0.0267,2,0.0323,0.108,0.288,41,47,4.83,5.78,0.337,120830.26,0.297,24.91
UPI01749,Bengaluru,Android,Full,21,1-2y,21,5.7,120,210.18,692.83,26342.91,0.499,0.518,45,76,6,0.0645,0,0.004,0.075,0.257,62,114,5.78,9.26,0.632,12254.77,0.244,17.16
UPI01750,Ahmedabad,Android,Full,30,2y+,14,5.81,86,479.87,1145.37,48332.15,0.627,0.369,42,46,0,0.0074,2,0.0248,0.099,0.206,20,31,6.87,9.37,0.301,28457.29,0.316,21.83
UPI01751,Bengaluru,Android,Premium,10,6-12m,30,4.61,152,230.81,287.87,31883.82,0.592,0.442,89,61,8,0.0578,1,0.0075,0.184,0.384,107,195,5.2,0.2,0.05,22660.4,0.331,21.52
UPI01752,Ahmedabad,Android,Premium,31,2y+,10,5.12,49,719.39,1955.16,33384.88,0.688,0.313,24,23,3,0.075,1,0.0263,0.161,0.223,25,46,4.82,12.84,0.257,19025.6,0.42,20.84
UPI01753,Pune,Android,Full,11,6-12m,25,6.98,193,797.78,2020.05,155543.7,0.868,0.16,129,65,5,0.0307,0,0.0041,0.083,0.267,57,97,6.95,5.06,0.251,42799.83,0.432,22.98
UPI01754,Kolkata,Android,Minimum,4,0-6m,24,2.85,65,1303.27,1901.55,80738.45,0.806,0.15,40,22,6,0.1036,4,0.0657,0.089,0.365,49,68,4.84,6.79,0.052,43265.51,0.38,44.35
UPI01755,Hyderabad,Android,Full,26,2y+,6,0.58,3,339.87,707.2,1039.04,0.421,0.573,2,0,2,0.35,0,0.01,0.068,0.35,6,8,5.54,242.31,0.301,1781.96,0.344,76.95
UPI01756,Kolkata,Android,Full,10,6-12m,15,2.69,44,783.01,2398.14,37967.58,0.818,0.179,25,19,8,0.1907,4,0.0956,0.064,0.379,51,72,3.08,14.99,0.368,14180.84,0.367,60.1
UPI01757,Pune,Android,Full,9,6-12m,28,3.6,97,919.89,2296.74,104110.78,0.788,0.218,53,44,5,0.0592,1,0.0181,0.076,0.337,81,159,6.15,6.11,0.224,58235.33,0.408,23.01
UPI01758,Hyderabad,Android,Full,27,2y+,3,0.33,1,62.82,212.12,100,0.498,0.453,0,1,2,0.35,2,0.2,0.1,0.328,2,3,3.19,250,0.325,700.61,0.315,100
UPI01759,Chennai,iOS,Premium,29,2y+,4,1.0,5,334.32,745.69,1911.59,0.471,0.567,1,5,3,0.35,0,0.0035,0.052,0.222,11,11,3.43,149.78,0.397,50,0.282,83.57
UPI01760,Delhi,iOS,Minimum,20,1-2y,15,4.93,82,650.95,2410.77,62971.46,0.645,0.382,30,49,2,0.0253,0,0.0046,0.136,0.248,24,34,5.22,11.41,0.395,6063.87,0.419,24.02
UPI01761,Delhi,Android,Minimum,22,1-2y,24,3.32,78,2609.72,8180.18,230788.96,0.599,0.403,26,51,4,0.0553,0,0.005,0.075,0.288,64,79,3.67,11.19,0.372,34949.03,0.287,17.34
UPI01762,Chennai,Android,Premium,14,1-2y,17,6.65,100,3753.94,10327.51,418632.72,0.321,0.728,22,81,20,0.2132,3,0.0397,0.293,0.572,57,156,5.57,7.42,0.687,301113.18,0.275,67.15
UPI01763,Ahmedabad,Android,Full,13,1-2y,16,4.11,73,560.61,2023.8,36316.16,0.865,0.127,43,24,5,0.0735,5,0.0709,0.199,0.224,26,36,6.37,7.88,0.591,26221.47,0.414,36.75
UPI01764,Hyderabad,Android,Minimum,27,2y+,2,1.25,1,180.1,540.96,170.44,0.506,0.504,1,0,0,0.0049,0,0.0027,0.045,0.286,2,3,5.89,250,0.531,828.07,0.285,8.72
UPI01765,Bengaluru,iOS,Full,5,0-6m,5,0.24,5,331.74,570.91,1614.45,0.469,0.481,2,2,1,0.2004,2,0.2,0.106,0.278,9,9,2.19,146.4,0.37,703.71,0.226,74.81
UPI01766,Hyderabad,iOS,Minimum,18,1-2y,7,2.46,23,869.87,2092.03,23356.2,0.478,0.53,9,13,2,0.0979,0,0.0005,0.088,0.389,11,11,3.96,29.34,0.366,4264.54,0.374,27.24
UPI01767,Bengaluru,Android,Premium,16,1-2y,11,12.25,140,722.69,1967.78,106594.04,0.438,0.455,57,85,23,0.18,3,0.0241,0.295,0.303,35,97,8.43,5.47,0.463,13693.4,0.32,70.21
UPI01768,Pune,iOS,Full,22,1-2y,1,0.84,1,624.26,2270.42,619.46,0.592,0.398,0,0,2,0.35,2,0.2,0.044,0.264,4,7,3.69,250,0.633,1380.57,0.342,86.47
UPI01769,Mumbai,Android,Full,25,2y+,12,1.95,28,643.12,1761.74,20466.51,0.804,0.22,17,6,4,0.1487,1,0.0432,0.073,0.288,22,44,3.63,27.79,0.408,11367.02,0.443,45.44
UPI01770,Ahmedabad,Android,Full,31,2y+,29,11.4,328,173.4,529.98,54644.73,0.657,0.311,151,180,2,0.0164,0,0.0044,0.134,0.239,88,111,4.69,4.58,0.555,16992.21,0.407,37.84
UPI01771,Delhi,Android,Minimum,20,1-2y,22,4.49,84,143.46,340.62,12632.94,0.464,0.504,16,73,2,0.0378,3,0.042,0.077,0.295,54,97,4.35,7.64,0.363,4845.34,0.363,23.4
UPI01772,Kolkata,iOS,Minimum,21,1-2y,31,4.82,138,967.79,2605.32,141046.25,0.929,0.055,109,25,3,0.0314,3,0.0309,0.043,0.435,81,118,6.78,7.82,0.336,26498.79,0.419,17.41
UPI01773,Mumbai,Android,Full,11,6-12m,22,7.07,161,142.47,387.46,25715.6,0.527,0.469,70,89,4,0.0254,2,0.0182,0.089,0.347,46,73,6.2,6.3,0.423,4828.21,0.295,18.01
UPI01774,Bengaluru,Android,Full,18,1-2y,22,5.57,152,1173.19,1568.51,183443.79,0.876,0.15,106,48,2,0.0164,1,0.0081,0.114,0.209,58,72,5.87,4.52,0.217,101447.74,0.42,24.52
UPI01775,Delhi,Android,Premium,8,6-12m,21,4.24,115,950.16,2985.21,90016.6,0.899,0.099,98,13,2,0.0237,1,0.0104,0.101,0.213,56,109,3.14,12.18,0.477,39854.6,0.369,5.54
UPI01776,Mumbai,Android,Full,16,1-2y,23,2.44,31,3792.09,8757.28,101999.22,0.759,0.203,10,22,2,0.0784,4,0.1337,0.171,0.31,36,41,4.84,23.75,0.152,48543.12,0.371,40.17
UPI01777,Bengaluru,Android,Full,21,1-2y,15,2.75,55,674.87,1423.25,35747.74,0.679,0.308,42,12,4,0.0752,0,0.0045,0.124,0.242,42,68,2.9,8.87,0.295,17292.83,0.31,27.35
UPI01778,Pune,Android,Premium,18,1-2y,19,5.69,101,181.67,459.36,18754.19,0.896,0.114,68,27,2,0.0214,3,0.0364,0.189,0.291,45,79,5.9,7.74,0.173,11891.4,0.431,32.63
UPI01779,Delhi,iOS,Full,24,1-2y,6,11.15,62,2610.55,6783.65,184484.24,0.377,0.585,16,48,22,0.35,6,0.1054,0.44,0.587,16,39,9.55,9.54,0.594,39093.19,0.287,98.34
UPI01780,Pune,Android,Premium,20,1-2y,20,6.67,157,131.24,292.56,18381.68,0.678,0.291,84,72,8,0.0638,0,0.0028,0.151,0.271,81,164,2.21,3.81,0.437,15181.73,0.435,31.66
UPI01781,Chennai,Android,Full,30,2y+,12,5.98,74,353.17,1083.69,25311.49,0.86,0.126,40,32,1,0.0194,0,0.0028,0.19,0.377,35,44,4.97,5.92,0.754,7177.22,0.403,19.78
UPI01782,Hyderabad,Android,Minimum,13,1-2y,25,12.0,314,2418.42,9968.38,746879.68,0.294,0.817,89,222,8,0.0469,6,0.0237,0.653,0.682,88,218,4.63,1.1,0.907,350000,0.301,62.97
UPI01783,Pune,Android,Minimum,1,0-6m,2,1.25,1,255.16,819.9,236.85,0.509,0.503,0,0,0,0.0019,1,0.2,0.123,0.352,7,7,3.8,250,0.395,1234.53,0.364,23.74
UPI01784,Pune,Android,Premium,35,2y+,26,4.06,113,550.76,1324.02,64214.91,0.871,0.111,51,61,5,0.0555,1,0.0135,0.197,0.415,59,80,4.33,9.73,0.496,27420.5,0.435,28.21
UPI01785,Ahmedabad,Android,Minimum,18,1-2y,8,0.83,12,603.87,1552.51,6537.18,0.311,0.766,5,6,2,0.1738,0,0.0068,0.147,0.503,15,19,5.42,59.94,0.397,3417.48,0.33,44.26
UPI01786,Pune,Android,Premium,17,1-2y,10,0.26,1,253.41,505.62,278.67,0.57,0.506,0,1,0,0.0147,0,0.0033,0.079,0.335,18,18,3.42,250,0.245,2005.97,0.314,21.31
UPI01787,Pune,Android,Full,17,1-2y,7,1.04,5,471.25,1562.4,2073.59,0.63,0.353,4,0,0,0.0006,0,0.0027,0.039,0.504,8,12,4.37,142.83,0.298,2117.74,0.451,6.91
UPI01788,Pune,iOS,Premium,20,1-2y,10,0.5,5,934.61,3097.3,4450.12,0.526,0.499,0,0,15,0.35,2,0.2,0.527,0.499,10,25,8.24,142.95,0.575,1784.09,0.364,98.46
UPI01789,Ahmedabad,Android,Minimum,28,2y+,20,2.13,52,931.39,3349.57,53284.5,0.418,0.631,12,37,16,0.3197,8,0.1539,0.771,0.331,74,205,1,7.81,0.783,26410.64,0.256,100
UPI01790,Bengaluru,Android,Full,27,2y+,3,1.59,2,321.58,771.52,751.6,0.399,0.525,2,2,2,0.35,1,0.2,0.116,0.312,3,3,4.09,250,0.27,50,0.287,96.63
UPI01791,Delhi,Android,Full,1,0-6m,16,1.56,31,821.59,2658.07,22755.26,0.646,0.307,15,14,6,0.2051,1,0.0382,0.067,0.356,39,44,4.03,24.17,0.449,15132.76,0.369,64.34
UPI01792,Mumbai,Android,Minimum,12,6-12m,25,4.78,110,939.94,2006.28,121705.08,0.863,0.111,95,6,4,0.0521,5,0.0515,0.192,0.213,39,67,5.98,7.25,0.326,82116.34,0.429,31.71
UPI01793,Pune,Android,Minimum,14,1-2y,12,5.25,67,639.54,2082.27,36471.64,0.695,0.317,26,41,4,0.0678,1,0.0224,0.168,0.332,17,33,6.39,15.66,0.457,11352.59,0.375,42.02
UPI01794,Kolkata,Android,Full,28,2y+,18,5.51,115,236.46,442.99,28436.45,0.591,0.363,54,59,5,0.0453,0,0.0007,0.178,0.232,44,85,4.16,6.27,0.19,19736.27,0.286,25.81
UPI01795,Mumbai,Android,Full,7,6-12m,12,3.5,42,794.11,2041.25,34067.36,0.489,0.546,24,21,5,0.1305,0,0.0098,0.145,0.318,33,62,3.39,15.17,0.39,14349.69,0.364,44.94
UPI01796,Hyderabad,Android,Full,12,6-12m,7,0.63,1,661.12,1869.65,749.91,0.516,0.533,1,1,0,0.0132,0,0.003,0.087,0.384,12,19,2.37,250,0.145,50,0.357,17.07
UPI01797,Chennai,Android,Minimum,26,2y+,21,4.29,108,366.08,1008.44,33922.87,0.477,0.476,42,62,3,0.0289,3,0.0349,0.125,0.272,52,79,4.88,4.65,0.187,12318.13,0.254,22.47
UPI01798,Delhi,Android,Premium,12,6-12m,6,1.35,14,537.64,1206.18,7898.39,0.512,0.482,6,7,1,0.0774,0,0.0011,0.113,0.502,10,14,3.58,49.47,0.345,4880.29,0.407,14.64
UPI01799,Ahmedabad,iOS,Full,21,1-2y,22,6.97,170,262.27,885.83,43852.94,0.527,0.444,65,103,8,0.0564,2,0.013,0.212,0.364,70,94,6.16,4.45,0.456,16862.37,0.366,37.97
UPI01800,Mumbai,Android,Premium,2,0-6m,16,1.78,34,1115.75,3528.73,39769.99,0.836,0.143,27,7,3,0.1014,3,0.0969,0.073,0.32,46,87,3.19,26.23,0.359,7543.35,0.499,29.67
UPI01801,Bengaluru,Android,Premium,15,1-2y,18,5.38,76,678.09,1768.49,57277.03,0.841,0.169,38,39,4,0.0544,1,0.0167,0.159,0.3,39,56,5.48,13.46,0.162,16423.38,0.351,26.01
UPI01802,Chennai,Android,Full,1,0-6m,16,5.5,78,763.98,1784.21,55282.05,0.933,0.051,58,18,0,0.0033,3,0.0396,0.194,0.234,47,88,6.79,10.03,0.52,33266.6,0.418,24.97
UPI01803,Ahmedabad,iOS,Full,4,0-6m,22,3.21,62,961.87,2193.65,63164.15,0.852,0.177,58,8,9,0.1478,5,0.083,0.178,0.401,50,61,6.06,11.22,0.277,45668.88,0.427,56.73
UPI01804,Mumbai,iOS,Full,26,2y+,18,6.21,105,355.06,1551.48,32264.08,0.657,0.356,64,37,3,0.0341,1,0.019,0.05,0.256,58,92,5.95,12.22,0.44,6033.33,0.4,17.84
UPI01805,Chennai,Android,Premium,10,6-12m,22,0.78,44,600,1547.56,29842.4,0.587,0.411,24,19,3,0.0796,1,0.0245,0.164,0.21,44,73,2.53,17.88,0.216,5011.34,0.264,16.45
UPI01806,Chennai,Android,Minimum,25,2y+,12,4.55,34,2360.89,7099.66,76838.44,0.796,0.181,26,10,2,0.0737,3,0.0904,0.071,0.182,24,45,5.13,18.51,0.333,57039.89,0.315,31.11
UPI01807,Chennai,Android,Premium,13,1-2y,17,3.86,60,726.53,1908.97,45366.11,0.861,0.116,41,20,6,0.1024,3,0.0541,0.159,0.221,49,65,4.31,11.92,0.26,27313.97,0.484,35.19
UPI01808,Chennai,Android,Full,1,0-6m,12,4.61,54,729.38,3101.18,37058.1,0.922,0.083,47,2,3,0.0589,1,0.0283,0.17,0.35,37,57,4.82,6.54,0.581,4950.8,0.47,32.39
UPI01809,Bengaluru,Android,Full,38,2y+,25,9.77,206,242.61,549.17,48732.91,0.61,0.388,88,123,7,0.0368,0,0.0045,0.158,0.322,76,181,7.07,4.12,0.401,16843.7,0.303,35.84
UPI01810,Mumbai,Android,Minimum,23,1-2y,16,9.17,138,99.91,228.73,11666.74,0.609,0.392,85,51,2,0.0284,0,0.0003,0.08,0.254,67,115,4.42,4.2,0.279,5508.86,0.336,16.52
UPI01811,Hyderabad,Android,Premium,18,1-2y,20,3.29,96,1274.95,2687.98,106731.57,0.83,0.146,60,37,4,0.0565,1,0.0177,0.107,0.337,43,66,4.08,3.45,0.103,51740.5,0.38,17.9
UPI01812,Chennai,iOS,Premium,40,2y+,29,8.02,216,127.73,448.26,24772.78,0.623,0.392,131,80,5,0.0268,2,0.0187,0.163,0.223,78,168,6.89,4.79,0.407,17113.59,0.291,33.15
UPI01813,Pune,Android,Full,22,1-2y,25,8.48,248,112.5,357.09,32468.19,0.624,0.346,142,104,0,0.0139,0,0.0035,0.196,0.372,83,128,7.59,4.86,0.427,3285.18,0.294,31.78
UPI01814,Delhi,iOS,Full,34,2y+,7,0.32,1,131.2,207.25,143.1,0.619,0.377,0,0,1,0.35,0,0.0035,0.11,0.223,10,16,4.37,250,0.176,248.57,0.333,61.24
UPI01815,Hyderabad,Android,Minimum,24,1-2y,21,2.88,53,845.65,2395.71,46968.39,0.493,0.511,34,12,4,0.0817,0,0.0063,0.16,0.414,35,47,5.87,15.51,0.38,35663.11,0.375,29.7
UPI01816,Kolkata,Android,Minimum,15,1-2y,25,4.84,117,111.37,258.16,14698.44,0.644,0.366,79,40,3,0.0271,2,0.0236,0.06,0.239,57,135,4.57,11.07,0.121,8234.9,0.32,25.63
UPI01817,Hyderabad,Android,Premium,9,6-12m,24,3.38,57,73.42,86.7,3628.88,0.676,0.328,22,35,1,0.0216,3,0.0603,0.101,0.372,78,139,6.13,12.99,0.156,1279.11,0.311,23.09
UPI01818,Chennai,Android,Full,17,1-2y,7,2.0,6,777.12,2173.63,4463.53,0.44,0.589,0,6,1,0.1746,1,0.1711,0.064,0.505,5,6,2.55,121.8,0.345,50,0.251,74.46
UPI01819,Bengaluru,Android,Full,17,1-2y,27,3.33,114,822.29,2664.24,108026.5,0.933,0.08,89,20,3,0.0409,3,0.0298,0.086,0.285,76,99,6.37,4.35,0.494,47323.17,0.482,11.59
UPI01820,Hyderabad,Android,Minimum,31,2y+,4,1.17,4,629.13,1553.11,2188.06,0.325,0.745,2,0,0,0.0063,1,0.2,0.107,0.262,6,6,4.37,177.41,0.316,3110.78,0.287,34.73
UPI01821,Chennai,Android,Full,1,0-6m,2,1.42,3,240.89,859.97,845.93,0.527,0.531,2,1,1,0.3378,0,0.0015,0.108,0.329,5,5,2.32,238.89,0.438,3503.72,0.265,85.35
UPI01822,Ahmedabad,Android,Premium,18,1-2y,23,7.42,183,170.82,414.37,28479.95,0.557,0.466,112,71,5,0.0388,1,0.0062,0.076,0.378,60,96,6.09,2.62,0.286,19128.31,0.294,24.52
UPI01823,Delhi,iOS,Full,19,1-2y,27,2.63,78,592.74,1376.29,53965.27,0.832,0.185,53,30,3,0.0428,0,0.0084,0.189,0.423,57,103,2.47,8.01,0.476,28187.49,0.414,25.13
UPI01824,Ahmedabad,Android,Minimum,32,2y+,13,4.67,59,1881.07,6881.33,99399.95,0.617,0.397,24,30,0,0.0095,0,0.0091,0.105,0.302,18,28,5.03,9.32,0.537,27926.38,0.399,11.88
UPI01825,Ahmedabad,Android,Full,13,1-2y,6,6.13,39,1899.46,6720.24,84782.52,0.442,0.52,21,17,22,0.35,3,0.0827,0.549,0.7,28,55,6.23,17.17,0.732,12778.41,0.298,100
UPI01826,Pune,Android,Minimum,3,0-6m,14,4.29,71,4418.29,13846.44,316835.25,0.711,0.335,32,40,1,0.0192,1,0.0167,0.134,0.256,30,37,4.37,10.6,0.454,206048.74,0.307,19.78
UPI01827,Kolkata,Android,Minimum,24,1-2y,22,3.47,47,2833.11,7726.18,121609.3,0.74,0.259,29,18,3,0.0723,0,0.0007,0.035,0.354,35,42,3.72,9.81,0.224,58720.76,0.364,29.19
UPI01828,Pune,iOS,Minimum,10,6-12m,21,3.24,34,2030.98,4103.72,80538.79,0.722,0.249,26,12,3,0.0905,2,0.0662,0.081,0.188,54,87,5.9,24.65,0.221,30180.82,0.436,31.59
UPI01829,Kolkata,Android,Full,12,6-12m,23,4.46,104,270.27,577.94,31867.24,0.671,0.293,42,59,3,0.0422,2,0.0243,0.092,0.276,89,192,5.66,7.39,0.233,17309.73,0.365,14.65
UPI01830,Bengaluru,Android,Full,1,0-6m,14,4.25,64,983.55,2597.32,69866.58,0.476,0.48,30,35,0,0.0111,0,0.0075,0.064,0.242,34,65,5.3,11.75,0.314,24906.07,0.322,33.88
UPI01831,Ahmedabad,Android,Minimum,18,1-2y,18,5.48,99,413.17,1086.18,41573.1,0.622,0.379,50,53,3,0.0362,4,0.0463,0.124,0.235,50,58,5.67,7.42,0.433,26287.23,0.404,24.51
UPI01832,Hyderabad,iOS,Premium,5,0-6m,5,0.59,1,494.03,1002.09,510.39,0.548,0.42,0,1,0,0.0081,1,0.2,0.08,0.311,5,5,2.05,250,0.076,50,0.384,46.49
UPI01833,Ahmedabad,Android,Premium,10,6-12m,21,3.33,77,637.52,1656.05,55549.56,0.627,0.338,28,49,5,0.0796,1,0.0207,0.139,0.398,51,69,5.53,11.27,0.257,33022.11,0.299,26.1
UPI01834,Hyderabad,Android,Full,15,1-2y,7,1.83,14,674.32,1012.62,10913.67,0.463,0.466,6,10,4,0.2952,1,0.0769,0.063,0.446,9,15,4.75,48.36,0.097,3859.21,0.248,72.9
UPI01835,Kolkata,Android,Full,11,6-12m,18,4.66,90,789.17,1291.01,60474.43,0.864,0.158,47,46,2,0.0301,0,0.0009,0.07,0.429,54,112,6.9,4.47,0.095,45637.71,0.397,10.9
UPI01836,Pune,Android,Full,17,1-2y,27,8.35,210,176.73,544.91,42357.51,0.688,0.35,105,105,2,0.0134,2,0.0156,0.11,0.341,86,114,5.83,8.37,0.551,10936.73,0.33,20.2
UPI01837,Kolkata,Android,Full,3,0-6m,18,2.83,26,1127.01,3338.33,27688.22,0.934,0.079,13,17,0,0.0027,4,0.1548,0.149,0.386,36,56,4.78,34.17,0.405,17546.42,0.404,33.88
UPI01838,Pune,Android,Minimum,19,1-2y,22,7.01,161,129.82,305.05,17740.54,0.684,0.27,105,58,6,0.0464,1,0.0132,0.192,0.271,81,185,5.5,9.72,0.23,9023.44,0.301,24.97
UPI01839,Bengaluru,iOS,Full,15,1-2y,16,5.04,96,2889.14,11600.88,243666.63,0.781,0.203,59,33,0,0.011,0,0.0064,0.064,0.242,32,38,2.4,8.5,0.534,169133.61,0.38,19.05
UPI01840,Chennai,Android,Full,20,1-2y,17,0.99,20,640.62,703.99,13033.24,0.826,0.152,18,6,3,0.1629,0,0.0065,0.139,0.273,27,48,6.36,35.14,0.291,9751.41,0.442,50.96
UPI01841,Chennai,Android,Premium,31,2y+,10,4.51,33,483.45,1679.65,14236.9,0.604,0.395,24,1,2,0.063,0,0.0065,0.065,0.253,17,26,5.44,32.04,0.544,3327.29,0.316,29.5
UPI01842,Ahmedabad,Android,Minimum,1,0-6m,20,4.55,98,745.04,1575.8,65128.61,0.593,0.39,46,55,3,0.0416,0,0.0068,0.171,0.313,36,55,5.22,5.82,0.315,20534.66,0.279,36.32
UPI01843,Delhi,Android,Full,21,1-2y,21,3.8,74,132.09,509.4,8859.67,0.541,0.492,31,38,6,0.0829,2,0.0302,0.162,0.326,72,115,6.23,8.68,0.548,5750.92,0.371,35.04
UPI01844,Bengaluru,Android,Full,23,1-2y,26,7.1,173,219.78,638.18,36225.58,0.484,0.492,75,99,4,0.0292,3,0.026,0.119,0.324,53,106,8.7,3.3,0.436,7510.35,0.374,25.98
UPI01845,Bengaluru,Android,Full,16,1-2y,19,2.62,65,3580.74,11926.98,240447.54,0.644,0.32,31,30,2,0.0458,0,0.0073,0.084,0.237,31,43,4.85,11.04,0.544,86343.26,0.389,26.48
UPI01846,Kolkata,Android,Premium,7,6-12m,23,5.07,134,496.79,1463.39,64075.38,0.955,0.03,98,30,5,0.0443,0,0.0004,0.166,0.413,66,99,4.56,5.14,0.256,39535.31,0.433,15.15
UPI01847,Hyderabad,Android,Full,40,2y+,15,3.8,39,2148.88,9109.26,97089.13,0.561,0.405,20,22,17,0.35,12,0.2,0.619,0.659,84,240,5.45,14.49,0.794,23153.67,0.384,98.57
UPI01848,Delhi,Android,Full,19,1-2y,31,4.65,155,782.01,2372.28,141299.32,0.899,0.077,108,48,2,0.0202,2,0.0141,0.054,0.32,87,108,5.95,4.67,0.372,52928.76,0.448,13.2
UPI01849,Kolkata,Android,Minimum,16,1-2y,28,5.79,161,129.2,288.1,20677.84,0.503,0.45,63,94,7,0.0579,3,0.0269,0.117,0.267,102,159,5.48,1.62,0.354,7899.75,0.295,32.13
UPI01850,Mumbai,Android,Premium,9,6-12m,2,10.37,20,40,149.78,681.11,0.238,0.85,8,10,32,0.35,2,0.1089,0.525,0.502,12,21,10.94,34.42,0.852,387.39,0.254,98.31
UPI01851,Hyderabad,iOS,Full,15,1-2y,20,1.89,19,1466.31,4277.21,30782.07,0.671,0.281,11,5,4,0.2221,0,0.0013,0.151,0.2,35,49,3.01,41.86,0.373,7473.34,0.323,52.19
UPI01852,Pune,Android,Full,25,2y+,21,2.3,20,622.37,912.06,10962.42,0.713,0.289,15,5,4,0.2076,3,0.1523,0.177,0.308,55,103,3.46,38.35,0.101,6591.9,0.324,72.02
UPI01853,Chennai,iOS,Full,25,2y+,16,1.81,29,995.54,2913.95,30231.77,0.67,0.368,15,13,3,0.1068,2,0.0727,0.098,0.266,35,54,7.7,23.27,0.385,3244.98,0.286,40.36
UPI01854,Bengaluru,iOS,Full,14,1-2y,18,5.31,99,240.96,680.61,27412.16,0.716,0.275,45,53,6,0.066,0,0.0009,0.065,0.365,47,113,7.56,7.95,0.294,14751.23,0.316,27.03
UPI01855,Kolkata,Android,Full,27,2y+,17,4.12,62,830.88,1645.35,49269.68,0.958,0.024,53,8,0,0.0114,2,0.0328,0.104,0.426,39,63,4.59,11.26,0.131,25159.95,0.427,12.78
UPI01856,Ahmedabad,Android,Full,19,1-2y,29,6.82,175,225.92,267.52,39088.65,0.713,0.265,127,46,3,0.0256,3,0.0239,0.12,0.327,113,147,8.9,7.33,0.195,7054.59,0.414,17.11
UPI01857,Chennai,Android,Full,30,2y+,21,4.94,71,1779.99,4426.67,113186.06,0.799,0.197,60,10,5,0.0773,2,0.0378,0.108,0.198,51,63,3.14,9.13,0.424,53250.19,0.371,22.02
UPI01858,Kolkata,Android,Minimum,16,1-2y,11,13.02,132,1652.16,5504.91,199681.76,0.613,0.478,70,61,28,0.2147,9,0.0701,0.36,0.324,49,97,11.1,5.86,0.382,141380.9,0.414,83.38
UPI01859,Bengaluru,Android,Full,19,1-2y,16,5.79,88,1050.17,3282.42,82975.87,0.958,0.038,84,3,3,0.0411,0,0.0042,0.074,0.39,40,80,6.64,6.38,0.412,9576.38,0.432,22.91
UPI01860,Bengaluru,Android,Full,29,2y+,18,5.12,91,756.7,1840.04,63912.58,0.566,0.386,40,48,0,0.005,4,0.0505,0.103,0.333,51,65,6.42,13.68,0.139,26490.87,0.278,16.19
UPI01861,Kolkata,Android,Full,13,1-2y,18,2.3,76,664.76,1998.9,53398.64,0.51,0.454,34,40,0,0.007,1,0.0189,0.078,0.216,51,56,3.49,5.87,0.422,13355.3,0.219,16.53
UPI01862,Hyderabad,Android,Minimum,17,1-2y,4,0.09,2,343.29,903.36,730.14,0.58,0.454,0,1,3,0.35,1,0.2,0.089,0.509,8,11,3.91,250,0.14,663.88,0.323,88.66
UPI01863,Hyderabad,iOS,Full,20,1-2y,24,6.45,196,272.6,764.48,58553.78,0.686,0.327,115,82,6,0.0309,0,0.0042,0.114,0.261,65,157,5.65,5.72,0.296,37509.75,0.301,29.72
UPI01864,Kolkata,Android,Minimum,19,1-2y,31,3.91,88,3494.98,10071.13,355484.54,0.647,0.399,48,40,3,0.0465,2,0.0323,0.034,0.232,79,94,4.91,8.2,0.298,265031.74,0.309,16.77
UPI01865,Ahmedabad,iOS,Premium,20,1-2y,11,6.54,86,40,110.89,3147.16,0.353,0.692,21,65,18,0.2264,5,0.0667,0.668,0.454,11,20,8.41,0.5,0.586,1186.6,0.293,85.82
UPI01866,Ahmedabad,iOS,Minimum,19,1-2y,26,4.23,136,252.28,613.42,31183.35,0.683,0.306,87,49,1,0.0191,5,0.0467,0.106,0.225,65,106,7.4,7.78,0.124,10658.18,0.284,32.07
UPI01867,Hyderabad,Android,Full,40,2y+,16,5.65,75,560.08,1970.1,42679.03,0.823,0.179,61,12,2,0.0411,0,0.01,0.192,0.282,48,63,5.79,12.2,0.346,8532.51,0.365,23.53
UPI01868,Ahmedabad,Android,Minimum,14,1-2y,17,3.17,84,3199.47,12411.96,297650.49,0.756,0.258,56,29,2,0.0341,0,0.0007,0.067,0.325,34,48,3.91,2.87,0.663,93783.85,0.432,13.42
UPI01869,Hyderabad,iOS,Full,11,6-12m,20,2.46,57,709.03,1768.77,43611.42,0.605,0.374,39,19,5,0.0947,1,0.0269,0.144,0.39,40,58,5.11,19.35,0.447,8931.56,0.328,22.57
UPI01870,Hyderabad,Android,Full,11,6-12m,28,4.24,107,1067.97,2262.76,104934.53,0.802,0.179,78,29,6,0.0618,3,0.0306,0.09,0.208,93,163,5.22,11.19,0.32,25058.62,0.356,32.42
UPI01871,Ahmedabad,Android,Full,25,2y+,18,0.89,15,765.39,1565.09,12813.36,0.671,0.344,13,0,1,0.0815,2,0.1374,0.17,0.311,30,36,2.56,47.36,0.3,9823.2,0.417,43.32
UPI01872,Ahmedabad,iOS,Premium,15,1-2y,20,4.23,77,1053.91,2720.82,73675.7,0.704,0.346,46,27,0,0.0017,1,0.0196,0.092,0.365,26,47,4.19,14.63,0.471,11908.67,0.43,25.04
UPI01873,Kolkata,Android,Full,1,0-6m,6,1.19,9,356.47,1059.47,2902.13,0.487,0.514,0,7,0,0.0117,0,0.0033,0.098,0.468,4,4,3.96,76.96,0.331,2819.34,0.381,24.47
UPI01874,Mumbai,Android,Minimum,22,1-2y,16,1.49,55,61.7,213.63,3046.76,0.653,0.335,28,28,5,0.0919,2,0.0455,0.071,0.306,41,57,4.58,7.94,0.386,2385.62,0.322,36.91
UPI01875,Chennai,iOS,Minimum,34,2y+,24,9.35,217,156.26,406.12,36249.41,0.494,0.52,97,122,3,0.0272,0,0.0021,0.213,0.288,82,183,8.97,2.84,0.324,19272.03,0.324,28.66
UPI01876,Chennai,Android,Premium,27,2y+,25,6.2,174,1222.37,3048.2,197089.32,0.868,0.138,108,63,6,0.0494,2,0.0139,0.087,0.387,77,117,4.7,0.2,0.453,113366.19,0.398,21.04
UPI01877,Mumbai,iOS,Minimum,18,1-2y,26,2.87,33,575.2,890.59,22147.78,0.793,0.191,18,12,4,0.1363,1,0.0337,0.14,0.252,63,76,2.9,18.34,0.05,13142.59,0.383,37.32
UPI01878,Hyderabad,Android,Minimum,32,2y+,20,4.21,69,792.81,3144.23,48813.42,0.485,0.479,26,40,2,0.0404,0,0.0011,0.159,0.324,52,94,6.23,15.47,0.484,30860.03,0.367,32.43
UPI01879,Hyderabad,Android,Full,18,1-2y,14,4.5,63,462.59,1135.2,32628.6,0.705,0.277,42,20,6,0.0977,1,0.0188,0.048,0.251,31,34,2.69,6.88,0.309,15354.62,0.342,32.05
UPI01880,Chennai,Android,Full,16,1-2y,20,4.44,120,556.15,1275.04,63893.82,0.825,0.162,91,29,4,0.0488,0,0.0015,0.181,0.351,46,70,5.4,7.22,0.249,45426.45,0.407,23.36
UPI01881,Bengaluru,iOS,Full,18,1-2y,31,1.08,41,547.82,1356.2,23380.87,0.467,0.57,16,28,2,0.0526,0,0.0075,0.125,0.311,73,100,5.1,21.48,0.153,17089.22,0.368,21.52
UPI01882,Mumbai,iOS,Full,2,0-6m,1,0.8,1,521.06,969.92,601.2,0.513,0.425,0,1,0,0.0024,0,0.0045,0.076,0.217,2,3,3.56,250,0.05,1343.31,0.348,17.42
UPI01883,Mumbai,Android,Full,16,1-2y,6,2.52,14,669.58,1530.33,9687.31,0.309,0.619,11,3,1,0.0854,1,0.0736,0.066,0.482,10,15,4.57,49.68,0.05,50,0.326,37.31
UPI01884,Chennai,iOS,Full,20,1-2y,20,3.91,72,574.58,1249.97,34889.3,0.453,0.569,26,45,2,0.0351,0,0.0078,0.148,0.302,48,76,5.68,7.97,0.332,12079.74,0.302,18.73
UPI01885,Bengaluru,Android,Minimum,20,1-2y,23,5.53,147,164.77,396.15,24375.52,0.623,0.338,86,59,5,0.0352,3,0.0299,0.099,0.276,90,121,8.06,5.63,0.395,5287.48,0.326,29.26
UPI01886,Hyderabad,Android,Minimum,17,1-2y,8,2.04,22,128.91,410.76,2331.5,0.54,0.443,21,0,0,0.0002,0,0.0087,0.035,0.21,9,14,0.58,34.74,0.44,1640.69,0.345,4.55
UPI01887,Ahmedabad,Android,Full,11,6-12m,8,1.34,4,320.5,769.73,1257.81,0.556,0.367,0,4,1,0.2557,0,0.0094,0.066,0.325,14,22,3.75,178.65,0.347,1076.08,0.363,49.87
UPI01888,Hyderabad,iOS,Minimum,17,1-2y,27,5.53,142,20,48.04,2616.15,0.622,0.356,94,46,1,0.0167,0,0.0062,0.086,0.25,69,123,5.15,8.72,0.406,4797.6,0.263,31.8
UPI01889,Pune,Android,Full,24,1-2y,8,2.23,22,1063.82,2600.22,23962.83,0.473,0.517,7,13,5,0.2326,0,0.0076,0.097,0.267,21,29,6.93,33.42,0.396,16372.08,0.352,63.01
UPI01890,Bengaluru,Android,Full,15,1-2y,18,18.31,321,542.32,1643.46,143038.49,0.258,0.73,81,234,15,0.0638,7,0.03,0.71,0.621,73,161,8.92,1.27,0.635,81250.44,0.228,77.8
UPI01891,Mumbai,Android,Premium,20,1-2y,2,1.37,1,187.66,551.17,186.72,0.469,0.553,1,0,1,0.35,1,0.2,0.143,0.299,2,3,2.41,250,0.481,1674.17,0.358,98.91
UPI01892,Ahmedabad,iOS,Minimum,6,0-6m,28,6.25,185,179.35,512.39,30238.2,0.604,0.367,101,79,6,0.0479,2,0.0197,0.171,0.234,75,134,6.01,0.2,0.35,18883.81,0.277,36.22
UPI01893,Mumbai,iOS,Minimum,14,1-2y,20,8.78,193,1316.15,5025.71,225422.01,0.586,0.36,98,93,20,0.1172,3,0.0189,0.588,0.687,62,124,6.12,3.6,0.649,75805.1,0.412,48.54
UPI01894,Chennai,Android,Premium,14,1-2y,24,2.47,50,4849.93,15102.3,243324.82,0.79,0.175,39,13,4,0.0947,0,0.0027,0.16,0.238,49,78,2.96,10.55,0.257,60557.82,0.338,25.92
UPI01895,Delhi,iOS,Minimum,26,2y+,21,3.64,57,3209.02,6483.59,207005.19,0.616,0.436,29,30,1,0.0265,1,0.0229,0.119,0.369,49,62,1.4,13.46,0.269,43787.49,0.423,32.3
UPI01896,Hyderabad,Android,Minimum,19,1-2y,8,13.61,114,2064.82,7360.63,248773.23,0.226,0.789,18,91,16,0.1615,10,0.0934,0.754,0.339,37,94,5.49,2.11,0.656,115824.62,0.163,97.09
UPI01897,Ahmedabad,Android,Minimum,7,6-12m,19,7.58,164,188.47,363.76,35556.91,0.715,0.264,107,58,4,0.0343,2,0.0194,0.178,0.308,80,115,6.61,4.48,0.344,21902.58,0.454,26.92
UPI01898,Ahmedabad,Android,Full,19,1-2y,12,3.34,41,1005.76,1481.69,36172.94,0.788,0.193,35,6,4,0.1085,2,0.0577,0.11,0.303,18,31,5.23,19.82,0.05,21569.02,0.433,37.47
UPI01899,Mumbai,iOS,Full,9,6-12m,10,1.78,22,731.38,1755.08,16736.07,0.395,0.621,2,21,0,0.0139,0,0.0084,0.116,0.433,10,16,4.06,30.67,0.245,9915.85,0.31,17.3
UPI01900,Bengaluru,Android,Full,18,1-2y,24,4.94,141,618.02,1569.19,77706.57,0.844,0.181,105,38,5,0.0439,1,0.0098,0.118,0.342,49,81,5.25,0.31,0.485,56778.96,0.42,32.7
UPI01901,Mumbai,Android,Full,19,1-2y,16,2.73,37,3349.08,7837.75,129412.92,0.582,0.418,17,16,5,0.1482,1,0.031,0.045,0.249,22,32,5.04,16.72,0.248,30761.1,0.323,41.51
UPI01902,Kolkata,Android,Full,30,2y+,16,4.03,71,4715.09,10224.5,287451.64,0.734,0.213,48,26,4,0.0653,1,0.0224,0.171,0.281,36,68,4.58,8.07,0.378,83314.2,0.426,28.32
UPI01903,Chennai,iOS,Full,18,1-2y,9,0.73,10,280.27,589.96,3019.14,0.539,0.536,0,10,0,0.0053,0,0.0037,0.032,0.46,19,32,6.57,70.03,0.05,50,0.289,10.9
UPI01904,Hyderabad,Android,Full,24,1-2y,12,6.55,69,860.04,2309.48,49785.74,0.843,0.163,49,21,2,0.034,0,0.0039,0.191,0.345,34,67,2.12,5.68,0.616,30195.26,0.497,35.95
UPI01905,Pune,Android,Minimum,25,2y+,16,2.36,66,2340.15,5164.04,135426.81,0.81,0.226,54,11,5,0.0857,0,0.0068,0.032,0.204,34,39,2.8,14.5,0.25,70522.5,0.412,21.04
UPI01906,Chennai,iOS,Premium,17,1-2y,11,0.8,7,456.34,1485.92,2632.37,0.53,0.495,4,0,0,0.0049,0,0.0029,0.031,0.367,23,39,4.03,99.98,0.583,561.98,0.388,13.02
UPI01907,Bengaluru,Android,Minimum,28,2y+,17,5.45,90,806.57,2504.12,73243.79,0.813,0.19,50,37,4,0.0483,1,0.0202,0.153,0.314,52,78,6.32,5.87,0.517,29516.71,0.41,21.91
UPI01908,Hyderabad,Android,Full,31,2y+,12,3.03,39,329.35,940.43,14970.66,0.875,0.155,29,11,7,0.1814,4,0.1119,0.042,0.27,21,31,5.38,19.06,0.372,6698.46,0.409,54.18
UPI01909,Ahmedabad,Android,Minimum,1,0-6m,18,3.7,47,549.08,971.83,27490.78,0.863,0.153,35,15,3,0.0655,4,0.0946,0.091,0.299,52,88,4.39,11.87,0.304,7434.25,0.499,36.25
UPI01910,Pune,Android,Full,25,2y+,27,6.09,169,759.56,2299.25,111307.31,0.911,0.062,156,9,2,0.0132,0,0.0015,0.068,0.406,52,80,2.19,4.18,0.419,74193.63,0.476,1.77
UPI01911,Kolkata,Android,Minimum,11,6-12m,29,8.63,246,312.01,953.34,78339.95,0.661,0.355,106,145,6,0.0295,0,0.0043,0.053,0.3,98,146,4.73,1.93,0.352,45005.67,0.391,11.53
UPI01912,Bengaluru,iOS,Full,21,1-2y,2,0.44,1,195.39,494.74,204.94,0.43,0.498,0,0,0,0.0136,1,0.2,0.101,0.292,3,4,1.07,250,0.608,50,0.34,27.91
UPI01913,Mumbai,Android,Minimum,13,1-2y,9,11.25,86,429.7,1455.19,35532.15,0.518,0.45,43,44,8,0.1161,0,0.0039,0.688,0.312,16,28,4.82,3.42,0.715,22591.2,0.3,61.42
UPI01914,Delhi,iOS,Premium,23,1-2y,26,6.89,204,218.58,555.77,38670.38,0.619,0.378,93,107,5,0.0351,2,0.0197,0.218,0.241,69,118,5.74,0.48,0.183,7988.75,0.327,30.23
UPI01915,Hyderabad,iOS,Minimum,16,1-2y,13,8.93,111,40,113.67,4676.43,0.438,0.575,52,57,15,0.149,12,0.1091,0.749,0.36,35,97,4.32,4.06,0.766,50,0.302,72.88
UPI01916,Chennai,iOS,Full,22,1-2y,3,8.83,26,1607.9,4860.28,46606.19,0.382,0.556,12,11,25,0.35,3,0.1158,0.41,0.393,25,62,10.57,27.13,0.577,27000.65,0.261,99.77
UPI01917,Kolkata,iOS,Full,29,2y+,30,1.71,58,2380.51,5999.22,161706.44,0.731,0.267,34,22,1,0.0203,0,0.001,0.069,0.204,75,86,5.2,13.15,0.286,91806.95,0.4,14.13
UPI01918,Delhi,Android,Minimum,25,2y+,22,2.69,52,5718.15,17161.78,258121.22,0.676,0.274,18,33,1,0.0335,1,0.024,0.135,0.323,52,76,5.04,11.82,0.351,29731.81,0.387,24.11
UPI01919,Mumbai,iOS,Minimum,34,2y+,28,3.54,66,177.21,315.75,11818.6,0.626,0.33,20,44,5,0.0904,1,0.0177,0.174,0.286,88,185,6.62,9.7,0.187,2696.42,0.289,36.64
UPI01920,Pune,iOS,Minimum,23,1-2y,21,0.8,21,912.04,2098.81,20419.21,0.829,0.146,13,7,7,0.3396,0,0.0048,0.073,0.426,64,87,4.95,35.1,0.438,8200.12,0.441,68.15
UPI01921,Kolkata,Android,Minimum,17,1-2y,30,4.93,192,257.46,599.07,43639.9,0.578,0.387,101,88,0,0.0062,2,0.02,0.217,0.349,99,222,3.55,0.5,0.188,19970.74,0.266,20.94
UPI01922,Ahmedabad,iOS,Full,6,0-6m,14,1.22,7,2825.76,7991.52,21982.78,0.581,0.447,3,0,3,0.35,2,0.2,0.062,0.274,23,26,3.82,104.18,0.377,4108.18,0.342,98.03
UPI01923,Ahmedabad,Android,Premium,30,2y+,19,9.31,201,192.91,535.12,41231.04,0.567,0.418,111,91,5,0.0396,2,0.011,0.105,0.242,61,115,5.99,4.43,0.48,26397.91,0.26,36.51
UPI01924,Ahmedabad,Android,Premium,23,1-2y,4,1.53,1,472.82,1604.41,396.15,0.617,0.351,0,0,2,0.35,1,0.2,0.087,0.283,5,8,1.56,250,0.273,1330.72,0.31,99.72
UPI01925,Mumbai,Android,Full,14,1-2y,20,2.48,68,435.02,1456.96,32025.37,0.65,0.367,32,34,5,0.0823,4,0.0627,0.167,0.344,39,70,5.93,14.34,0.385,11015.37,0.406,26.05
UPI01926,Bengaluru,iOS,Minimum,16,1-2y,21,5.65,110,391.16,1260.87,44806.24,0.598,0.442,52,52,1,0.0194,1,0.0159,0.079,0.283,92,114,3.53,8.11,0.431,25034.39,0.369,23.33
UPI01927,Delhi,Android,Full,22,1-2y,21,5.09,94,200.37,510.29,17327.19,0.553,0.423,43,52,7,0.0868,1,0.011,0.166,0.251,74,182,6.08,5.8,0.392,4368.7,0.319,43.06
UPI01928,Mumbai,Android,Full,30,2y+,13,4.25,43,881.08,1837.45,43185.62,0.855,0.124,26,16,2,0.0527,1,0.0241,0.1,0.38,46,72,6.81,15.12,0.375,30308.69,0.488,17.12
UPI01929,Delhi,iOS,Full,21,1-2y,8,7.42,48,441.42,1387.5,19327.06,0.3,0.739,6,37,18,0.35,2,0.0429,0.722,0.559,25,72,9.79,18.67,0.641,9545.36,0.248,100
UPI01930,Pune,Android,Full,1,0-6m,26,8.24,209,1060.77,2774.52,248800.98,0.801,0.183,142,64,5,0.0295,3,0.0167,0.162,0.255,69,143,7.64,1.98,0.199,156224.36,0.368,33.71
UPI01931,Kolkata,iOS,Minimum,17,1-2y,23,6.34,155,106.97,226.84,14048.63,0.581,0.448,75,81,9,0.0715,3,0.0228,0.204,0.356,90,136,4.06,4.8,0.376,3193.16,0.309,41.43
UPI01932,Ahmedabad,Android,Minimum,2,0-6m,20,2.59,23,1532.08,5166.01,28901.02,0.601,0.427,18,8,2,0.0879,1,0.0476,0.123,0.198,30,56,2.82,29.88,0.27,8057.21,0.396,39.41
UPI01933,Chennai,Android,Full,29,2y+,19,2.86,61,3624.94,6686.11,193900.89,0.75,0.302,46,11,3,0.0556,0,0.0078,0.036,0.182,32,37,2.69,14.1,0.16,130217.41,0.329,17.98
UPI01934,Ahmedabad,iOS,Full,23,1-2y,31,4.92,102,692.6,1150.39,76406.19,0.699,0.258,80,21,5,0.0631,0,0.001,0.146,0.305,70,77,5.6,4.58,0.274,45627.9,0.417,14.67
UPI01935,Delhi,Android,Full,11,6-12m,26,6.29,142,279.37,695.19,37759.96,0.614,0.361,70,81,2,0.0218,0,0.0057,0.211,0.305,71,127,7.2,7.26,0.395,6420.08,0.325,18.44
UPI01936,Mumbai,Android,Full,17,1-2y,4,1.59,7,262.22,587.74,2152.09,0.378,0.647,0,7,3,0.35,0,0.0013,0.062,0.374,8,9,3.64,102.66,0.301,682.29,0.319,75.13
UPI01937,Chennai,Android,Minimum,19,1-2y,2,1.11,1,526.18,1738.59,433.32,0.552,0.44,0,1,2,0.35,2,0.2,0.121,0.303,3,3,3.34,250,0.284,577.58,0.315,98.65
UPI01938,Ahmedabad,Android,Full,18,1-2y,14,3.44,37,3007.55,9508.88,125608.72,0.631,0.398,16,17,2,0.0552,2,0.0602,0.057,0.302,30,35,3.31,20.16,0.495,16385.14,0.409,30.05
UPI01939,Chennai,Android,Minimum,13,1-2y,14,4.43,54,251.28,672.6,11683.44,0.836,0.189,45,6,5,0.0938,2,0.0413,0.115,0.394,31,41,7.71,19.05,0.251,1344.23,0.419,36.44
UPI01940,Delhi,Android,Full,9,6-12m,16,4.44,68,505.28,1740.05,34098.43,0.573,0.437,39,28,4,0.0684,0,0.0044,0.123,0.271,37,72,4.63,12.43,0.462,14429.43,0.313,35.04
UPI01941,Ahmedabad,Android,Premium,28,2y+,15,2.91,32,310.67,963.82,9864.36,0.666,0.333,16,16,0,0.0119,1,0.0371,0.063,0.243,37,67,5.72,25.35,0.474,4554.88,0.342,6.54
UPI01942,Bengaluru,Android,Full,2,0-6m,14,3.76,44,1496.63,2788.22,76116.66,0.806,0.241,31,16,0,0.0041,1,0.0299,0.166,0.37,29,49,4.22,20.81,0.299,51030.18,0.373,16.02
UPI01943,Pune,Android,Full,16,1-2y,23,6.03,153,218.46,814.37,27615.45,0.654,0.33,85,64,5,0.0335,0,0.0083,0.188,0.377,82,201,4.03,2.04,0.577,5041.05,0.417,33.06
UPI01944,Delhi,Android,Premium,9,6-12m,23,8.31,176,209.82,672.24,36710.18,0.504,0.449,63,114,1,0.0134,4,0.0274,0.171,0.275,67,103,5.31,6.42,0.138,22682.41,0.262,32.46
UPI01945,Bengaluru,Android,Minimum,7,6-12m,18,6.64,109,20,59.37,1889.97,0.532,0.446,47,62,4,0.0395,0,0.0026,0.101,0.381,66,119,3.35,6.48,0.214,2059.43,0.39,29.15
UPI01946,Delhi,Android,Full,10,6-12m,24,3.09,59,105.85,426.79,5169.57,0.5,0.484,14,39,1,0.026,1,0.0175,0.128,0.313,66,145,6.33,14.26,0.649,3265.73,0.312,15.18
UPI01947,Bengaluru,Android,Premium,10,6-12m,8,1.69,11,262.76,703.91,3328.9,0.458,0.621,1,3,3,0.2848,0,0.0086,0.141,0.235,8,14,5.85,61.34,0.308,50,0.294,59.05
UPI01948,Chennai,Android,Premium,12,6-12m,16,6.8,105,298.71,581.78,27559.93,0.665,0.374,63,43,4,0.0504,2,0.0199,0.159,0.391,56,120,6.16,8.4,0.151,19997.03,0.32,43.38
UPI01949,Chennai,iOS,Minimum,14,1-2y,13,3.06,39,3302.81,10910.87,110196.12,0.388,0.618,16,23,17,0.35,8,0.2,0.649,0.634,34,73,10.9,22.01,0.721,58801.62,0.288,100
UPI01950,Ahmedabad,Android,Minimum,32,2y+,19,4.42,74,123.77,345.89,10794.4,0.689,0.325,50,25,5,0.0752,0,0.0009,0.208,0.381,49,116,3.14,7.05,0.407,4716.81,0.377,42.94
UPI01951,Kolkata,Android,Minimum,7,6-12m,13,3.79,48,484.45,1289.66,23718.78,0.539,0.423,11,41,3,0.0638,3,0.0639,0.167,0.222,19,33,6.03,10.27,0.372,3677.01,0.308,24.43
UPI01952,Pune,Android,Premium,42,2y+,26,5.27,142,695.39,1853.72,114667.59,0.466,0.56,49,92,0,0.0084,1,0.0097,0.14,0.218,71,85,5.09,6.57,0.331,82657.69,0.261,23.73
UPI01953,Delhi,Android,Full,14,1-2y,18,3.36,39,462.34,974.62,19471.89,0.478,0.563,10,29,1,0.037,2,0.0597,0.115,0.259,40,69,1.83,21.68,0.281,4044.71,0.36,25.09
UPI01954,Hyderabad,Android,Full,11,6-12m,22,3.97,98,5753.7,13696.73,620781.37,0.551,0.454,50,52,0,0.0119,3,0.0403,0.17,0.199,31,42,4.56,6.74,0.058,320451.53,0.332,20.81
UPI01955,Bengaluru,Android,Full,11,6-12m,13,2.34,15,630.09,1833.76,10330.57,0.564,0.439,13,1,4,0.2778,1,0.0749,0.055,0.375,34,65,3.1,47.39,0.404,3258.76,0.316,84.24
UPI01956,Kolkata,Android,Minimum,20,1-2y,7,1.52,8,739.27,2152.52,6615.73,0.554,0.492,7,0,3,0.35,0,0.0025,0.118,0.456,13,14,2.69,89.47,0.433,6193.24,0.307,78.24
UPI01957,Chennai,Android,Full,1,0-6m,23,8.57,195,292.94,977.49,53741.45,0.56,0.474,79,117,2,0.0144,0,0.0056,0.14,0.389,90,162,7.59,3.15,0.521,27050.93,0.405,33.11
UPI01958,Kolkata,iOS,Full,24,1-2y,8,0.33,1,256.61,743.87,232.1,0.35,0.667,1,0,0,0.0013,0,0.0096,0.038,0.358,12,13,4.55,250,0.334,50,0.327,16.25
UPI01959,Ahmedabad,iOS,Full,22,1-2y,17,3.29,71,3824.48,8464.4,315721.93,0.589,0.421,40,32,4,0.0649,1,0.0186,0.081,0.224,40,63,6.57,7.38,0.182,162387.96,0.379,27.87
UPI01960,Bengaluru,Android,Full,21,1-2y,17,3.24,34,576.59,1056.51,19595.41,0.819,0.171,19,15,0,0.0013,0,0.0094,0.125,0.379,31,48,3.44,20.13,0.322,5905.52,0.402,11.25
UPI01961,Pune,Android,Minimum,15,1-2y,18,0.5,44,786.82,2826.28,38088.94,0.493,0.518,20,22,17,0.35,9,0.2,0.453,0.516,72,179,8.41,14.61,0.6,10528.1,0.3,100
UPI01962,Ahmedabad,iOS,Full,5,0-6m,24,7.85,127,213.36,709.3,25402.25,0.626,0.332,54,75,8,0.0721,2,0.0186,0.086,0.389,55,67,7.9,7.47,0.598,6902.82,0.351,45.5
UPI01963,Pune,iOS,Full,31,2y+,26,6.29,166,138.83,325.1,19701.09,0.696,0.27,101,60,5,0.0329,1,0.0107,0.212,0.388,75,177,6.42,6.39,0.303,5170.59,0.43,33.84
UPI01964,Hyderabad,Android,Full,24,1-2y,11,4.31,42,283.77,611.01,10709.51,0.503,0.531,14,30,0,0.0106,1,0.0269,0.153,0.317,37,52,5.11,18.58,0.181,6681.07,0.274,17.83
UPI01965,Pune,iOS,Minimum,27,2y+,16,4.13,61,635.01,1134.48,32246.63,0.589,0.439,30,30,0,0.0034,2,0.0386,0.055,0.399,22,43,6.49,13.19,0.075,27404.42,0.398,13.2
UPI01966,Hyderabad,Android,Minimum,37,2y+,2,1.29,1,460.03,1003.04,423.42,0.388,0.67,1,1,0,0.0024,2,0.2,0.116,0.219,3,3,6.24,250,0.312,50,0.21,39.23
UPI01967,Kolkata,Android,Premium,24,1-2y,6,1.38,3,341.7,540.53,1163.37,0.451,0.473,0,2,1,0.3453,0,0.0026,0.137,0.486,10,17,6.41,241.27,0.236,1022.73,0.307,74.49
UPI01968,Delhi,Android,Premium,16,1-2y,13,3.09,36,802.22,1514.58,27344.67,0.958,0.048,26,20,1,0.0344,3,0.0862,0.041,0.222,39,49,3.24,22.69,0.224,3442.66,0.404,15.87
UPI01969,Bengaluru,Android,Full,22,1-2y,6,1.63,8,666.19,3110.65,5165.57,0.556,0.488,7,0,0,0.0073,1,0.1258,0.032,0.492,5,6,2.73,89.27,0.67,50,0.407,22.76
UPI01970,Mumbai,iOS,Minimum,4,0-6m,23,5.66,97,196.83,648.32,20548.71,0.578,0.453,39,60,5,0.0544,0,0.004,0.208,0.319,62,78,3.87,5.64,0.286,4768.49,0.314,33.61
UPI01971,Mumbai,iOS,Full,1,0-6m,22,3.03,87,911.43,2110.62,84007.28,0.462,0.526,44,46,4,0.0584,2,0.0297,0.136,0.418,60,67,4.34,7.94,0.282,26222.77,0.335,41.91
UPI01972,Chennai,Android,Full,24,1-2y,4,1.8,4,399.61,1149.08,1771.72,0.405,0.596,0,4,0,0.0121,2,0.2,0.042,0.457,4,6,4.03,181.67,0.377,50,0.268,40.84
UPI01973,Hyderabad,Android,Full,23,1-2y,19,3.26,64,5867.78,18589.06,316799.66,0.756,0.203,43,24,5,0.0821,0,0.0044,0.078,0.257,44,52,3.21,10.36,0.383,118315.19,0.407,28.04
UPI01974,Pune,Android,Full,17,1-2y,28,6.97,174,122.36,303.01,21419.61,0.503,0.482,53,122,4,0.0304,0,0.004,0.077,0.224,114,171,6.19,3.11,0.145,18302.68,0.302,20.91
UPI01975,Ahmedabad,Android,Minimum,15,1-2y,18,4.23,55,427.52,1106.27,27684.21,0.716,0.289,34,24,5,0.0932,3,0.0628,0.179,0.333,40,62,5.96,9.47,0.304,20410.9,0.364,39.31
UPI01976,Pune,Android,Minimum,16,1-2y,14,7.05,87,1887.22,4897.2,193380.94,0.227,0.838,16,73,15,0.184,11,0.1353,0.321,0.55,53,105,7.6,10.38,0.465,74502.91,0.221,80.23
UPI01977,Chennai,Android,Premium,4,0-6m,27,7.09,175,261.07,732.25,52570.36,0.573,0.414,97,80,6,0.0415,0,0.009,0.181,0.257,110,218,9.85,4.84,0.18,31781.15,0.285,27.48
UPI01978,Bengaluru,iOS,Full,11,6-12m,30,6.67,216,214.13,535.95,49661.46,0.543,0.482,115,98,3,0.0287,4,0.0194,0.191,0.285,103,225,5.2,3.86,0.125,20959.05,0.366,27.75
UPI01979,Mumbai,Android,Premium,23,1-2y,21,4.56,86,529.01,1466.24,44919.92,0.695,0.291,48,43,7,0.0861,1,0.0207,0.106,0.405,48,66,6.84,6.52,0.47,27167.11,0.433,20.14
UPI01980,Bengaluru,Android,Minimum,27,2y+,1,1.3,1,541.34,1125.64,624.73,0.543,0.405,1,0,2,0.35,1,0.2,0.093,0.289,7,7,3.39,250,0.382,50,0.313,95.3
UPI01981,Kolkata,Android,Premium,19,1-2y,27,4.97,122,491.66,1373.65,61464.52,0.636,0.362,39,86,3,0.0287,1,0.0111,0.14,0.212,67,91,3.2,6.55,0.357,13495.77,0.307,13.47
UPI01982,Ahmedabad,Android,Full,4,0-6m,20,12.98,273,3189.53,7625.34,844171.6,0.421,0.631,75,202,18,0.0875,3,0.0157,0.659,0.688,51,94,4.44,2.12,0.375,310861.21,0.415,71.7
UPI01983,Delhi,Android,Full,17,1-2y,19,3.75,70,3709.76,12866.91,225655.44,0.714,0.327,47,22,2,0.0383,2,0.0318,0.082,0.363,34,59,4.02,9.22,0.367,33650.48,0.36,30.47
UPI01984,Ahmedabad,Android,Full,23,1-2y,4,1.77,8,234.26,610.46,1837.11,0.648,0.421,3,3,1,0.1277,0,0.0065,0.073,0.413,9,9,5.37,92.07,0.372,831.95,0.375,38.71
UPI01985,Pune,Android,Minimum,17,1-2y,15,3.31,43,440.31,1294.08,16042.82,0.663,0.347,21,16,3,0.0732,2,0.0515,0.165,0.365,31,38,4.49,19.09,0.332,2642.97,0.443,26.19
UPI01986,Chennai,Android,Full,1,0-6m,9,0.95,8,142.09,412.97,987.06,0.301,0.738,0,7,1,0.1331,0,0.0033,0.09,0.228,13,22,3.24,83.45,0.365,2328.28,0.239,43.92
UPI01987,Delhi,Android,Full,16,1-2y,14,1.99,37,4282.92,13142.33,167252.31,0.696,0.284,19,14,7,0.1996,2,0.0547,0.079,0.25,21,37,5.65,19.88,0.586,102384.46,0.394,44.43
UPI01988,Bengaluru,Android,Full,18,1-2y,18,6.54,112,60.84,161.48,7818.48,0.554,0.484,57,49,2,0.0316,1,0.0137,0.061,0.304,38,91,3.3,7.72,0.363,3918.72,0.337,24.04
UPI01989,Mumbai,Android,Full,18,1-2y,20,4.74,102,139.0,414.62,15903.52,0.659,0.303,48,45,0,0.0077,3,0.031,0.172,0.251,57,89,5.54,4.78,0.343,3221.05,0.351,13.74
UPI01990,Kolkata,iOS,Full,6,0-6m,15,3.65,74,1016.32,1967.82,62205.28,0.791,0.207,43,31,4,0.0549,1,0.0143,0.081,0.255,34,59,7.39,12.7,0.215,37991.49,0.327,34.46
UPI01991,Ahmedabad,Android,Full,12,6-12m,17,3.1,45,2457.01,8191.77,92658.76,0.811,0.198,29,18,2,0.0453,2,0.0518,0.107,0.245,39,54,4.76,15.33,0.492,44539.8,0.369,23.49
UPI01992,Bengaluru,iOS,Full,20,1-2y,20,1.82,60,3868.63,8874.5,208969.36,0.651,0.35,36,22,3,0.0616,1,0.0186,0.075,0.367,30,41,4.16,19.77,0.509,70957.64,0.426,23.9
UPI01993,Mumbai,Android,Full,1,0-6m,17,3.48,51,140.13,391.16,6249.56,0.492,0.467,22,28,2,0.0421,0,0.003,0.092,0.39,49,54,4.64,17.01,0.157,2114.4,0.301,23.81
UPI01994,Chennai,Android,Minimum,22,1-2y,5,1.23,1,656.32,2079.99,773.06,0.48,0.522,0,1,1,0.35,0,0.0009,0.063,0.316,10,11,4.77,250,0.416,50,0.324,80.49
UPI01995,Bengaluru,Android,Minimum,26,2y+,18,5.06,98,317.14,875.15,28298.46,0.61,0.398,56,40,7,0.0727,2,0.024,0.119,0.221,62,149,3.98,6.07,0.238,12850.83,0.369,20.27
UPI01996,Bengaluru,Android,Minimum,1,0-6m,5,0.43,2,530.64,1615.81,879.41,0.455,0.623,2,1,3,0.35,0,0.0014,0.056,0.371,5,5,3.29,250,0.364,1724.98,0.271,90.27
UPI01997,Bengaluru,Android,Minimum,24,1-2y,18,5.12,122,925.4,3139.56,120776.86,0.719,0.252,72,50,2,0.0266,0,0.0086,0.041,0.307,39,63,4.49,5.54,0.332,63355.43,0.423,5.25
UPI01998,Delhi,Android,Full,10,6-12m,25,6.83,192,294.43,857.43,51748.15,0.58,0.384,73,117,7,0.0441,3,0.0196,0.072,0.239,67,87,6.45,3.53,0.359,19266.15,0.33,15.58
UPI01999,Kolkata,Android,Premium,12,6-12m,24,6.89,192,882.65,1814.76,180515.07,0.944,0.031,130,65,5,0.0306,6,0.041,0.171,0.219,58,119,2.72,0.2,0.225,34147.5,0.38,34.63
UPI02000,Ahmedabad,Android,Full,19,1-2y,24,6.44,200,357.43,654.28,78535.34,0.524,0.519,75,125,1,0.0161,1,0.0093,0.088,0.381,77,170,4.47,3.07,0.064,52334.59,0.319,28.07
UPI02001,Delhi,iOS,Full,1,0-6m,31,9.01,323,270.43,858.82,95920.74,0.6,0.385,127,196,0,0.0071,1,0.008,0.174,0.273,77,103,1.5,2.55,0.493,47676.56,0.264,39.82
UPI02002,Delhi,Android,Minimum,1,0-6m,6,1.21,5,146.04,451.86,787.86,0.394,0.579,4,5,3,0.35,0,0.0045,0.105,0.466,11,11,3.76,146.61,0.671,482.09,0.307,86.64
UPI02003,Kolkata,iOS,Full,21,1-2y,31,9.05,259,141.94,216.58,38737.03,0.634,0.409,159,99,1,0.014,0,0.0021,0.135,0.381,86,125,8.87,2.43,0.33,23259.39,0.392,29.6
UPI02004,Kolkata,Android,Minimum,33,2y+,22,6.47,153,3140.91,9821.01,448791.17,0.338,0.647,56,97,12,0.0859,1,0.008,0.296,0.386,101,278,11.94,6.97,0.606,101978.24,0.232,34.39
UPI02005,Kolkata,iOS,Minimum,21,1-2y,19,0.85,28,912.53,2826.41,24284.83,0.658,0.293,13,13,0,0.0137,0,0.0034,0.149,0.363,30,36,6.89,27.96,0.306,9260.77,0.402,10.21
UPI02006,Chennai,Android,Premium,8,6-12m,20,4.04,92,3561.58,9507.9,276261.67,0.656,0.347,31,58,3,0.0347,0,0.0021,0.154,0.284,34,64,4.46,10.11,0.485,134039.06,0.332,22.16
UPI02007,Hyderabad,iOS,Full,34,2y+,16,2.25,34,427.8,1243.9,14523.36,0.87,0.138,23,6,5,0.1533,2,0.0686,0.143,0.342,39,80,4.21,22.72,0.32,10126.62,0.496,32.65
UPI02008,Pune,Android,Full,14,1-2y,1,1.41,2,373.51,829.79,682.86,0.588,0.458,0,2,2,0.35,0,0.0055,0.028,0.398,2,3,5.92,250,0.137,50,0.382,63.51
UPI02009,Pune,Android,Premium,8,6-12m,26,9.87,247,20,48.76,4347.25,0.516,0.457,116,128,3,0.0272,1,0.014,0.119,0.398,92,199,5.31,2.25,0.173,1885.52,0.331,39.27
UPI02010,Delhi,iOS,Minimum,25,2y+,23,1.74,38,464.06,1081.46,18760.07,0.693,0.288,18,24,4,0.1072,1,0.0318,0.046,0.226,67,123,4.41,16.42,0.166,11022.46,0.393,16.97
UPI02011,Hyderabad,Android,Minimum,23,1-2y,4,1.19,3,159.09,261.4,393.88,0.3,0.687,2,2,3,0.35,1,0.2,0.031,0.36,8,9,4.33,243.88,0.167,50,0.262,97.46
UPI02012,Kolkata,Android,Full,21,1-2y,12,4.26,63,2533.63,4786.43,172498.87,0.559,0.463,28,38,4,0.0641,2,0.0373,0.143,0.295,24,45,4.64,12.1,0.387,47308.05,0.295,26.9
UPI02013,Pune,Android,Full,6,0-6m,23,2.46,69,4804.05,10537.2,375311.9,0.785,0.224,37,32,1,0.0298,0,0.0042,0.176,0.287,49,70,5.46,9.53,0.322,129808.07,0.413,28.84
UPI02014,Mumbai,Android,Full,10,6-12m,21,4.25,84,642.93,1317.01,63064.57,0.543,0.434,45,43,5,0.0731,2,0.0308,0.112,0.361,44,82,6.28,11.23,0.091,23817.17,0.325,41.3
UPI02015,Kolkata,iOS,Full,19,1-2y,22,3.65,98,1245.71,1864.79,100434.83,0.911,0.109,82,14,2,0.0255,5,0.0559,0.152,0.417,42,77,3.37,10.31,0.229,22053.57,0.435,17.57
UPI02016,Hyderabad,iOS,Full,15,1-2y,6,1.51,11,20,54.69,255.77,0.628,0.402,11,0,1,0.097,0,0.0063,0.105,0.359,6,6,4.58,62.95,0.454,50,0.35,25.18
UPI02017,Hyderabad,Android,Full,38,2y+,21,3.71,95,487.71,1421.31,54436.79,0.534,0.418,47,48,1,0.0112,0,0.0007,0.135,0.244,57,98,4.27,12.03,0.432,29758.4,0.378,12.95
UPI02018,Bengaluru,Android,Minimum,13,1-2y,12,2.78,37,2771.53,10484.14,118001.09,0.623,0.39,21,16,6,0.1733,2,0.0559,0.161,0.302,13,21,5.38,19.86,0.465,46073.94,0.295,46.39
UPI02019,Ahmedabad,Android,Premium,11,6-12m,26,8.58,245,197.19,494.8,51519.77,0.587,0.46,106,138,7,0.0291,1,0.0103,0.116,0.277,79,167,4.66,3.81,0.261,8112.98,0.38,33.52
UPI02020,Chennai,Android,Full,29,2y+,18,0.7,33,771.92,1713.06,25741.29,0.52,0.435,11,18,1,0.0411,1,0.0349,0.05,0.203,39,55,3.75,17.52,0.272,17769.89,0.345,17.39
UPI02021,Ahmedabad,Android,Minimum,15,1-2y,21,5.96,100,844.36,2642.11,93138.77,0.942,0.066,66,38,2,0.0205,3,0.0395,0.086,0.4,56,81,7.21,13.02,0.373,43807.98,0.544,16.24
UPI02022,Ahmedabad,Android,Full,4,0-6m,3,1.92,3,687.72,2169.41,1935.3,0.315,0.648,0,0,0,0.0012,1,0.2,0.099,0.191,2,3,5.45,240.25,0.592,50,0.229,43.1
UPI02023,Bengaluru,Android,Minimum,16,1-2y,19,7.87,143,61.49,158.74,9385.8,0.591,0.382,77,60,4,0.0423,0,0.0016,0.089,0.34,79,174,4.03,4.49,0.623,3063.78,0.35,8.58
UPI02024,Kolkata,Android,Full,17,1-2y,15,2.99,29,437.07,831.89,13094.38,0.631,0.361,13,16,5,0.1815,0,0.0058,0.136,0.288,23,30,5.62,22.06,0.269,3820.69,0.397,45.56
UPI02025,Delhi,Android,Full,19,1-2y,16,3.22,31,804.21,2141.39,23315.49,0.564,0.461,25,6,6,0.2051,0,0.0051,0.064,0.347,48,90,3.15,23.91,0.377,14674.31,0.307,48.03
UPI02026,Mumbai,Android,Minimum,35,2y+,20,4.81,89,1998.89,5108.88,196616.84,0.712,0.254,45,38,4,0.0555,1,0.0171,0.158,0.203,53,97,2.22,10.53,0.365,41225.01,0.324,26.03
UPI02027,Mumbai,iOS,Premium,22,1-2y,7,0.41,1,337.77,859.71,339.21,0.522,0.454,0,0,2,0.35,0,0.0005,0.026,0.278,15,26,2.85,250,0.147,1478.98,0.294,67.61
UPI02028,Bengaluru,Android,Full,14,1-2y,24,1.92,64,726.02,2002.82,52684.03,0.527,0.508,28,36,0,0.0143,3,0.0508,0.153,0.217,60,83,4.04,10.25,0.408,28003.53,0.334,27.93
UPI02029,Delhi,Android,Premium,7,6-12m,8,12.84,98,40,142.06,3512.21,0.428,0.562,33,60,23,0.2527,8,0.0839,0.436,0.602,24,36,12.99,5.13,0.734,1441.84,0.408,86.61
UPI02030,Mumbai,Android,Full,13,1-2y,4,0.5,1,564.67,1547.66,605.43,0.294,0.686,0,0,18,0.35,6,0.2,0.41,0.448,13,25,3.91,250,0.601,639.35,0.214,98.7
UPI02031,Hyderabad,Android,Full,16,1-2y,16,2.68,58,1712.87,4776.33,93997.43,0.628,0.345,24,40,4,0.0761,0,0.0064,0.1,0.296,32,37,3.56,17.14,0.273,28877.55,0.418,18.57
UPI02032,Delhi,Android,Premium,12,6-12m,24,5.54,134,374.58,536.21,54113.28,0.648,0.314,70,62,4,0.0335,1,0.0096,0.051,0.243,43,80,4.04,4.67,0.289,28115.07,0.32,11.38
UPI02033,Mumbai,Android,Full,21,1-2y,19,4.49,90,2904.07,7160.0,305774.69,0.795,0.26,72,19,4,0.0559,0,0.006,0.05,0.349,50,83,5.26,3.15,0.347,159479.66,0.382,25.63
UPI02034,Bengaluru,iOS,Minimum,3,0-6m,22,2.32,44,355.6,1012.57,16181.28,0.573,0.448,18,26,4,0.0918,1,0.0314,0.081,0.211,44,87,8.34,18.93,0.164,8121.58,0.343,43.94
UPI02035,Chennai,Android,Minimum,25,2y+,19,3.72,56,1389.61,3594.25,81087.34,0.745,0.28,36,19,0,0.0019,0,0.0091,0.096,0.236,36,41,4.59,10.74,0.461,49642.62,0.36,21.44
UPI02036,Kolkata,Android,Full,12,6-12m,3,0.84,2,274.38,729.23,602.21,0.431,0.646,0,2,5,0.35,0,0.0056,0.092,0.205,6,6,5.87,250,0.507,50,0.282,81.87
UPI02037,Delhi,Android,Minimum,26,2y+,18,12.85,230,3125.44,8518.44,815972.77,0.406,0.671,80,147,17,0.0946,11,0.0577,0.614,0.517,71,187,7.91,3.11,0.543,344495.39,0.329,73.04
UPI02038,Kolkata,Android,Minimum,18,1-2y,19,8.33,182,4130.87,10536.66,868849.19,0.284,0.681,47,139,17,0.1084,9,0.0504,0.671,0.535,91,164,7.8,5.27,0.631,350000,0.204,75.73
UPI02039,Chennai,Android,Full,13,1-2y,23,4.83,85,260.51,503.58,18861.65,0.678,0.325,42,43,9,0.1076,3,0.0447,0.153,0.329,53,122,4.18,7.2,0.432,14650.49,0.381,49.25
UPI02040,Chennai,iOS,Full,28,2y+,13,2.27,20,3466.51,8218.72,69686.63,0.773,0.208,6,14,1,0.0556,0,0.0005,0.103,0.349,26,29,7.28,30.18,0.334,33016.36,0.396,22.2
UPI02041,Mumbai,Android,Full,5,0-6m,18,4.32,101,995.09,3110.79,93828.85,0.883,0.112,85,15,0,0.0066,3,0.0307,0.158,0.334,57,72,4.51,6.74,0.389,60111.3,0.448,15.44
UPI02042,Delhi,iOS,Premium,11,6-12m,22,3.9,89,1549.85,5311.0,122074.84,0.61,0.374,57,33,1,0.0254,0,0.0072,0.048,0.249,34,39,4.17,6.31,0.296,19386.03,0.284,19.79
UPI02043,Hyderabad,Android,Full,27,2y+,7,0.63,1,816.35,2097.29,777.12,0.385,0.622,0,0,1,0.35,0,0.0086,0.134,0.444,12,13,6.9,250,0.23,50,0.345,67.56
UPI02044,Delhi,Android,Full,17,1-2y,2,1.11,3,465.85,1407.15,1520.93,0.591,0.468,3,0,1,0.3371,3,0.2,0.057,0.336,6,10,2.17,237.94,0.36,1336.61,0.318,92.4
UPI02045,Kolkata,Android,Minimum,20,1-2y,22,1.55,45,541.64,1120.49,20839.8,0.819,0.182,29,16,6,0.1465,2,0.0458,0.168,0.371,62,85,4.56,18.99,0.382,9791.39,0.438,37.25
UPI02046,Delhi,iOS,Minimum,1,0-6m,28,9.24,241,134.77,340.97,28296.67,0.645,0.344,149,93,2,0.0177,1,0.009,0.167,0.321,109,239,7.19,0.37,0.304,8425.28,0.306,33.41
UPI02047,Chennai,Android,Minimum,28,2y+,25,3.3,64,2559.98,6575.25,160482.19,0.602,0.395,37,27,2,0.0388,2,0.0369,0.095,0.2,52,78,4.6,12.03,0.19,25227.29,0.386,9.65
UPI02048,Kolkata,iOS,Full,2,0-6m,28,9.2,263,40,143.1,10696.96,0.578,0.305,146,118,6,0.0341,3,0.0207,0.369,0.504,130,340,1,0.2,0.826,934.17,0.367,44.8
UPI02049,Bengaluru,Android,Minimum,6,0-6m,26,4.22,113,1078.51,3131.06,129085.16,0.807,0.217,88,23,3,0.0312,2,0.0179,0.176,0.348,62,86,3.92,8.03,0.542,96531.24,0.369,20.29
UPI02050,Hyderabad,Android,Full,29,2y+,14,7.09,107,460.54,934.91,47896.39,0.807,0.217,77,25,5,0.0505,3,0.0348,0.184,0.36,38,51,5.16,6.99,0.219,16911.68,0.403,36.17
UPI02051,Delhi,Android,Full,22,1-2y,19,2.66,50,538.11,2112.79,30372.24,0.514,0.438,14,36,0,0.0073,1,0.0253,0.148,0.392,27,38,6.84,13.77,0.506,7419.99,0.344,26.0
UPI02052,Bengaluru,Android,Full,24,1-2y,7,0.42,1,715.64,1372.03,695.16,0.358,0.569,1,0,0,0.0036,0,0.0009,0.134,0.508,15,16,3.45,250,0.116,50,0.356,25.26
UPI02053,Hyderabad,Android,Full,21,1-2y,7,0.65,6,397.72,884.02,2311.6,0.395,0.678,0,6,1,0.1689,0,0.0091,0.052,0.298,10,16,5.02,119.93,0.154,50,0.329,42.36
UPI02054,Mumbai,Android,Full,12,6-12m,30,1.71,71,60,211.54,4351.28,0.915,0.065,63,8,4,0.0567,0,0.0042,0.113,0.375,85,160,5.95,7.39,0.564,2926.75,0.427,18.36
UPI02055,Mumbai,Android,Premium,26,2y+,21,3.84,95,1453.49,2318.94,128998.12,0.623,0.39,47,48,0,0.0098,0,0.0022,0.138,0.28,35,48,2.62,5.82,0.3,31407.58,0.277,4.91
UPI02056,Delhi,Android,Full,30,2y+,23,6.69,149,146.65,379.78,24225.23,0.482,0.482,46,96,4,0.0333,0,0.0078,0.172,0.354,54,75,10.21,8.71,0.376,12116.99,0.302,29.43
UPI02057,Mumbai,Android,Full,15,1-2y,18,4.79,82,220.62,566.63,18943.13,0.684,0.317,35,44,11,0.1401,0,0.001,0.138,0.376,55,132,5.28,10.5,0.63,6992.3,0.451,42.62
UPI02058,Delhi,Android,Full,11,6-12m,19,3.47,79,566.6,1818.93,46354.12,0.651,0.349,38,40,4,0.0579,2,0.0305,0.07,0.257,38,46,5.68,9.9,0.356,16395.58,0.415,22.35
UPI02059,Ahmedabad,Android,Full,21,1-2y,23,7.24,155,755.18,2158.49,132036.47,0.833,0.163,85,72,5,0.0461,2,0.0189,0.161,0.315,60,106,4.3,3.07,0.41,86919.64,0.424,25.46
UPI02060,Hyderabad,Android,Full,13,1-2y,22,3.04,106,3349.59,9850.9,409235.06,0.712,0.286,54,51,3,0.0307,1,0.0114,0.152,0.334,34,62,5.19,4.23,0.145,90455.56,0.393,18.45
UPI02061,Delhi,Android,Premium,23,1-2y,23,2.97,105,1321.22,2793.62,147552.86,0.948,0.06,78,26,5,0.0598,4,0.0448,0.096,0.322,65,116,5.56,4.67,0.35,71054.18,0.496,22.12
UPI02062,Delhi,iOS,Full,11,6-12m,7,4.15,22,2150.78,4188.37,48222.16,0.582,0.407,4,20,4,0.196,0,0.0058,0.124,0.377,10,15,5.64,34.96,0.253,12175.06,0.331,51.89
UPI02063,Ahmedabad,Android,Full,33,2y+,18,3.57,51,432.59,1038.57,24920.01,0.483,0.522,30,22,3,0.0626,0,0.0058,0.064,0.399,39,52,7.04,17.87,0.468,11237.1,0.288,31.11
UPI02064,Hyderabad,iOS,Full,12,6-12m,20,4.57,65,865.03,2136.14,51761.87,0.586,0.426,21,43,5,0.0915,1,0.0222,0.143,0.31,31,41,4.12,4.96,0.219,7709.88,0.38,30.22
UPI02065,Bengaluru,Android,Premium,17,1-2y,5,1.15,4,274.07,588.48,1231.31,0.346,0.693,0,4,0,0.0102,2,0.2,0.052,0.285,10,13,4.87,178.15,0.182,2202.51,0.28,35.7
UPI02066,Ahmedabad,Android,Premium,22,1-2y,14,4.75,83,3846.68,14808.96,376303.62,0.363,0.742,33,48,18,0.2237,5,0.0669,0.382,0.442,57,147,8.91,12.49,0.77,95248.71,0.208,73.47
UPI02067,Chennai,iOS,Full,7,6-12m,23,2.47,58,692.99,1828.78,38490.14,0.572,0.445,29,29,1,0.0272,3,0.0557,0.142,0.415,71,137,5.94,19.63,0.149,19153.45,0.4,12.96
UPI02068,Chennai,Android,Premium,19,1-2y,4,0.5,3,584.23,1096.73,2012.0,0.376,0.559,0,2,0,0.0098,2,0.2,0.089,0.346,2,3,3.87,243.13,0.241,50,0.291,38.2
UPI02069,Mumbai,Android,Full,25,2y+,26,4.23,114,852.07,2824.02,102046.25,0.895,0.107,101,12,3,0.0407,1,0.011,0.095,0.432,70,121,5.35,5.92,0.429,50502.34,0.414,8.84
UPI02070,Kolkata,iOS,Minimum,14,1-2y,13,3.95,47,136.82,434.63,6069.42,0.511,0.37,18,27,15,0.3397,14,0.2,0.628,0.628,47,80,5.2,14.13,0.557,2591.54,0.377,99.42
UPI02071,Mumbai,Android,Minimum,20,1-2y,12,9.99,129,50.04,156.5,5654.35,0.413,0.646,44,83,17,0.1503,8,0.0712,0.742,0.644,52,146,7.63,6.92,0.811,1025.87,0.354,89.42
UPI02072,Chennai,Android,Full,32,2y+,6,0.91,1,802.48,1985.99,933.72,0.566,0.449,1,0,1,0.35,0,0.0013,0.111,0.289,4,4,4.87,250,0.432,295.04,0.352,82.26
UPI02073,Pune,Android,Full,15,1-2y,25,4.68,95,289.58,1000.05,29205.57,0.628,0.353,58,35,6,0.0713,2,0.0307,0.06,0.367,70,96,6.29,13.95,0.619,8169.44,0.312,31.92
UPI02074,Hyderabad,iOS,Full,20,1-2y,21,6.58,156,20.09,62.67,3319.86,0.625,0.368,84,71,4,0.0329,1,0.0082,0.059,0.282,50,69,7.43,3.2,0.542,989.9,0.291,32.35
UPI02075,Pune,Android,Full,32,2y+,11,5.32,57,648.34,1641.18,40623.78,0.898,0.126,32,25,4,0.0783,0,0.0095,0.188,0.365,29,58,5.4,14.38,0.269,26562.14,0.385,39.23
UPI02076,Chennai,Android,Premium,8,6-12m,5,0.82,4,668.05,1262.53,2308.84,0.506,0.57,3,2,0,0.0053,1,0.2,0.132,0.248,5,8,3.64,180.12,0.336,50,0.317,34.21
UPI02077,Delhi,iOS,Minimum,27,2y+,26,5.35,123,728.3,2784.28,104408.72,0.804,0.185,59,61,2,0.0258,1,0.0177,0.081,0.321,81,154,4.09,0.2,0.388,53349.86,0.405,30.06
UPI02078,Chennai,Android,Full,6,0-6m,24,4.76,123,384.28,634.01,47317.6,0.653,0.381,72,51,4,0.0339,2,0.0254,0.073,0.251,63,73,6.06,11.55,0.276,5921.12,0.393,16.94
UPI02079,Delhi,iOS,Full,20,1-2y,8,8.4,72,2307.27,8361.32,182499.71,0.386,0.568,16,52,29,0.35,3,0.0482,0.675,0.437,18,41,5.84,11.78,0.707,98397.9,0.253,98.47
UPI02080,Pune,Android,Full,19,1-2y,18,2.96,75,903.57,2153.93,67081.05,0.658,0.363,39,35,0,0.0091,0,0.0019,0.085,0.329,44,86,3.62,12.52,0.345,15673.34,0.374,14.47
UPI02081,Chennai,iOS,Full,21,1-2y,13,14.29,180,2695.27,9154.44,529556.11,0.363,0.621,72,109,24,0.151,11,0.062,0.457,0.362,51,110,9.68,1.5,0.54,150211.24,0.2,77.45
UPI02082,Ahmedabad,iOS,Minimum,16,1-2y,25,7.79,177,289.18,919.57,52990.49,0.616,0.357,66,107,5,0.0411,3,0.0235,0.103,0.233,68,164,5.58,6.61,0.594,8382.25,0.339,23.01
UPI02083,Hyderabad,Android,Full,18,1-2y,7,1.67,5,117.36,258.73,608.2,0.485,0.569,4,0,0,0.009,0,0.0042,0.042,0.183,10,17,2.93,146.0,0.477,1226.42,0.246,15.67
UPI02084,Hyderabad,Android,Minimum,30,2y+,23,14.98,343,40,116.64,13431.57,0.537,0.398,190,147,11,0.0382,13,0.0475,0.529,0.399,82,126,7.04,4.44,0.653,7157.19,0.379,60.97
UPI02085,Pune,Android,Minimum,19,1-2y,23,7.2,177,102.14,238.6,21074.89,0.545,0.437,61,118,9,0.0571,2,0.0155,0.054,0.336,91,175,5.78,1.48,0.232,7619.51,0.306,24.05
UPI02086,Hyderabad,Android,Full,2,0-6m,13,3.96,58,704.44,2003.47,42507.55,0.564,0.435,25,39,0,0.0096,3,0.0587,0.115,0.413,25,48,3.63,14.61,0.361,14837.65,0.282,38.25
UPI02087,Pune,Android,Full,19,1-2y,23,5.82,126,227.5,662.57,23927.63,0.641,0.374,74,52,5,0.0532,1,0.0163,0.171,0.396,61,100,6.7,4.95,0.7,14739.18,0.376,32.26
UPI02088,Chennai,iOS,Minimum,27,2y+,19,8.67,153,147.5,319.19,25046.82,0.567,0.449,52,105,3,0.0289,3,0.0199,0.176,0.347,53,73,7.41,3.1,0.314,17061.98,0.277,32.02
UPI02089,Ahmedabad,Android,Full,27,2y+,13,1.24,15,195.8,608.81,2497.04,0.418,0.632,4,9,1,0.0748,0,0.0016,0.023,0.283,11,13,2.39,47.41,0.499,4800.35,0.314,23.78
UPI02090,Pune,iOS,Premium,26,2y+,11,0.43,7,443.04,1334.5,2729.26,0.561,0.364,4,5,1,0.1512,0,0.0042,0.147,0.412,10,14,3.94,103.78,0.361,50,0.346,38.83
UPI02091,Pune,Android,Full,29,2y+,14,3.15,23,1398.91,3282.27,29029.16,0.928,0.051,17,5,3,0.1337,0,0.0074,0.104,0.368,29,57,5.27,36.05,0.225,16238.58,0.499,43.58
UPI02092,Ahmedabad,Android,Premium,18,1-2y,25,6.79,172,276.38,595.37,41603.96,0.682,0.284,104,69,6,0.0435,1,0.0084,0.064,0.232,98,124,5.53,3.18,0.395,32292.23,0.377,24.17
UPI02093,Chennai,iOS,Minimum,22,1-2y,18,4.45,93,466.16,1069.02,44596.64,0.868,0.143,42,51,1,0.0138,3,0.0414,0.07,0.376,28,51,5.43,4.16,0.368,4681.91,0.441,19.99
UPI02094,Bengaluru,Android,Minimum,7,6-12m,25,3.1,85,914.7,1947.19,88657.41,0.829,0.192,48,37,4,0.0566,3,0.0422,0.187,0.306,87,140,2.44,9.35,0.449,20594.48,0.427,26.5
UPI02095,Mumbai,Android,Minimum,22,1-2y,24,9.58,253,163.34,507.62,46886.84,0.658,0.39,172,81,11,0.0582,2,0.0123,0.051,0.237,85,164,6.01,0.2,0.117,13024.77,0.292,40.49
UPI02096,Pune,Android,Full,15,1-2y,4,1.36,1,395.34,805.91,370.32,0.569,0.373,1,0,2,0.35,0,0.0065,0.04,0.42,10,12,0.6,250,0.332,1427.63,0.285,62.04
UPI02097,Pune,Android,Full,4,0-6m,23,7.68,158,236.69,715.52,35703.46,0.578,0.387,56,101,10,0.0725,2,0.0138,0.073,0.305,84,142,8.42,8.02,0.594,10105.91,0.305,56.79
UPI02098,Ahmedabad,Android,Full,18,1-2y,7,1.29,6,484.07,1505.27,2803.74,0.601,0.341,2,0,0,0.0025,0,0.0038,0.088,0.479,12,18,3.64,120.17,0.365,4052.94,0.35,18.56
UPI02099,Pune,Android,Minimum,16,1-2y,5,0.55,1,397.68,1238.02,462.15,0.549,0.494,1,0,1,0.35,2,0.2,0.046,0.336,9,12,3.29,250,0.39,50,0.39,97.41
UPI02100,Bengaluru,Android,Full,23,1-2y,25,15.26,403,4166.72,16044.05,900000,0.336,0.61,111,293,15,0.0557,0,0.0096,0.611,0.42,83,135,8.91,1.23,0.564,350000,0.242,65.89
UPI02101,Mumbai,Android,Full,10,6-12m,11,0.58,6,413.32,935.32,2041.32,0.634,0.409,6,0,3,0.35,1,0.1744,0.081,0.474,24,26,2.19,112.63,0.394,156.19,0.321,95.19
UPI02102,Pune,iOS,Full,3,0-6m,17,1.82,12,3063.14,7004.9,32837.11,0.66,0.303,12,0,5,0.35,0,0.0009,0.047,0.274,50,58,4.95,59.15,0.349,24460.68,0.343,79.81
UPI02103,Kolkata,Android,Premium,42,2y+,15,2.63,44,4526.55,6824.13,216744.44,0.558,0.404,9,33,2,0.0582,0,0.0018,0.123,0.247,27,31,3.93,16.94,0.204,57256.98,0.377,23.51
UPI02104,Kolkata,Android,Full,5,0-6m,17,3.99,81,633.27,681.56,56429.99,0.618,0.398,47,35,5,0.0661,0,0.0011,0.063,0.337,47,72,5.07,10.5,0.098,13760.8,0.357,36.13
UPI02105,Kolkata,Android,Minimum,24,1-2y,25,4.31,98,46.47,91.84,4499.2,0.637,0.384,66,31,4,0.0467,0,0.0042,0.084,0.338,79,189,4.18,4.39,0.233,2745.46,0.332,39.17
UPI02106,Pune,Android,Full,28,2y+,23,5.09,111,79.03,206.67,7430.52,0.599,0.389,48,63,4,0.0475,1,0.0163,0.158,0.382,80,155,3.5,7.95,0.376,3237.06,0.281,26.92
UPI02107,Bengaluru,Android,Minimum,19,1-2y,19,4.15,82,952.91,2107.21,81334.95,0.859,0.149,64,17,0,0.0062,1,0.021,0.089,0.265,47,95,4.62,10.46,0.059,24298.94,0.431,27.95
UPI02108,Hyderabad,Android,Full,25,2y+,25,3.22,103,744.24,1442.36,87460.7,0.784,0.197,58,42,4,0.0412,2,0.0276,0.11,0.268,48,91,6.47,6.6,0.357,50390.35,0.342,15.71
UPI02109,Chennai,Android,Full,25,2y+,15,7.02,121,2489.39,8331.39,295556.56,0.415,0.55,39,83,36,0.3068,3,0.0325,0.478,0.667,37,59,11.73,6.51,0.588,82134.44,0.309,98.65
UPI02110,Hyderabad,Android,Premium,17,1-2y,4,0.8,1,556.0,1546.37,622.03,0.339,0.653,0,1,2,0.35,0,0.0024,0.052,0.365,3,5,6.24,250,0.122,50,0.196,83.26
UPI02111,Kolkata,iOS,Full,25,2y+,22,3.79,90,316.63,810.56,27269.08,0.676,0.31,48,40,7,0.0924,1,0.0165,0.149,0.325,42,73,1.12,3.77,0.363,4358.04,0.376,46.0
UPI02112,Bengaluru,Android,Full,13,1-2y,16,1.36,11,3915.13,10190.06,47782.71,0.582,0.368,0,11,3,0.2745,1,0.0935,0.148,0.245,28,49,2.54,68.68,0.516,30057.5,0.395,67.6
UPI02113,Hyderabad,Android,Full,22,1-2y,25,7.79,201,186.02,483.97,32251.71,0.578,0.452,110,87,0,0.0102,0,0.0095,0.17,0.339,76,109,9.9,2.9,0.589,10438.25,0.278,9.05
UPI02114,Pune,Android,Minimum,7,6-12m,11,2.21,29,4334.32,14916.63,142717.22,0.71,0.348,22,7,4,0.1497,0,0.0009,0.166,0.217,21,32,2.54,23.06,0.424,68447.03,0.383,35.69
UPI02115,Pune,iOS,Full,33,2y+,16,3.79,56,1012.44,1688.55,61291.15,0.938,0.077,33,22,7,0.133,5,0.0945,0.072,0.247,39,54,1.17,14.19,0.236,28697.08,0.499,32.24
UPI02116,Mumbai,Android,Full,1,0-6m,18,4.92,85,579.7,1207.83,49672.21,0.829,0.162,67,17,6,0.0779,0,0.0069,0.044,0.366,48,66,4.39,7.16,0.05,22616.07,0.384,28.66
UPI02117,Bengaluru,Android,Minimum,8,6-12m,23,9.45,199,259.21,688.96,54524.16,0.597,0.422,83,112,9,0.0522,2,0.0149,0.211,0.358,51,112,8.56,7.09,0.209,38951.45,0.413,34.3
UPI02118,Chennai,Android,Full,16,1-2y,27,4.01,115,145.57,448.76,15154.79,0.657,0.376,69,49,6,0.0648,0,0.0056,0.112,0.378,93,211,4.23,5.93,0.422,5288.93,0.317,33.86
UPI02119,Pune,Android,Minimum,8,6-12m,20,5.39,123,651.15,1875.75,86694.68,0.95,0.066,99,28,2,0.0197,2,0.0219,0.189,0.25,52,81,6.13,2.61,0.302,32679.78,0.443,20.28
UPI02120,Delhi,iOS,Premium,17,1-2y,20,3.53,63,1336.69,4479.52,94937.77,0.711,0.324,37,29,2,0.0464,2,0.0321,0.145,0.325,39,46,4.04,12.38,0.569,57348.14,0.312,28.44
UPI02121,Mumbai,Android,Premium,20,1-2y,2,0.63,1,801.22,2210.57,692.88,0.424,0.512,1,0,2,0.35,0,0.004,0.106,0.196,5,5,3.58,250,0.403,668.35,0.214,70.12
UPI02122,Ahmedabad,Android,Premium,4,0-6m,20,2.51,30,958.81,2453.86,25991.47,0.798,0.217,19,15,3,0.1008,0,0.0021,0.105,0.336,39,65,3.86,26.93,0.265,13659.84,0.42,36.5
UPI02123,Delhi,iOS,Full,6,0-6m,24,3.83,86,862.64,2874.94,70462.09,0.808,0.215,61,26,6,0.0727,0,0.0029,0.174,0.283,53,69,2.35,10.92,0.352,47926.48,0.425,25.52
UPI02124,Hyderabad,Android,Full,10,6-12m,21,2.45,68,2091.11,4212.41,119769.93,0.683,0.282,32,35,1,0.0292,1,0.0243,0.038,0.21,35,38,2.84,7.57,0.061,21451.09,0.411,18.91
UPI02125,Chennai,iOS,Minimum,27,2y+,19,7.54,142,232.46,646.86,30072.56,0.484,0.525,55,91,2,0.0276,3,0.0252,0.091,0.311,61,108,1,5.0,0.293,19238.34,0.273,27.16
UPI02126,Hyderabad,Android,Minimum,21,1-2y,25,9.89,257,258.58,570.83,67861.56,0.481,0.558,122,133,4,0.0188,2,0.0087,0.195,0.377,60,118,9.91,3.51,0.312,11625.39,0.377,38.93
UPI02127,Kolkata,iOS,Minimum,25,2y+,15,7.93,127,639.42,1567.37,87927.33,0.8,0.199,60,67,3,0.0307,0,0.0069,0.09,0.262,36,53,6.64,7.31,0.264,55014.67,0.45,21.39
UPI02128,Delhi,Android,Premium,9,6-12m,16,4.67,66,533.81,1630.95,33240.1,0.534,0.439,29,38,5,0.0784,0,0.006,0.171,0.23,40,62,6.77,14.72,0.426,20843.43,0.373,33.94
UPI02129,Pune,iOS,Full,23,1-2y,2,1.23,4,990.63,2413.15,3856.38,0.556,0.392,1,4,1,0.2524,0,0.0066,0.113,0.19,5,8,4.58,172.25,0.298,3569.23,0.288,57.3
UPI02130,Hyderabad,iOS,Full,21,1-2y,12,2.85,27,4696.62,18220.86,137517.69,0.677,0.331,15,8,1,0.044,1,0.0433,0.142,0.299,29,53,3.04,27.88,0.453,56913.2,0.319,17.17
UPI02131,Kolkata,iOS,Premium,1,0-6m,22,3.6,77,177.75,413.01,11505.29,0.584,0.465,34,42,4,0.0614,0,0.0018,0.188,0.225,68,129,5.72,8.59,0.278,5163.74,0.269,25.05
UPI02132,Pune,Android,Minimum,7,6-12m,5,0.85,4,491.58,1452.59,1848.85,0.427,0.646,4,1,2,0.35,1,0.2,0.138,0.484,12,16,3.3,181.88,0.482,1834.48,0.371,92.02
UPI02133,Bengaluru,Android,Full,23,1-2y,24,2.5,126,598.63,2029.46,74263.05,0.957,0.044,94,30,3,0.0313,4,0.0321,0.119,0.399,82,150,4.28,5.74,0.504,54510.44,0.544,29.65
UPI02134,Hyderabad,iOS,Full,26,2y+,17,3.93,81,554.11,1693.6,38840.84,0.491,0.462,30,52,1,0.02,1,0.016,0.093,0.398,30,37,6.29,8.64,0.324,3394.68,0.307,14.92
UPI02135,Kolkata,iOS,Full,27,2y+,24,2.48,69,686.2,2589.5,39189.27,0.496,0.52,22,44,2,0.0438,3,0.0514,0.136,0.267,43,49,4.41,10.72,0.575,3809.49,0.323,23.38
UPI02136,Hyderabad,Android,Full,16,1-2y,19,4.12,78,3002.01,9345.19,243461.23,0.6,0.454,46,33,2,0.0281,0,0.0067,0.176,0.252,35,57,5.57,7.76,0.516,141765.94,0.295,27.35
UPI02137,Bengaluru,Android,Full,14,1-2y,21,4.06,155,948.31,2233.82,170502.94,0.659,0.332,101,58,5,0.0449,1,0.0117,0.142,0.259,42,62,2.91,5.73,0.299,77938.21,0.387,29.67
UPI02138,Mumbai,iOS,Full,23,1-2y,20,1.66,63,792.23,3003.57,42252.34,0.945,0.04,54,10,4,0.0652,0,0.0079,0.1,0.298,50,91,5.42,12.79,0.528,30769.33,0.468,24.2
UPI02139,Ahmedabad,Android,Full,7,6-12m,13,3.24,34,699.63,2368.56,20057.8,0.856,0.173,22,13,2,0.0708,4,0.1227,0.108,0.211,35,67,6.51,12.96,0.394,9124.24,0.441,36.28
UPI02140,Kolkata,Android,Minimum,25,2y+,20,6.72,132,181.39,489.76,24015.17,0.644,0.403,59,76,6,0.0485,1,0.0113,0.163,0.389,80,196,6.02,9.55,0.457,3197.21,0.366,29.98
UPI02141,Delhi,iOS,Minimum,12,6-12m,25,7.24,150,271.47,628.27,37921.51,0.528,0.476,59,88,1,0.0147,1,0.012,0.173,0.272,71,158,5.35,5.32,0.369,14835.33,0.383,19.11
UPI02142,Hyderabad,Android,Minimum,29,2y+,31,7.12,177,132.25,398.89,19673.01,0.72,0.273,117,61,1,0.0183,1,0.0114,0.09,0.249,117,154,3.0,4.77,0.358,9535.11,0.343,35.24
UPI02143,Chennai,Android,Full,7,6-12m,25,6.16,178,186.41,558.25,33798.38,0.66,0.345,71,109,4,0.0326,0,0.0,0.218,0.301,85,183,7.97,6.61,0.346,6144.6,0.333,34.36
UPI02144,Delhi,Android,Full,7,6-12m,15,14.31,191,1083.32,3165.97,198715.3,0.578,0.419,102,95,15,0.0927,12,0.0639,0.557,0.376,52,107,10.78,0.99,0.64,34576.07,0.362,67.82
UPI02145,Ahmedabad,iOS,Full,33,2y+,13,2.12,19,4064.37,14190.76,68747.89,0.668,0.313,5,7,2,0.1123,2,0.1103,0.068,0.181,26,43,6.81,39.35,0.548,14950.89,0.35,41.97
UPI02146,Pune,Android,Full,1,0-6m,24,6.48,151,156.23,340.72,27282.01,0.616,0.406,79,70,1,0.0183,1,0.0165,0.109,0.231,61,128,4.27,6.28,0.318,16090.02,0.391,25.89
UPI02147,Ahmedabad,Android,Full,27,2y+,22,0.69,45,3162.47,6410.88,132556.44,0.688,0.321,23,21,2,0.0506,0,0.0057,0.157,0.32,54,63,5.66,14.01,0.313,77350.92,0.365,19.19
UPI02148,Kolkata,Android,Full,11,6-12m,7,0.92,14,743.9,1768.67,10377.4,0.578,0.396,13,4,1,0.0754,0,0.0097,0.138,0.498,13,19,4.88,55.61,0.5,3875.44,0.341,24.81
UPI02149,Chennai,Android,Full,1,0-6m,16,4.76,79,406.18,986.47,34436.73,0.955,0.052,50,29,8,0.1107,0,0.0099,0.136,0.288,37,73,5.81,6.72,0.423,16117.07,0.524,48.7
UPI02150,Chennai,iOS,Full,28,2y+,22,4.0,111,869.43,2403.64,89462.24,0.489,0.476,38,73,3,0.0418,1,0.0136,0.153,0.275,51,101,4.12,10.71,0.317,57315.21,0.34,26.93
UPI02151,Kolkata,Android,Minimum,14,1-2y,26,5.2,168,533.01,1496.3,100101.76,0.812,0.2,144,25,0,0.0131,0,0.0044,0.15,0.379,69,92,5.66,0.2,0.4,21966.52,0.398,14.88
UPI02152,Chennai,iOS,Full,22,1-2y,21,3.44,85,4082.8,10308.45,358064.43,0.763,0.268,49,36,2,0.034,1,0.0204,0.102,0.205,51,85,4.82,7.23,0.22,264373.91,0.326,17.94
UPI02153,Chennai,Android,Full,33,2y+,18,3.28,54,4493.22,13595.14,273685.09,0.559,0.46,24,26,5,0.1014,2,0.047,0.153,0.29,25,38,1.9,11.61,0.268,43804.09,0.3,40.07
UPI02154,Mumbai,Android,Minimum,25,2y+,24,5.03,107,230.96,709.67,23664.92,0.565,0.411,58,51,8,0.0836,0,0.0019,0.075,0.274,75,133,7.96,3.51,0.415,4099.23,0.334,34.66
UPI02155,Mumbai,Android,Minimum,7,6-12m,5,0.69,7,65.78,213.9,389.79,0.306,0.635,0,7,0,0.0065,0,0.0055,0.131,0.228,6,8,4.13,108.59,0.601,2156.69,0.279,22.36
UPI02156,Hyderabad,Android,Full,4,0-6m,16,5.97,98,1562.94,3895.28,129470.08,0.853,0.156,67,34,5,0.0549,2,0.0249,0.065,0.394,42,58,3.82,8.46,0.404,29760.62,0.401,35.64
UPI02157,Bengaluru,Android,Full,16,1-2y,13,5.68,55,2671.18,9155.34,153025.46,0.215,0.715,12,41,18,0.3328,8,0.1535,0.299,0.553,47,119,8.73,12.37,0.832,52240.14,0.235,100
UPI02158,Delhi,iOS,Full,1,0-6m,25,5.3,100,81.98,241.53,7723.59,0.784,0.195,51,47,4,0.0436,2,0.0276,0.071,0.351,51,73,4.83,7.63,0.194,5624.15,0.365,32.17
UPI02159,Hyderabad,Android,Full,22,1-2y,16,2.61,61,1882.93,5008.26,104619.48,0.734,0.264,27,34,3,0.0619,0,0.0072,0.066,0.226,30,48,4.61,14.44,0.461,36612.53,0.389,26.81
UPI02160,Kolkata,iOS,Full,13,1-2y,23,6.46,129,304.82,785.52,32267.54,0.597,0.397,82,38,1,0.0106,2,0.0164,0.141,0.233,64,133,5.07,6.88,0.469,8963.02,0.348,15.5
UPI02161,Pune,Android,Premium,13,1-2y,30,7.13,224,203.5,554.73,46753.02,0.666,0.298,138,86,3,0.0176,0,0.0029,0.155,0.319,91,161,6.13,0.93,0.353,34509.95,0.42,18.88
UPI02162,Delhi,Android,Full,22,1-2y,4,0.73,4,635.84,1346.67,2848.55,0.603,0.388,4,0,0,0.0071,1,0.2,0.107,0.512,5,7,3.93,177.72,0.206,50,0.322,41.68
UPI02163,Mumbai,Android,Full,24,1-2y,5,0.99,1,586.0,1372.54,592.74,0.378,0.611,1,0,2,0.35,1,0.2,0.095,0.49,4,5,4.07,250,0.314,1503.93,0.327,100
UPI02164,Hyderabad,iOS,Full,26,2y+,23,4.5,117,640.59,2204.84,81489.7,0.635,0.327,61,54,2,0.0277,2,0.0228,0.054,0.397,66,74,5.53,9.03,0.369,11964.61,0.307,13.57
UPI02165,Pune,Android,Minimum,10,6-12m,20,4.23,91,244.25,640.52,19878.38,0.919,0.061,77,17,7,0.0865,0,0.0021,0.191,0.426,47,85,5.71,12.13,0.291,14972.87,0.507,34.57
UPI02166,Bengaluru,Android,Full,23,1-2y,23,6.23,167,106.4,315.65,20195.82,0.864,0.161,131,32,1,0.0082,1,0.0141,0.042,0.273,54,101,2.85,8.09,0.312,6024.16,0.478,16.83
UPI02167,Chennai,Android,Minimum,15,1-2y,26,4.33,112,155.17,414.83,14856.68,0.498,0.465,45,65,3,0.0324,1,0.0114,0.094,0.325,65,106,3.7,9.19,0.285,4234.5,0.311,17.3
UPI02168,Hyderabad,Android,Full,21,1-2y,14,4.39,54,625.22,1367.03,30040.71,0.499,0.542,11,44,0,0.0126,2,0.0425,0.174,0.201,25,39,3.79,9.46,0.352,16244.13,0.261,17.07
UPI02169,Chennai,Android,Full,31,2y+,11,10.91,133,1056.75,3577.01,122520.05,0.334,0.722,28,106,13,0.1176,5,0.0442,0.566,0.599,44,113,5.79,3.79,0.648,59373.2,0.307,74.48
UPI02170,Kolkata,iOS,Minimum,16,1-2y,22,3.93,86,113.5,416.51,10194.72,0.618,0.353,28,55,4,0.048,1,0.0167,0.188,0.266,53,95,7.82,2.94,0.529,5686.0,0.387,25.32
UPI02171,Pune,Android,Full,15,1-2y,14,3.68,40,559.11,1873.85,25410.52,0.551,0.422,24,11,4,0.1076,2,0.0589,0.066,0.351,26,36,4.75,17.85,0.622,8898.33,0.395,39.78
UPI02172,Delhi,Android,Full,28,2y+,26,5.2,200,218.17,588.39,49251.28,0.64,0.382,122,76,7,0.042,0,0.0003,0.05,0.303,69,158,6.94,9.28,0.355,15308.28,0.338,19.11
UPI02173,Delhi,Android,Full,5,0-6m,8,0.72,13,433.13,1309.44,4700.45,0.386,0.613,11,0,2,0.1576,1,0.0859,0.037,0.275,9,11,2.84,55.41,0.331,2173.93,0.226,41.51
UPI02174,Chennai,Android,Full,14,1-2y,18,10.26,165,40,106.84,6565.15,0.586,0.442,79,83,21,0.1343,3,0.0221,0.456,0.341,58,93,7.61,7.48,0.63,815.52,0.389,70.44
UPI02175,Pune,iOS,Full,14,1-2y,7,2.31,17,536.07,1865.62,7513.71,0.587,0.375,11,3,0,0.0098,1,0.0631,0.091,0.486,11,13,3.07,46.39,0.74,372.22,0.438,23.22
UPI02176,Delhi,Android,Minimum,11,6-12m,14,2.0,17,3610.44,14244.15,62172.76,0.653,0.388,10,4,2,0.12,1,0.0633,0.074,0.206,37,47,4.5,39.99,0.577,34698.56,0.314,37.42
UPI02177,Bengaluru,Android,Full,32,2y+,5,0.62,1,446.62,1336.05,380.23,0.632,0.406,0,0,0,0.0061,0,0.0063,0.144,0.186,5,6,5.53,250,0.428,50,0.306,14.71
UPI02178,Kolkata,Android,Full,1,0-6m,7,7.16,39,40,116.39,1341.77,0.571,0.32,19,16,18,0.35,13,0.2,0.368,0.634,28,49,8.29,17.05,0.655,1311.12,0.369,100
UPI02179,Ahmedabad,Android,Minimum,29,2y+,12,5.57,54,639.09,1398.83,31485.45,0.641,0.313,33,19,3,0.0688,1,0.0188,0.096,0.374,34,38,3.86,13.37,0.236,5443.36,0.333,33.83
UPI02180,Pune,Android,Full,16,1-2y,13,2.52,31,3424.56,9663.93,88499.24,0.607,0.399,14,15,5,0.1755,1,0.0422,0.068,0.351,16,30,6.58,20.73,0.569,10154.8,0.325,56.86
UPI02181,Hyderabad,Android,Full,7,6-12m,19,9.7,154,206.13,575.87,33587.05,0.605,0.381,64,93,7,0.0566,0,0.0021,0.128,0.368,76,130,6.87,4.65,0.24,4677.24,0.363,27.41
UPI02182,Pune,iOS,Premium,3,0-6m,18,3.35,43,3308.5,4601.12,153371.42,0.777,0.197,28,16,1,0.0293,0,0.0034,0.154,0.228,36,65,2.8,17.92,0.242,110154.08,0.392,20.86
UPI02183,Kolkata,Android,Minimum,18,1-2y,28,4.44,72,3924.52,8743.01,272339.94,0.68,0.306,38,34,4,0.0604,0,0.003,0.163,0.186,49,69,2.95,13.89,0.384,159666.58,0.377,33.36
UPI02184,Delhi,Android,Full,12,6-12m,16,4.62,68,843.22,3007.37,57694.13,0.797,0.22,42,22,4,0.0657,2,0.034,0.042,0.422,27,41,4.97,6.75,0.506,10244.78,0.422,29.94
UPI02185,Chennai,Android,Minimum,1,0-6m,24,6.74,143,952.45,2136.54,155163.03,0.919,0.099,116,28,2,0.0165,1,0.0085,0.084,0.228,71,138,5.11,7.98,0.338,75539.18,0.365,28.7
UPI02186,Kolkata,Android,Full,14,1-2y,11,4.4,46,2648.73,6025.98,132456.56,0.715,0.242,25,20,8,0.1817,2,0.0497,0.158,0.325,16,24,3.54,14.91,0.428,61392.18,0.448,48.03
UPI02187,Kolkata,Android,Premium,20,1-2y,15,3.32,48,2543.18,7743.42,112137.07,0.669,0.349,33,18,0,0.0055,0,0.0014,0.094,0.215,22,30,1.96,10.86,0.415,44191.98,0.319,26.04
UPI02188,Hyderabad,Android,Full,10,6-12m,27,6.31,170,313.38,963.06,53142.11,0.943,0.037,119,52,10,0.0633,3,0.0197,0.128,0.289,44,75,3.84,5.15,0.313,18994.76,0.442,19.75
UPI02189,Hyderabad,Android,Minimum,15,1-2y,26,4.28,101,440.45,1033.22,49392.61,0.927,0.054,65,29,5,0.0615,2,0.0235,0.047,0.241,61,104,6.14,8.55,0.206,19531.96,0.437,15.49
UPI02190,Delhi,Android,Minimum,25,2y+,14,3.31,40,2096.6,7245.72,83661.37,0.559,0.424,14,25,0,0.0078,0,0.003,0.167,0.27,23,39,5.9,19.24,0.408,59284.55,0.342,8.01
UPI02191,Mumbai,iOS,Premium,9,6-12m,12,3.22,39,510.05,1684.49,21585.01,0.497,0.485,20,21,11,0.2879,1,0.031,0.092,0.378,31,60,3.72,14.98,0.369,6219.08,0.33,69.46
UPI02192,Kolkata,Android,Full,24,1-2y,15,3.99,55,919.44,2073.05,47493.41,0.876,0.135,45,5,3,0.0642,2,0.046,0.096,0.43,27,35,4.72,11.65,0.164,30330.59,0.474,26.06
UPI02193,Kolkata,Android,Full,17,1-2y,6,1.2,13,855.98,3415.0,11840.15,0.311,0.638,0,13,0,0.0066,0,0.0008,0.079,0.351,8,13,3.88,53.96,0.451,4941.24,0.218,18.13
UPI02194,Hyderabad,Android,Full,13,1-2y,13,3.92,74,721.23,1954.21,50056.78,0.51,0.479,30,46,4,0.0609,2,0.0334,0.151,0.303,34,48,6.87,8.27,0.4,25604.29,0.345,41.46
UPI02195,Pune,iOS,Full,5,0-6m,4,0.64,1,484.25,2138.34,554.98,0.378,0.573,0,0,2,0.35,1,0.2,0.058,0.385,3,3,2.03,250,0.617,814.21,0.321,97.95
UPI02196,Bengaluru,Android,Full,23,1-2y,25,9.14,213,173.14,573.12,42800.64,0.551,0.425,102,114,4,0.0192,0,0.0075,0.085,0.332,63,136,5.27,3.36,0.581,28347.53,0.377,30.99
UPI02197,Kolkata,Android,Premium,22,1-2y,3,1.2,2,376.93,923.04,664.93,0.484,0.477,0,2,0,0.0135,1,0.2,0.058,0.362,4,4,2.43,250,0.209,2971.6,0.279,34.9
UPI02198,Mumbai,Android,Minimum,23,1-2y,3,1.61,4,20,34.75,100,0.608,0.413,4,0,0,0.0093,1,0.2,0.099,0.314,2,3,4.26,177.37,0.322,50,0.272,34.39
UPI02199,Kolkata,Android,Full,9,6-12m,20,2.17,24,1070.85,3424.35,29696.41,0.857,0.13,17,5,5,0.2224,2,0.0915,0.063,0.215,53,91,5.62,28.34,0.371,12179.86,0.424,56.21
UPI02200,Chennai,iOS,Premium,14,1-2y,19,2.88,78,480.04,1373.76,41500.01,0.668,0.339,55,21,0,0.0096,0,0.0004,0.152,0.201,45,78,1.41,7.43,0.302,4148.36,0.338,16.6
UPI02201,Delhi,iOS,Premium,9,6-12m,2,7.29,13,3972.61,12111.19,50493.31,0.435,0.647,5,8,22,0.35,0,0.0069,0.564,0.359,22,44,9.96,52.85,0.63,28975.18,0.251,94.46
UPI02202,Kolkata,Android,Minimum,26,2y+,16,3.24,23,5129.47,22554.74,101145.86,0.774,0.201,13,7,2,0.0995,1,0.0526,0.137,0.33,26,40,2.36,29.25,0.555,52659.64,0.35,44.21
UPI02203,Ahmedabad,Android,Minimum,3,0-6m,18,8.11,161,3212.48,8730.47,585957.2,0.255,0.771,38,119,24,0.1617,8,0.0594,0.54,0.655,93,265,12.65,4.94,0.448,277113.76,0.235,87.73
UPI02204,Pune,Android,Minimum,8,6-12m,20,3.06,75,338.35,1036.77,28995.39,0.821,0.169,48,28,2,0.0421,1,0.0136,0.174,0.323,55,77,3.62,10.65,0.507,11561.0,0.4,15.47
UPI02205,Ahmedabad,Android,Minimum,28,2y+,14,4.77,58,2411.79,7287.06,115289.1,0.245,0.732,15,40,25,0.35,5,0.0945,0.644,0.555,56,146,7.2,16.12,0.364,67979.51,0.275,99.53
UPI02206,Ahmedabad,iOS,Full,13,1-2y,7,3.67,29,311.21,777.61,9534.76,0.534,0.45,8,20,2,0.079,2,0.0718,0.133,0.258,19,20,5.79,20.58,0.247,316.06,0.37,39.01
UPI02207,Kolkata,iOS,Minimum,15,1-2y,3,1.41,1,563.82,563.82,662.09,0.507,0.421,0,0,0,0.0127,0,0.0051,0.048,0.307,8,8,4.58,250,0.122,539.93,0.307,1.81
UPI02208,Pune,iOS,Premium,5,0-6m,20,5.61,110,659.15,2000.58,62830.61,0.598,0.4,57,53,5,0.0596,2,0.0232,0.171,0.279,51,97,7.63,6.38,0.413,24852.21,0.268,41.72
UPI02209,Bengaluru,Android,Minimum,13,1-2y,24,2.42,53,830.38,2261.25,38648.39,0.832,0.177,41,12,0,0.0105,2,0.0471,0.107,0.249,62,95,1.86,17.57,0.336,4543.85,0.379,10.49
UPI02210,Mumbai,Android,Minimum,26,2y+,24,8.88,198,224.15,632.16,38104.96,0.704,0.345,107,87,4,0.0327,0,0.0071,0.062,0.264,81,186,5.9,2.29,0.424,27865.9,0.391,27.65
UPI02211,Delhi,Android,Full,27,2y+,21,2.61,54,269.77,723.35,16581.15,0.797,0.192,39,17,5,0.0954,1,0.0239,0.167,0.233,42,74,6.27,16.6,0.39,7375.59,0.416,29.41
UPI02212,Delhi,Android,Minimum,8,6-12m,5,0.61,5,328.91,993.97,1464.75,0.409,0.601,3,0,1,0.2053,1,0.2,0.147,0.314,11,18,4.65,141.94,0.607,50,0.261,71.59
UPI02213,Pune,Android,Minimum,38,2y+,5,1.85,14,281.04,821.5,3377.08,0.493,0.551,7,10,1,0.0823,1,0.0769,0.114,0.283,4,6,2.4,46.25,0.42,366.43,0.27,30.44
UPI02214,Chennai,Android,Minimum,20,1-2y,17,4.08,65,492.11,1323.74,28357.62,0.504,0.542,23,41,6,0.103,1,0.0247,0.174,0.285,44,64,6.88,15.65,0.459,9886.2,0.366,47.71
UPI02215,Hyderabad,Android,Full,11,6-12m,6,1.15,8,368.24,824.45,2845.42,0.591,0.367,8,0,2,0.2583,0,0.0047,0.064,0.491,10,16,4.2,91.87,0.303,726.15,0.439,52.42
UPI02216,Delhi,Android,Full,5,0-6m,25,7.29,195,219.08,750.72,38267.24,0.587,0.456,112,80,12,0.0664,1,0.015,0.084,0.256,81,98,6.76,4.01,0.379,13107.6,0.274,42.02
UPI02217,Bengaluru,iOS,Full,1,0-6m,27,5.11,148,286.5,1014.04,44240.31,0.717,0.306,62,89,8,0.0588,0,0.0051,0.155,0.37,68,168,7.42,9.9,0.365,13750.3,0.398,31.99
UPI02218,Chennai,iOS,Full,11,6-12m,19,4.32,90,109.15,353.07,8880.26,0.62,0.368,50,37,9,0.1124,0,0.0093,0.06,0.293,68,162,4.49,8.13,0.502,50,0.289,25.55
UPI02219,Chennai,iOS,Full,30,2y+,5,1.11,6,102.15,140.15,570.18,0.551,0.523,5,2,2,0.3363,1,0.1738,0.132,0.325,7,12,4.41,119.37,0.146,50,0.329,99.31
UPI02220,Kolkata,iOS,Minimum,32,2y+,6,1.75,22,164.48,283.38,4255.84,0.323,0.737,0,22,1,0.0502,0,0.0094,0.135,0.367,10,17,5.01,34.52,0.407,2713.63,0.202,20.25
UPI02221,Delhi,Android,Minimum,22,1-2y,6,0.91,12,334.8,842.14,3798.5,0.597,0.362,4,8,0,0.0096,0,0.0079,0.085,0.36,9,11,2.01,61.41,0.513,50,0.353,4.23
UPI02222,Pune,Android,Premium,19,1-2y,22,3.9,67,450.34,1230.14,34166.38,0.594,0.446,42,25,2,0.0329,0,0.0052,0.145,0.294,56,91,5.24,9.76,0.467,8388.14,0.347,25.1
UPI02223,Delhi,Android,Premium,11,6-12m,29,7.5,192,184.43,672.63,41003.03,0.714,0.273,118,72,2,0.0221,1,0.0083,0.124,0.301,114,176,5.22,6.49,0.67,8193.99,0.325,23.18
UPI02224,Bengaluru,Android,Full,15,1-2y,8,0.71,19,623.67,949.05,10717.05,0.471,0.488,14,7,2,0.1106,0,0.0045,0.03,0.243,16,17,1.39,36.39,0.169,5038.56,0.304,36.34
UPI02225,Delhi,Android,Premium,7,6-12m,9,1.37,10,750.39,2102.14,8375.65,0.401,0.676,3,5,1,0.11,1,0.1034,0.121,0.507,8,11,0.78,73.84,0.218,3283.11,0.255,39.72
UPI02226,Bengaluru,Android,Full,33,2y+,24,7.18,144,159.57,426.03,23556.99,0.603,0.411,54,85,4,0.0376,2,0.0176,0.201,0.389,95,179,7.58,7.58,0.248,15033.97,0.342,17.25
UPI02227,Hyderabad,Android,Full,1,0-6m,11,0.96,20,347.64,1082.24,6064.47,0.598,0.364,14,6,0,0.0074,0,0.0068,0.091,0.192,12,13,6.77,39.42,0.298,3678.76,0.339,21.23
UPI02228,Delhi,Android,Full,30,2y+,5,1.81,11,2608.3,6924.1,23592.57,0.627,0.433,4,4,2,0.1946,1,0.0981,0.14,0.305,12,15,4.13,66.08,0.243,10093.19,0.385,61.3
UPI02229,Pune,Android,Full,25,2y+,20,4.15,56,777.95,2259.08,38996.59,0.862,0.143,31,26,2,0.0455,2,0.0436,0.183,0.409,52,84,3.37,11.35,0.206,5105.14,0.518,27.49
UPI02230,Kolkata,Android,Minimum,18,1-2y,19,3.64,65,172.12,349.17,12625.71,0.506,0.452,15,51,2,0.0442,0,0.0002,0.108,0.362,61,104,3.28,12.46,0.264,6135.35,0.373,22.61
UPI02231,Ahmedabad,Android,Premium,28,2y+,11,5.1,53,2600.83,8623.87,161873.26,0.48,0.576,22,31,9,0.1864,0,0.0085,0.406,0.543,19,48,10.38,7.19,0.337,106607.19,0.292,63.02
UPI02232,Chennai,iOS,Minimum,17,1-2y,16,4.68,66,457.9,1249.38,34660.53,0.487,0.49,41,23,1,0.0219,1,0.0155,0.087,0.372,22,36,6.68,11.64,0.288,14383.75,0.276,21.99
UPI02233,Delhi,Android,Minimum,20,1-2y,22,3.65,92,66.82,152.61,5473.27,0.509,0.491,43,45,2,0.0335,1,0.0149,0.126,0.368,48,99,3.56,7.94,0.308,2000.72,0.363,24.3
UPI02234,Delhi,Android,Premium,26,2y+,9,0.48,1,247.52,976.33,216.26,0.648,0.38,0,1,0,0.0111,1,0.2,0.059,0.277,15,20,4.02,250,0.456,50,0.28,31.98
UPI02235,Delhi,iOS,Premium,16,1-2y,19,5.33,79,120.25,225.84,9431.95,0.664,0.385,37,45,7,0.1001,1,0.02,0.057,0.305,36,66,4.1,6.5,0.34,2189.9,0.316,27.0
UPI02236,Pune,Android,Minimum,1,0-6m,16,4.6,85,762.22,2432.65,53642.82,0.596,0.355,38,47,2,0.0314,2,0.0258,0.042,0.351,39,43,6.69,6.09,0.309,24619.85,0.402,29.57
UPI02237,Bengaluru,Android,Minimum,13,1-2y,23,2.26,58,951.04,2572.53,54333.55,0.929,0.09,39,20,5,0.0924,1,0.0218,0.19,0.326,55,113,6.98,13.01,0.293,28456.32,0.516,33.18
UPI02238,Delhi,Android,Full,21,1-2y,22,6.92,184,589.35,1573.67,112638.98,0.797,0.174,113,70,1,0.0074,5,0.0336,0.076,0.377,38,69,3.92,3.4,0.317,67486.75,0.479,30.92
UPI02239,Mumbai,Android,Full,32,2y+,17,3.71,55,411.14,1027.47,19630.7,0.504,0.465,18,35,4,0.0787,1,0.0248,0.175,0.385,30,57,4.37,16.18,0.295,4792.82,0.261,32.44
UPI02240,Bengaluru,Android,Full,18,1-2y,27,4.15,122,3338.09,9487.37,435340.4,0.793,0.241,103,20,1,0.0133,2,0.0246,0.049,0.234,60,80,4.5,1.7,0.382,142721.33,0.348,22.73
UPI02241,Chennai,iOS,Minimum,23,1-2y,17,3.11,49,760.6,1599.01,32137.52,0.469,0.488,25,26,3,0.0755,1,0.0284,0.155,0.306,37,61,3.69,16.57,0.271,3333.82,0.366,28.97
UPI02242,Hyderabad,Android,Minimum,12,6-12m,21,3.98,99,565.88,1573.39,63808.42,0.596,0.438,61,42,2,0.024,1,0.0117,0.042,0.344,54,103,5.52,10.88,0.383,17524.04,0.35,20.63
UPI02243,Mumbai,iOS,Full,15,1-2y,18,2.22,37,1206.84,2754.84,47825.75,0.609,0.416,25,9,3,0.0884,1,0.0356,0.135,0.355,46,58,7.24,13.47,0.05,7154.46,0.412,28.19
UPI02244,Mumbai,Android,Minimum,12,6-12m,21,4.14,75,566.61,1393.11,36180.5,0.679,0.308,53,22,3,0.0501,2,0.0342,0.17,0.365,49,66,4.45,7.81,0.418,10702.18,0.352,15.43
UPI02245,Bengaluru,iOS,Full,29,2y+,19,4.31,74,528.72,1216.85,38276.88,0.899,0.103,62,14,8,0.1094,2,0.0353,0.062,0.2,29,55,5.83,10.69,0.214,16681.32,0.434,35.08
UPI02246,Hyderabad,Android,Full,24,1-2y,21,5.7,143,143.39,489.93,18480.21,0.696,0.329,74,72,2,0.0163,3,0.0292,0.151,0.347,52,77,6.11,8.92,0.628,14848.65,0.385,19.93
UPI02247,Mumbai,Android,Full,15,1-2y,23,2.54,27,672.6,1835.98,20212.97,0.639,0.352,12,12,6,0.2245,2,0.078,0.162,0.213,56,109,7.3,26.89,0.301,13060.7,0.398,60.3
UPI02248,Mumbai,iOS,Full,16,1-2y,22,4.11,102,3026.98,7521.78,331757.31,0.664,0.328,65,35,0,0.0138,0,0.0099,0.126,0.336,37,41,5.87,9.4,0.398,175289.85,0.333,21.81
UPI02249,Ahmedabad,iOS,Minimum,7,6-12m,3,1.45,5,818.71,1815.38,4464.49,0.575,0.359,0,4,0,0.0038,0,0.0087,0.119,0.389,5,7,1.77,147.98,0.32,407.89,0.419,1.71
UPI02250,Hyderabad,iOS,Full,24,1-2y,9,1.79,11,466.33,1732.47,4956.57,0.376,0.649,1,11,0,0.0098,0,0.0018,0.089,0.316,7,9,5.05,68.52,0.516,4050.07,0.336,15.97
UPI02251,Ahmedabad,Android,Full,11,6-12m,16,3.18,44,1025.14,2040.92,39497.41,0.634,0.335,26,21,4,0.101,1,0.029,0.162,0.251,39,74,4.77,14.35,0.417,10946.41,0.38,38.02
UPI02252,Ahmedabad,Android,Minimum,8,6-12m,26,1.4,58,315.91,854.19,16482.35,0.546,0.419,33,22,3,0.0667,2,0.0387,0.071,0.237,51,98,5.24,20.79,0.285,432.73,0.249,29.21
UPI02253,Bengaluru,Android,Full,25,2y+,6,1.73,6,342.67,884.23,1996.23,0.362,0.637,3,1,2,0.3397,0,0.0073,0.029,0.473,5,8,4.96,118.56,0.354,50,0.362,73.33
UPI02254,Ahmedabad,iOS,Premium,1,0-6m,20,3.48,61,265.09,815.3,15389.83,0.49,0.536,26,35,3,0.0581,1,0.02,0.079,0.327,70,132,6.01,9.17,0.308,2268.25,0.38,30.44
UPI02255,Ahmedabad,Android,Premium,25,2y+,13,3.51,60,660.17,2131.1,34224.98,0.686,0.312,32,29,0,0.0042,0,0.0022,0.042,0.358,35,54,5.98,12.33,0.675,20317.46,0.312,7.26
UPI02256,Kolkata,Android,Full,19,1-2y,16,4.27,64,805.65,1682.37,56058.21,0.474,0.542,30,31,2,0.0344,0,0.0028,0.164,0.322,39,50,2.86,10.52,0.462,36196.17,0.36,29.76
UPI02257,Bengaluru,Android,Full,23,1-2y,19,2.95,55,4719.65,10481.01,218572.81,0.749,0.306,27,24,3,0.057,0,0.0064,0.162,0.278,31,47,5.17,12.34,0.444,137916.71,0.372,22.85
UPI02258,Bengaluru,Android,Full,1,0-6m,9,12.67,116,1978.84,6163.51,249561.54,0.251,0.85,19,99,24,0.2288,10,0.0897,0.76,0.415,32,88,7.99,3.37,0.507,164639.2,0.241,100
UPI02259,Chennai,Android,Full,25,2y+,21,3.07,37,792.58,1973.58,31704.04,0.95,0.052,31,2,6,0.1719,3,0.0882,0.14,0.277,61,125,3.92,18.38,0.474,4315.1,0.5,49.91
UPI02260,Delhi,Android,Full,19,1-2y,4,0.05,1,417.7,432.4,467.54,0.517,0.419,0,1,2,0.35,1,0.2,0.083,0.46,8,10,3.45,250,0.11,50,0.268,97.88
UPI02261,Kolkata,iOS,Minimum,16,1-2y,17,3.8,75,342.17,1044.18,25696.98,0.534,0.433,37,38,7,0.1066,2,0.0301,0.123,0.36,67,140,1,11.43,0.204,8993.87,0.378,32.32
UPI02262,Delhi,Android,Minimum,10,6-12m,27,5.19,93,212.01,648.52,16328.29,0.672,0.294,47,47,4,0.0475,3,0.0328,0.127,0.233,91,146,6.61,4.45,0.536,12376.21,0.424,28.49
UPI02263,Delhi,iOS,Minimum,29,2y+,8,1.27,17,854.02,2463.74,13282.64,0.578,0.474,6,11,2,0.129,0,0.0022,0.044,0.503,9,11,2.16,45.18,0.35,8199.75,0.419,15.99
UPI02264,Pune,iOS,Minimum,29,2y+,21,5.47,145,143.68,482.25,19338.14,0.614,0.426,64,75,3,0.028,0,0.0038,0.053,0.373,70,146,3.7,5.91,0.625,8981.64,0.334,27.88
UPI02265,Bengaluru,Android,Full,1,0-6m,20,4.68,97,676.29,1776.57,68025.02,0.942,0.059,66,32,6,0.0638,0,0.005,0.153,0.397,61,102,5.93,4.41,0.264,34797.8,0.407,35.34
UPI02266,Pune,iOS,Premium,20,1-2y,24,5.04,127,303.92,897.8,32659.15,0.544,0.421,61,62,7,0.0679,2,0.0185,0.16,0.318,82,103,4.26,3.67,0.484,13831.48,0.389,39.56
UPI02267,Chennai,Android,Minimum,25,2y+,19,2.04,60,1046.82,3606.65,63460.08,0.606,0.445,41,16,0,0.0106,1,0.0252,0.168,0.299,36,57,4.52,8.85,0.55,43915.03,0.401,25.29
UPI02268,Bengaluru,Android,Premium,10,6-12m,22,5.4,99,138.54,363.85,16028.67,0.689,0.348,53,45,4,0.0502,0,0.0084,0.124,0.334,45,88,5.1,8.21,0.477,7698.72,0.413,23.83
UPI02269,Delhi,Android,Full,36,2y+,22,5.85,145,582.04,1203.53,91287.95,0.831,0.189,93,52,3,0.0272,1,0.0071,0.124,0.376,61,93,6.4,8.14,0.427,23289.39,0.384,22.8
UPI02270,Pune,Android,Full,12,6-12m,12,4.44,52,394.15,935.19,23122.86,0.715,0.274,23,29,4,0.0905,0,0.0052,0.155,0.355,31,61,6.45,15.81,0.272,5134.89,0.368,46.4
UPI02271,Delhi,iOS,Minimum,22,1-2y,26,6.22,166,181.13,441.54,29900.95,0.627,0.39,79,86,3,0.019,0,0.0007,0.06,0.385,92,121,7.04,2.37,0.365,18616.09,0.423,16.59
UPI02272,Pune,Android,Full,21,1-2y,29,4.84,147,428.01,908.61,72863.9,0.53,0.475,63,87,2,0.0183,2,0.0224,0.065,0.303,66,77,3.85,1.05,0.435,18760.11,0.372,15.19
UPI02273,Pune,Android,Full,27,2y+,20,5.53,73,679.15,1614.91,41370.36,0.512,0.485,32,40,3,0.0531,1,0.0228,0.164,0.309,39,75,3.48,9.22,0.344,13288.38,0.369,34.4
UPI02274,Kolkata,Android,Full,20,1-2y,17,5.96,97,836.89,2328.83,83333.83,0.837,0.159,56,42,3,0.0321,3,0.0385,0.189,0.255,28,58,5.95,12.81,0.482,35659.16,0.364,30.97
UPI02275,Kolkata,Android,Full,22,1-2y,5,0.19,1,391.19,575.92,418.72,0.377,0.702,0,1,1,0.35,1,0.2,0.116,0.33,10,11,6.86,250,0.052,442.66,0.215,88.14
UPI02276,Bengaluru,iOS,Full,22,1-2y,22,5.43,130,60,211.39,7421.2,0.953,0.027,124,8,6,0.0472,1,0.0175,0.129,0.241,39,78,5.44,0.2,0.443,6270.59,0.409,23.43
UPI02277,Hyderabad,Android,Minimum,15,1-2y,4,7.47,27,3857.46,13658.37,85434.38,0.398,0.548,3,27,18,0.35,0,0.0092,0.733,0.664,23,66,7.4,21.4,0.966,55474.96,0.288,100
UPI02278,Hyderabad,Android,Premium,13,1-2y,21,3.01,91,4274.09,13257.04,439556.17,0.576,0.459,50,40,4,0.0476,0,0.0034,0.046,0.358,47,64,3.93,8.65,0.468,286613.66,0.336,27.54
UPI02279,Chennai,Android,Full,9,6-12m,20,14.96,315,863.97,2440.02,316746.15,0.35,0.655,91,228,20,0.0748,2,0.0102,0.369,0.441,50,120,8.51,0.2,0.382,134977.77,0.21,64.22
UPI02280,Kolkata,Android,Minimum,27,2y+,20,5.13,101,1111.21,2950.32,117550.92,0.796,0.196,66,36,1,0.0181,4,0.0449,0.074,0.292,50,101,6.28,5.28,0.387,57762.97,0.441,23.28
UPI02281,Pune,Android,Premium,15,1-2y,19,2.39,42,977.09,2638.41,38944.74,0.558,0.453,24,21,5,0.1236,2,0.0527,0.149,0.252,40,64,4.9,17.51,0.439,15542.19,0.375,55.06
UPI02282,Ahmedabad,Android,Minimum,23,1-2y,22,3.51,87,572.76,1449.67,42733.33,0.616,0.431,46,42,4,0.0489,1,0.0197,0.149,0.267,30,54,3.33,4.9,0.386,6337.76,0.406,18.4
UPI02283,Bengaluru,Android,Full,8,6-12m,24,4.46,64,802.79,2088.66,57674.75,0.827,0.148,35,29,5,0.0924,2,0.0352,0.102,0.245,55,74,7.18,10.16,0.392,40598.79,0.422,39.77
UPI02284,Chennai,iOS,Full,17,1-2y,26,5.4,163,986.34,2113.14,174159.46,0.895,0.124,107,52,3,0.0246,2,0.016,0.098,0.256,50,82,7.47,4.1,0.279,22748.39,0.481,15.35
UPI02285,Pune,Android,Minimum,26,2y+,9,0.98,17,74.7,273.77,1251.28,0.519,0.481,2,14,0,0.0084,2,0.1188,0.049,0.272,17,24,0.5,38.21,0.52,50,0.325,27.32
UPI02286,Ahmedabad,Android,Full,25,2y+,16,4.23,73,719.7,1734.07,52167.14,0.59,0.408,36,41,5,0.0796,1,0.0139,0.13,0.401,43,57,5.14,6.49,0.274,35141.83,0.324,32.55
UPI02287,Mumbai,iOS,Full,13,1-2y,11,6.85,89,637.18,1802.71,66794.14,0.918,0.072,79,7,7,0.0814,0,0.0078,0.181,0.416,43,60,2.59,9.13,0.255,48454.45,0.464,28.95
UPI02288,Hyderabad,Android,Premium,31,2y+,20,4.33,110,60,234.06,6243.08,0.938,0.061,69,37,6,0.0602,0,0.0009,0.049,0.368,43,52,6.18,6.36,0.389,265.85,0.469,11.28
UPI02289,Pune,Android,Full,38,2y+,19,5.6,124,573.25,826.74,78202.4,0.709,0.294,89,35,3,0.031,1,0.0089,0.126,0.28,43,54,5.0,4.89,0.456,43633.35,0.439,18.88
UPI02290,Kolkata,Android,Full,41,2y+,14,1.59,36,776.84,2752.35,23897.45,0.48,0.482,12,22,3,0.0906,3,0.0876,0.127,0.25,36,45,7.1,17.97,0.487,12314.9,0.311,45.35
UPI02291,Hyderabad,Android,Minimum,16,1-2y,28,4.83,142,743.87,2698.56,118711.05,0.83,0.189,98,46,0,0.0074,2,0.0162,0.065,0.316,76,139,3.25,10.8,0.52,40508.75,0.37,14.88
UPI02292,Chennai,iOS,Premium,1,0-6m,20,2.46,62,937.88,2613.29,49471.36,0.932,0.053,41,17,5,0.0886,0,0.0025,0.195,0.226,35,43,4.79,8.91,0.513,28167.21,0.506,22.67
UPI02293,Chennai,Android,Full,17,1-2y,26,3.54,108,1993.49,7102.66,201343.81,0.784,0.205,70,42,1,0.0171,0,0.0033,0.045,0.355,43,58,4.44,11.27,0.457,22163.59,0.428,17.16
UPI02294,Ahmedabad,Android,Full,44,2y+,15,4.73,75,250.03,801.37,17146.88,0.579,0.437,47,21,2,0.0307,2,0.0333,0.129,0.405,34,66,6.64,7.22,0.33,1856.98,0.393,19.34
UPI02295,Bengaluru,Android,Minimum,13,1-2y,15,4.48,87,3580.42,12421.76,299579.0,0.567,0.337,52,37,34,0.35,0,0.0036,0.602,0.573,37,78,7.7,7.49,0.655,133408.16,0.45,95.19
UPI02296,Kolkata,Android,Full,24,1-2y,5,13.07,63,3428.43,10911.67,253705.06,0.491,0.442,18,41,29,0.35,6,0.0998,0.672,0.542,10,28,9.65,13.92,0.499,46995.41,0.352,100
UPI02297,Kolkata,Android,Minimum,24,1-2y,25,3.38,78,228.99,861.16,20250.09,0.707,0.333,43,37,7,0.0907,0,0.0031,0.104,0.284,67,84,4.0,6.92,0.394,4201.52,0.405,26.32
UPI02298,Kolkata,Android,Minimum,30,2y+,23,4.13,94,861.71,3168.07,75697.51,0.915,0.112,56,36,0,0.0111,0,0.0095,0.19,0.412,42,71,2.49,10.73,0.519,21344.8,0.459,12.5
UPI02299,Kolkata,Android,Full,20,1-2y,10,9.01,81,1823.32,6897.16,152229.2,0.351,0.687,22,60,18,0.2283,0,0.0099,0.366,0.658,18,52,4.47,7.82,0.734,88515.79,0.39,71.25
UPI02300,Ahmedabad,Android,Minimum,28,2y+,15,3.55,44,287.86,850.56,10883.01,0.686,0.323,22,22,5,0.1176,0,0.0047,0.165,0.232,48,65,6.7,13.52,0.517,5668.05,0.32,35.18
UPI02301,Bengaluru,Android,Minimum,7,6-12m,22,3.98,81,435.66,1017.15,36801.82,0.521,0.465,31,48,5,0.066,2,0.0274,0.115,0.29,60,83,3.52,12.02,0.144,16544.81,0.29,38.1
UPI02302,Mumbai,Android,Minimum,11,6-12m,5,0.8,1,654.73,1341.66,616.64,0.418,0.506,0,0,1,0.35,0,0.0026,0.022,0.303,10,14,5.8,250,0.217,50,0.279,53.25
UPI02303,Mumbai,Android,Premium,21,1-2y,10,0.05,1,424.45,1027.66,490.37,0.435,0.541,1,0,2,0.35,0,0.0038,0.125,0.408,22,27,2.6,250,0.276,50,0.353,76.68
UPI02304,Delhi,Android,Full,9,6-12m,21,7.97,171,206.9,532.57,40471.29,0.539,0.485,58,107,3,0.0322,2,0.0194,0.198,0.249,83,135,3.63,6.49,0.335,11666.17,0.314,30.7
UPI02305,Chennai,Android,Premium,27,2y+,14,9.47,127,2719.83,6491.77,381693.15,0.346,0.593,31,97,28,0.2338,9,0.073,0.626,0.591,57,108,8.11,7.12,0.544,197744.71,0.24,85.17
UPI02306,Kolkata,Android,Premium,25,2y+,29,5.17,163,181.13,399.02,32798.88,0.627,0.362,106,60,5,0.0425,1,0.0138,0.065,0.27,74,110,9.13,2.89,0.23,9734.48,0.324,24.74
UPI02307,Chennai,Android,Full,14,1-2y,20,4.14,83,799.93,2215.5,63688.11,0.483,0.525,33,54,1,0.0221,1,0.0208,0.043,0.252,31,40,5.63,8.88,0.263,29498.73,0.349,25.77
UPI02308,Bengaluru,Android,Full,12,6-12m,12,5.82,65,1202.89,3837.97,88732.47,0.579,0.428,30,39,2,0.0426,3,0.0513,0.101,0.31,35,41,6.07,10.59,0.454,26599.14,0.331,25.61
UPI02309,Pune,Android,Minimum,20,1-2y,21,5.72,144,969.11,2300.03,162449.85,0.953,0.025,125,23,0,0.014,1,0.0082,0.13,0.423,49,76,4.27,7.12,0.242,66938.38,0.444,7.42
UPI02310,Pune,iOS,Full,19,1-2y,20,4.18,95,244.04,793.2,24137.25,0.563,0.388,48,44,6,0.074,0,0.0069,0.114,0.259,69,133,6.51,10.59,0.353,2327.74,0.246,16.23
UPI02311,Bengaluru,Android,Minimum,4,0-6m,16,3.17,35,862.01,1931.61,25670.02,0.874,0.1,18,12,1,0.034,3,0.0955,0.063,0.314,38,57,4.43,22.83,0.364,11415.24,0.429,30.04
UPI02312,Ahmedabad,Android,Minimum,1,0-6m,18,3.91,67,666.54,2210.74,38879.43,0.717,0.241,30,40,6,0.0971,2,0.0359,0.162,0.378,42,69,2.06,9.18,0.398,22470.9,0.323,40.83
UPI02313,Chennai,Android,Premium,15,1-2y,15,4.29,48,778.66,1880.84,33004.87,0.482,0.564,27,23,3,0.0676,1,0.0247,0.081,0.339,38,66,5.54,17.52,0.356,24534.9,0.355,24.19
UPI02314,Delhi,Android,Minimum,18,1-2y,16,1.94,26,890.97,2807.66,24373.59,0.899,0.085,16,10,6,0.2347,1,0.04,0.162,0.208,34,64,7.27,25.51,0.409,16839.29,0.457,57.46
UPI02315,Delhi,Android,Full,27,2y+,13,3.07,34,3194.83,9745.42,127829.44,0.734,0.306,24,8,2,0.0723,0,0.001,0.063,0.286,18,32,6.31,17.17,0.232,13131.51,0.322,34.38
UPI02316,Kolkata,iOS,Minimum,16,1-2y,14,6.44,93,871.72,2283.8,79452.37,0.85,0.159,71,20,2,0.0302,1,0.0206,0.108,0.221,48,82,5.02,6.4,0.363,47309.9,0.479,23.32
UPI02317,Hyderabad,Android,Premium,15,1-2y,13,3.07,29,2548.33,7253.57,81575.89,0.674,0.273,18,14,3,0.1129,1,0.0383,0.153,0.186,29,47,4.64,24.32,0.643,29284.54,0.271,34.49
UPI02318,Bengaluru,Android,Full,15,1-2y,27,3.64,121,702.56,1205.66,99651.0,0.515,0.487,65,54,1,0.009,1,0.0131,0.12,0.255,77,145,6.66,9.19,0.289,44204.34,0.292,18.08
UPI02319,Chennai,Android,Full,27,2y+,3,0.79,1,530.78,1544.69,561.86,0.346,0.592,0,0,2,0.35,1,0.2,0.123,0.289,3,3,4.74,250,0.433,50,0.183,99.01
UPI02320,Hyderabad,Android,Minimum,19,1-2y,15,6.46,95,3878.6,14246.62,391675.81,0.364,0.69,16,81,17,0.1846,13,0.1465,0.454,0.431,56,118,7.35,10.28,0.62,100295.5,0.216,88.91
UPI02321,Ahmedabad,Android,Full,39,2y+,21,5.77,94,485.57,1856.43,47159.61,0.957,0.063,60,35,3,0.0427,2,0.0254,0.158,0.242,40,50,2.66,6.01,0.524,32511.62,0.524,8.66
UPI02322,Delhi,Android,Premium,23,1-2y,4,0.74,1,694.25,1607.33,805.46,0.523,0.453,1,0,0,0.0015,1,0.2,0.117,0.227,9,14,4.03,250,0.382,902.66,0.301,29.73
UPI02323,Kolkata,Android,Premium,1,0-6m,26,9.15,270,49.08,152.7,13376.81,0.664,0.363,177,94,3,0.0244,0,0.0084,0.115,0.392,62,153,6.89,0.36,0.544,9757.37,0.366,30.43
UPI02324,Mumbai,Android,Premium,10,6-12m,15,3.27,50,40,106.05,1662.28,0.455,0.523,10,40,5,0.109,1,0.0224,0.158,0.246,37,49,3.7,13.6,0.354,50,0.207,42.74
UPI02325,Mumbai,Android,Full,9,6-12m,8,1.01,3,187.36,563.82,624.87,0.352,0.584,3,0,2,0.35,0,0.0087,0.134,0.462,15,20,2.77,238.5,0.505,50,0.223,70.74
UPI02326,Chennai,iOS,Full,21,1-2y,21,2.81,56,861.66,2800.68,41862.45,0.786,0.211,29,31,2,0.0462,3,0.0611,0.148,0.311,58,78,6.79,16.32,0.639,18358.87,0.434,31.02
UPI02327,Bengaluru,Android,Premium,11,6-12m,17,3.77,64,475.33,1708.13,34475.29,0.665,0.361,34,30,4,0.0681,4,0.0705,0.043,0.419,40,62,5.23,14.28,0.433,20656.39,0.424,34.69
UPI02328,Bengaluru,Android,Full,16,1-2y,16,3.27,46,3460.76,7651.25,158068.92,0.674,0.294,37,7,4,0.0896,0,0.0021,0.065,0.29,22,31,1.59,9.07,0.243,85542.24,0.339,29.99
UPI02329,Chennai,iOS,Full,30,2y+,27,2.14,37,114.19,262.93,4620.9,0.701,0.255,15,26,6,0.1674,1,0.0285,0.066,0.361,91,214,5.72,19.81,0.351,2230.44,0.38,33.48
UPI02330,Hyderabad,Android,Full,7,6-12m,12,2.16,9,1084.65,2614.67,8819.98,0.654,0.375,6,6,2,0.2338,0,0.0098,0.053,0.265,36,54,2.54,81.42,0.333,4581.56,0.346,46.8
UPI02331,Delhi,Android,Full,9,6-12m,14,1.78,28,780.26,1372.25,24006.59,0.501,0.457,10,24,5,0.1815,1,0.039,0.067,0.413,25,40,3.6,29.55,0.323,9887.58,0.304,43.85
UPI02332,Delhi,Android,Minimum,22,1-2y,8,1.32,8,599.09,1706.44,4617.93,0.454,0.496,0,6,0,0.0113,0,0.0008,0.069,0.302,12,19,6.89,91.28,0.366,2148.15,0.352,18.28
UPI02333,Delhi,Android,Full,9,6-12m,16,5.14,84,1235.02,3028.56,91514.89,0.944,0.041,62,24,2,0.0333,2,0.0311,0.174,0.29,31,41,5.83,11.3,0.352,52829.77,0.518,11.0
UPI02334,Delhi,Android,Premium,34,2y+,21,8.25,164,197.55,608.27,27627.84,0.684,0.269,77,86,5,0.0363,3,0.0186,0.217,0.259,52,86,5.65,4.44,0.374,4888.23,0.347,21.36
UPI02335,Ahmedabad,iOS,Full,30,2y+,16,0.68,16,6622.79,17369.06,99530.22,0.65,0.299,7,9,2,0.1315,2,0.1346,0.146,0.273,35,57,6.28,45.38,0.465,36203.14,0.284,56.23
UPI02336,Kolkata,Android,Full,21,1-2y,14,7.47,110,1390.36,4335.33,132716.21,0.41,0.669,46,64,11,0.1148,12,0.1183,0.777,0.588,30,56,4.64,3.52,0.31,19804.33,0.368,91.7
UPI02337,Chennai,iOS,Full,20,1-2y,20,2.44,58,4431.97,9630.05,291382.29,0.805,0.207,53,3,2,0.0356,0,0.0093,0.084,0.37,32,37,4.15,7.91,0.246,139424.15,0.492,13.76
UPI02338,Ahmedabad,Android,Full,11,6-12m,22,8.32,184,65.37,80.72,12690.56,0.699,0.328,114,72,7,0.0388,1,0.0063,0.189,0.331,52,110,5.88,0.96,0.109,7232.68,0.378,27.24
UPI02339,Delhi,Android,Minimum,8,6-12m,15,2.61,30,751.18,2233.87,25205.62,0.794,0.22,18,14,4,0.1427,1,0.0406,0.137,0.227,34,67,5.71,23.36,0.405,5056.4,0.417,39.06
UPI02340,Hyderabad,Android,Full,14,1-2y,20,7.48,158,198.47,428.3,27947.96,0.69,0.272,73,85,0,0.0112,0,0.0079,0.217,0.304,61,84,6.44,2.31,0.431,11660.69,0.376,25.43
UPI02341,Hyderabad,iOS,Minimum,30,2y+,23,5.97,170,241.69,802.68,39446.26,0.496,0.494,52,115,9,0.066,1,0.0155,0.075,0.238,57,79,5.46,3.09,0.266,22005.86,0.358,28.53
UPI02342,Hyderabad,Android,Full,15,1-2y,15,7.76,118,318.87,1063.52,39022.26,0.928,0.045,67,47,1,0.0185,0,0.0019,0.125,0.235,38,72,5.25,1.22,0.534,27053.0,0.491,27.05
UPI02343,Delhi,iOS,Full,12,6-12m,9,1.33,13,287.24,584.42,3270.18,0.432,0.538,3,13,1,0.086,0,0.0012,0.144,0.342,10,10,3.09,52.02,0.311,720.97,0.357,19.64
UPI02344,Chennai,Android,Full,14,1-2y,13,9.42,118,2981.46,10579.08,319391.02,0.539,0.451,35,82,9,0.0916,10,0.0896,0.301,0.303,40,98,12.28,5.46,0.55,111250.17,0.327,59.23
UPI02345,Delhi,Android,Minimum,24,1-2y,4,1.78,5,342.33,851.62,1968.22,0.53,0.474,1,4,0,0.011,1,0.2,0.087,0.18,2,3,3.8,146.21,0.255,1806.71,0.229,37.11
UPI02346,Mumbai,Android,Full,26,2y+,5,7.14,41,267.96,796.16,11935.3,0.546,0.573,25,12,24,0.35,9,0.2,0.693,0.695,10,29,5.64,20.82,0.599,6231.84,0.339,99.97
UPI02347,Kolkata,Android,Minimum,1,0-6m,10,4.85,56,946.76,3301.55,45829.2,0.699,0.289,31,26,0,0.0148,1,0.0261,0.116,0.373,25,43,4.8,12.05,0.335,30453.95,0.422,19.83
UPI02348,Mumbai,Android,Minimum,14,1-2y,20,3.62,94,210.18,517.71,16925.67,0.639,0.381,58,38,5,0.0607,1,0.0179,0.072,0.328,45,83,9.94,10.07,0.09,4190.68,0.322,25.97
UPI02349,Kolkata,Android,Full,26,2y+,5,0.54,1,20,53.69,100,0.505,0.53,0,0,0,0.0114,0,0.0011,0.052,0.36,3,5,3.26,250,0.348,50,0.261,2.15
UPI02350,Hyderabad,Android,Minimum,22,1-2y,12,8.25,84,1556.2,5250.57,150801.23,0.395,0.626,30,57,21,0.2708,3,0.0431,0.608,0.324,43,112,7.91,7.5,0.775,38414.66,0.253,99.08
UPI02351,Delhi,iOS,Full,32,2y+,2,0.86,1,629.42,1877.91,730.54,0.638,0.416,1,1,3,0.35,1,0.2,0.075,0.26,2,3,1.06,250,0.32,763.77,0.385,96.01
UPI02352,Bengaluru,Android,Full,8,6-12m,16,3.67,63,663.13,1737.14,46905.07,0.481,0.509,20,46,1,0.0301,1,0.0202,0.049,0.304,22,27,3.29,8.04,0.407,26700.93,0.254,32.64
UPI02353,Mumbai,iOS,Minimum,24,1-2y,19,2.4,50,1019.02,2255.61,47953.14,0.784,0.22,32,21,1,0.0285,3,0.068,0.199,0.414,50,85,6.8,14.39,0.299,9229.17,0.441,29.7
UPI02354,Mumbai,Android,Full,24,1-2y,25,4.61,133,1299.97,2053.38,150881.25,0.907,0.09,101,35,4,0.0308,0,0.0057,0.073,0.258,60,83,9.88,4.12,0.15,95349.87,0.444,23.12
UPI02355,Pune,Android,Full,26,2y+,8,1.53,2,68.22,197.0,123.47,0.317,0.743,2,0,1,0.35,0,0.0018,0.039,0.436,12,17,2.08,250,0.64,1187.92,0.272,76.33
UPI02356,Delhi,Android,Full,20,1-2y,22,4.45,88,1172.64,3064.11,117050.46,0.788,0.22,47,37,5,0.067,1,0.0166,0.089,0.38,43,89,5.95,7.26,0.403,66120.29,0.455,30.05
UPI02357,Ahmedabad,Android,Full,22,1-2y,5,1.8,7,493.77,1258.47,3793.32,0.488,0.573,1,7,0,0.0003,2,0.2,0.037,0.434,12,12,4.0,101.82,0.283,151.88,0.276,29.0
UPI02358,Pune,iOS,Full,22,1-2y,12,2.07,13,735.94,2617.94,9776.7,0.882,0.093,6,2,0,0.0026,0,0.0056,0.053,0.354,37,69,5.96,50.21,0.59,4396.15,0.396,1.48
UPI02359,Delhi,Android,Full,10,6-12m,14,1.94,25,631.84,1514.36,17050.72,0.618,0.333,15,11,3,0.1329,1,0.0485,0.178,0.324,25,31,3.95,22.73,0.288,12140.0,0.367,39.42
UPI02360,Ahmedabad,iOS,Premium,18,1-2y,16,3.73,57,1096.76,2838.76,51941.61,0.925,0.053,37,17,8,0.1468,1,0.0197,0.195,0.355,25,46,3.71,10.36,0.349,8134.26,0.481,40.95
UPI02361,Mumbai,Android,Full,9,6-12m,20,10.38,208,40,123.67,9058.82,0.217,0.85,37,170,23,0.1252,7,0.0387,0.713,0.628,76,187,7.87,5.07,0.516,5735.52,0.308,78.62
UPI02362,Pune,Android,Full,10,6-12m,22,6.02,142,211.08,323.51,27894.84,0.515,0.48,54,87,3,0.0281,1,0.014,0.113,0.308,75,107,4.23,7.03,0.115,10367.68,0.293,35.54
UPI02363,Mumbai,iOS,Full,16,1-2y,29,4.42,98,132.25,378.84,11020.31,0.523,0.462,34,64,7,0.0767,1,0.0196,0.21,0.288,106,127,3.72,2.63,0.311,5402.86,0.301,25.38
UPI02364,Ahmedabad,Android,Minimum,19,1-2y,25,5.7,136,639.57,1412.92,98222.6,0.908,0.112,112,21,3,0.0296,0,0.0016,0.109,0.416,79,162,6.18,4.11,0.373,35536.76,0.399,28.85
UPI02365,Kolkata,Android,Premium,31,2y+,17,3.51,50,312.45,789.96,15713.44,0.938,0.09,43,5,5,0.1065,4,0.0826,0.118,0.311,49,98,4.7,17.72,0.537,12387.44,0.478,38.04
UPI02366,Delhi,Android,Minimum,26,2y+,17,6.57,133,237.09,775.06,29893.55,0.867,0.129,90,42,4,0.0351,3,0.0258,0.088,0.248,27,37,4.17,6.57,0.677,17749.26,0.434,22.46
UPI02367,Hyderabad,Android,Full,11,6-12m,21,2.15,62,715.21,1142.06,36463.87,0.502,0.469,27,39,7,0.1236,2,0.0323,0.058,0.367,31,39,4.59,9.13,0.098,10503.48,0.344,26.62
UPI02368,Kolkata,iOS,Premium,1,0-6m,20,4.36,73,763.82,2285.07,59513.22,0.793,0.22,45,32,3,0.0491,1,0.0175,0.092,0.352,49,59,6.37,8.79,0.504,25191.99,0.376,33.2
UPI02369,Bengaluru,iOS,Full,32,2y+,18,4.32,69,141.9,476.47,10001.98,0.514,0.504,36,31,9,0.1377,3,0.0469,0.07,0.379,56,98,7.42,10.7,0.642,2328.94,0.373,51.98
UPI02370,Ahmedabad,Android,Full,14,1-2y,11,2.2,18,606.02,1498.9,10075.32,0.827,0.151,10,7,3,0.177,3,0.1706,0.193,0.427,26,48,4.37,39.84,0.189,484.37,0.484,64.78
UPI02371,Mumbai,Android,Full,6,0-6m,17,5.45,93,2415.97,4858.48,256594.43,0.681,0.281,38,53,2,0.0289,1,0.0117,0.11,0.314,40,56,4.23,9.96,0.188,127193.64,0.318,30.89
UPI02372,Ahmedabad,Android,Full,16,1-2y,20,7.89,147,20,60.34,3376.48,0.487,0.535,46,101,0,0.0099,2,0.0149,0.079,0.306,59,135,5.32,1.69,0.285,50,0.345,24.39
UPI02373,Chennai,iOS,Minimum,35,2y+,24,5.43,126,186.94,460.4,27645.26,0.681,0.311,55,74,3,0.0274,1,0.0093,0.081,0.247,81,152,4.85,10.51,0.458,7260.21,0.428,17.12
UPI02374,Pune,Android,Full,22,1-2y,17,8.44,148,161.0,490.01,26605.03,0.705,0.249,100,46,1,0.0158,1,0.0075,0.166,0.24,50,99,5.54,8.44,0.286,10753.53,0.341,15.21
UPI02375,Pune,Android,Minimum,8,6-12m,22,8.53,178,119.18,270.29,23178.28,0.576,0.434,80,91,1,0.0091,0,0.0047,0.184,0.39,53,88,1.76,4.48,0.398,11521.07,0.416,22.52
UPI02376,Bengaluru,Android,Full,29,2y+,15,2.5,40,438.83,987.14,14431.29,0.903,0.092,29,11,5,0.1289,4,0.1073,0.117,0.44,30,59,4.33,18.13,0.097,1076.13,0.54,57.7
UPI02377,Bengaluru,Android,Full,21,1-2y,8,1.45,17,755.59,1601.47,11328.38,0.422,0.525,3,10,2,0.1248,3,0.1801,0.023,0.284,13,19,2.81,43.47,0.378,6112.8,0.261,53.87
UPI02378,Ahmedabad,Android,Full,20,1-2y,6,1.51,15,496.34,901.08,8244.82,0.621,0.301,6,10,0,0.0004,1,0.0695,0.049,0.218,3,3,4.32,41.92,0.287,2383.66,0.406,6.2
UPI02379,Mumbai,Android,Full,18,1-2y,12,2.67,31,4188.51,12076.92,139323.19,0.754,0.199,19,10,2,0.0733,1,0.038,0.11,0.271,10,15,6.98,19.77,0.51,78582.25,0.36,29.2
UPI02380,Delhi,Android,Minimum,31,2y+,17,3.3,49,669.47,2334.89,38056.97,0.563,0.431,14,37,1,0.0333,0,0.0008,0.052,0.22,35,60,4.99,12.61,0.414,27778.37,0.305,20.99
UPI02381,Delhi,Android,Full,24,1-2y,23,5.4,123,952.56,2982.56,104735.35,0.879,0.146,78,46,4,0.0383,0,0.0028,0.067,0.229,50,103,2.12,5.14,0.379,35701.82,0.424,19.0
UPI02382,Ahmedabad,Android,Full,26,2y+,23,7.58,198,170.9,429.29,31267.35,0.644,0.396,126,75,8,0.0523,0,0.0031,0.219,0.343,101,220,5.08,4.21,0.335,22424.55,0.42,23.96
UPI02383,Pune,Android,Full,18,1-2y,23,5.86,148,1016.08,2836.92,167150.7,0.507,0.53,77,74,4,0.0397,1,0.0107,0.099,0.325,29,39,5.73,2.35,0.555,66288.53,0.326,38.28
UPI02384,Chennai,Android,Premium,17,1-2y,22,8.26,194,214.77,368.03,37013.83,0.634,0.37,76,111,3,0.0285,2,0.0128,0.173,0.347,81,132,8.18,3.0,0.156,23376.67,0.296,37.97
UPI02385,Chennai,Android,Full,34,2y+,17,8.23,144,91.44,224.35,15004.55,0.498,0.5,59,81,2,0.0273,0,0.0069,0.123,0.356,57,99,8.37,3.12,0.216,10651.7,0.38,30.14
UPI02386,Bengaluru,Android,Full,13,1-2y,7,1.46,17,649.0,1461.94,9908.13,0.625,0.369,8,5,2,0.1291,1,0.0651,0.122,0.487,15,18,2.75,41.29,0.437,5765.1,0.355,27.64
UPI02387,Pune,Android,Premium,21,1-2y,26,2.57,67,1085.03,2353.14,64203.16,0.826,0.17,39,29,6,0.102,0,0.0042,0.168,0.438,67,116,5.03,9.11,0.226,36244.98,0.386,35.11
UPI02388,Mumbai,Android,Full,28,2y+,23,5.59,102,184.35,536.21,16291.22,0.572,0.42,42,59,4,0.0442,1,0.0169,0.083,0.347,75,145,5.81,5.8,0.607,3045.71,0.328,35.92
UPI02389,Pune,Android,Full,33,2y+,23,4.25,102,528.38,1662.79,48028.92,0.942,0.076,86,13,4,0.0449,1,0.0112,0.156,0.277,52,65,3.31,6.9,0.391,14205.27,0.489,6.53
UPI02390,Delhi,Android,Full,16,1-2y,21,5.03,88,506.31,1312.2,48068.82,0.933,0.095,80,5,5,0.0721,1,0.019,0.191,0.219,51,99,3.9,8.58,0.282,9674.19,0.406,34.61
UPI02391,Pune,Android,Full,4,0-6m,19,2.42,63,2391.57,7244.12,144797.58,0.565,0.392,16,44,0,0.0138,1,0.0213,0.062,0.336,51,58,4.17,16.84,0.219,36777.0,0.316,19.04
UPI02392,Pune,Android,Full,1,0-6m,16,6.69,105,192.91,437.98,23864.76,0.713,0.285,77,29,7,0.0722,2,0.0263,0.208,0.278,31,76,5.0,8.8,0.426,9201.92,0.363,52.75
UPI02393,Chennai,Android,Minimum,17,1-2y,22,4.9,109,124.27,282.81,13677.9,0.607,0.358,64,44,5,0.0498,0,0.0002,0.053,0.309,63,152,4.1,6.45,0.05,6233.71,0.352,20.13
UPI02394,Kolkata,Android,Premium,22,1-2y,15,4.32,73,295.23,819.8,20727.06,0.56,0.467,37,38,7,0.1084,1,0.0196,0.104,0.203,42,81,4.59,12.39,0.413,12683.71,0.327,30.63
UPI02395,Delhi,iOS,Full,23,1-2y,22,9.48,187,277.66,848.82,57463.02,0.562,0.408,90,93,1,0.0168,3,0.0196,0.205,0.355,77,121,9.72,4.3,0.506,29538.9,0.336,33.16
UPI02396,Chennai,Android,Full,11,6-12m,8,0.97,3,317.14,863.99,916.89,0.485,0.592,1,3,0,0.0131,0,0.0086,0.022,0.369,11,18,2.72,236.7,0.454,50,0.312,21.3
UPI02397,Mumbai,Android,Full,1,0-6m,7,17.87,132,1483.02,5577.54,215015.65,0.349,0.751,35,94,2,0.0338,7,0.0534,0.529,0.416,17,24,9.4,6.19,0.792,119593.42,0.329,77.2
UPI02398,Bengaluru,Android,Minimum,3,0-6m,25,7.9,201,174.24,313.97,36865.19,0.576,0.418,90,115,6,0.0357,1,0.0103,0.195,0.256,76,172,6.35,0.2,0.164,13687.36,0.372,33.24
UPI02399,Chennai,Android,Minimum,19,1-2y,27,0.7,31,396.97,995.77,11333.03,0.592,0.443,12,22,4,0.1309,0,0.0057,0.105,0.34,66,129,3.65,18.84,0.229,1012.39,0.301,37.12
UPI02400,Delhi,iOS,Premium,1,0-6m,5,2.08,15,495.27,1894.52,8205.17,0.341,0.606,3,12,0,0.0085,0,0.0048,0.082,0.392,6,10,3.72,47.64,0.564,2803.68,0.241,29.04
UPI02401,Chennai,iOS,Full,19,1-2y,20,3.12,54,657.83,1901.02,39707.41,0.892,0.127,36,17,5,0.0937,1,0.0194,0.064,0.262,65,106,6.96,12.56,0.134,24675.62,0.421,6.04
UPI02402,Chennai,Android,Minimum,12,6-12m,22,2.29,53,2471.68,6819.48,137415.76,0.683,0.337,23,34,5,0.1043,0,0.004,0.07,0.295,28,38,4.32,10.84,0.328,98136.02,0.315,34.97
UPI02403,Delhi,Android,Minimum,18,1-2y,25,6.3,157,122.27,369.86,21973.85,0.535,0.454,54,100,1,0.02,0,0.0057,0.203,0.267,60,83,8.64,0.2,0.498,3962.07,0.238,14.8
UPI02404,Chennai,Android,Full,6,0-6m,13,2.43,24,759.88,2255.97,17970.91,0.482,0.499,10,17,4,0.1798,0,0.0016,0.159,0.297,26,47,1.21,29.96,0.394,4907.01,0.319,58.66
UPI02405,Chennai,Android,Premium,17,1-2y,17,11.14,187,2098.28,8803.75,374863.76,0.586,0.471,115,67,15,0.0931,8,0.0497,0.396,0.594,77,110,8.17,2.44,0.882,131076.51,0.441,60.81
UPI02406,Pune,Android,Full,33,2y+,22,3.55,87,440.96,1085.49,35906.47,0.49,0.467,37,47,6,0.0809,0,0.0002,0.067,0.242,37,45,3.89,8.12,0.427,22541.36,0.357,24.74
UPI02407,Chennai,Android,Full,1,0-6m,14,5.97,88,510.39,1204.39,37698.42,0.87,0.105,49,38,6,0.0768,3,0.0409,0.132,0.346,38,53,5.57,5.22,0.53,19238.86,0.462,34.21
UPI02408,Pune,iOS,Full,17,1-2y,14,2.98,44,2057.83,4380.24,75112.12,0.781,0.218,21,28,0,0.012,1,0.0231,0.055,0.219,25,46,4.64,13.92,0.294,39446.54,0.344,7.54
UPI02409,Pune,Android,Full,18,1-2y,7,0.6,4,439.23,964.96,2063.74,0.642,0.288,3,0,3,0.35,1,0.2,0.053,0.395,6,10,2.85,180.49,0.252,298.1,0.307,92.25
UPI02410,Delhi,Android,Minimum,8,6-12m,11,7.58,89,2037.97,6784.82,211496.12,0.421,0.476,25,62,2,0.0356,7,0.0787,0.64,0.5,37,61,5.39,6.71,0.688,143763.79,0.303,59.95
UPI02411,Kolkata,iOS,Full,11,6-12m,17,12.63,222,1909.87,4812.61,388218.83,0.61,0.484,74,151,13,0.0673,9,0.043,0.395,0.358,74,104,7.39,2.94,0.598,200754.15,0.349,56.83
UPI02412,Chennai,Android,Full,14,1-2y,24,4.02,156,898.63,3298.91,151980.93,0.827,0.163,116,41,7,0.0588,0,0.0005,0.15,0.364,40,66,4.89,7.29,0.634,70999.47,0.468,14.03
UPI02413,Kolkata,Android,Premium,28,2y+,22,6.4,106,662.78,1186.68,66725.0,0.65,0.385,68,36,0,0.0135,0,0.0098,0.133,0.315,47,86,2.95,1.32,0.263,37984.1,0.412,15.51
UPI02414,Bengaluru,Android,Full,10,6-12m,20,1.91,21,723.43,2035.8,13232.63,0.848,0.14,12,14,0,0.0037,0,0.0041,0.174,0.329,29,50,5.7,29.22,0.316,7931.89,0.384,11.61
UPI02415,Chennai,iOS,Minimum,27,2y+,24,2.77,82,188.4,484.93,12963.89,0.655,0.387,39,43,6,0.0797,2,0.0268,0.172,0.258,71,144,6.71,9.8,0.156,4459.3,0.352,29.5
UPI02416,Hyderabad,Android,Full,18,1-2y,26,7.16,206,175.05,540.54,35878.5,0.709,0.251,119,89,6,0.0432,2,0.0128,0.066,0.242,106,250,4.78,2.98,0.44,11494.83,0.403,19.06
UPI02417,Kolkata,Android,Full,23,1-2y,20,6.69,138,720.22,2222.63,96994.9,0.83,0.172,71,67,5,0.0421,0,0.0069,0.157,0.424,57,73,3.69,2.02,0.567,62629.87,0.44,25.72
UPI02418,Ahmedabad,iOS,Full,21,1-2y,19,1.16,40,636.31,1067.48,28834.39,0.527,0.499,17,20,1,0.0342,0,0.0043,0.132,0.266,51,77,6.6,17.8,0.132,12409.43,0.358,28.1
UPI02419,Bengaluru,Android,Full,22,1-2y,27,5.2,165,333.99,934.66,63412.89,0.86,0.139,119,48,2,0.0259,0,0.003,0.066,0.382,61,78,4.58,3.87,0.335,34966.57,0.435,17.07
UPI02420,Mumbai,Android,Full,8,6-12m,8,4.66,52,884.58,2933.64,49451.71,0.489,0.483,22,30,2,0.0491,1,0.0265,0.093,0.413,19,35,2.63,14.5,0.289,28949.76,0.386,26.97
UPI02421,Pune,iOS,Full,26,2y+,24,4.66,121,1427.66,2235.44,178088.26,0.499,0.481,49,70,2,0.0218,1,0.0142,0.091,0.41,60,69,6.12,10.14,0.119,22072.34,0.306,21.54
UPI02422,Chennai,Android,Full,15,1-2y,19,5.7,122,565.51,1383.45,66253.92,0.902,0.084,88,33,3,0.0324,3,0.0338,0.171,0.229,28,40,3.39,4.07,0.365,39758.95,0.462,15.36
UPI02423,Chennai,Android,Premium,14,1-2y,19,2.84,51,147.65,452.43,7167.2,0.548,0.428,26,23,6,0.1298,0,0.0054,0.191,0.231,50,78,6.23,14.0,0.284,7088.36,0.344,50.75
UPI02424,Delhi,Android,Full,18,1-2y,5,3.88,23,5003.13,9290.77,135055.75,0.562,0.442,12,12,3,0.141,0,0.0035,0.156,0.239,10,15,2.81,36.33,0.136,46473.7,0.339,59.58
UPI02425,Chennai,Android,Premium,2,0-6m,4,1.26,5,255.09,547.06,1323.09,0.487,0.527,0,0,1,0.2096,0,0.0041,0.119,0.457,7,8,3.26,146.67,0.171,476.91,0.314,62.54
UPI02426,Chennai,Android,Premium,11,6-12m,22,3.33,66,513.02,1151.52,37563.47,0.906,0.08,57,12,1,0.0247,3,0.0528,0.054,0.428,66,91,6.11,8.46,0.391,11385.95,0.48,17.31
UPI02427,Mumbai,iOS,Premium,44,2y+,28,10.05,291,214.12,607.65,66186.29,0.586,0.407,135,155,10,0.0405,1,0.0077,0.171,0.241,81,118,6.56,4.43,0.395,42340.53,0.361,19.71
UPI02428,Pune,Android,Full,26,2y+,16,0.87,9,1027.49,3468.55,8939.49,0.591,0.453,3,6,5,0.35,1,0.1206,0.176,0.278,45,63,5.38,77.95,0.61,2369.18,0.348,91.82
UPI02429,Mumbai,iOS,Premium,23,1-2y,22,5.44,148,129.53,336.04,21191.11,0.64,0.362,60,86,5,0.0367,2,0.0179,0.058,0.32,74,124,8.04,9.31,0.375,12098.11,0.336,18.08
UPI02430,Delhi,Android,Full,7,6-12m,11,13.45,127,2658.7,6937.45,365733.78,0.568,0.502,74,55,21,0.1847,9,0.0759,0.633,0.34,22,34,5.91,10.15,0.622,119998.15,0.329,91.64
UPI02431,Chennai,Android,Minimum,26,2y+,13,3.67,38,2491.54,7464.73,100492.92,0.58,0.407,18,17,3,0.0862,0,0.0042,0.17,0.34,28,48,5.24,19.01,0.339,8883.73,0.317,31.29
UPI02432,Mumbai,Android,Premium,27,2y+,15,4.93,73,1805.18,4773.24,130784.41,0.271,0.635,7,64,8,0.1347,14,0.1946,0.728,0.686,54,119,8.45,4.71,0.462,57819.62,0.291,80.74
UPI02433,Pune,iOS,Minimum,21,1-2y,21,2.32,101,582.99,1208.56,62261.86,0.805,0.189,82,15,6,0.0696,2,0.0227,0.093,0.275,70,138,7.22,5.1,0.321,34699.31,0.448,28.74
UPI02434,Bengaluru,iOS,Full,18,1-2y,20,6.83,140,181.17,503.14,27991.71,0.546,0.418,48,95,6,0.0484,1,0.0073,0.215,0.367,50,123,6.83,4.81,0.225,5822.16,0.264,35.77
UPI02435,Hyderabad,iOS,Full,17,1-2y,22,8.87,187,127.92,274.38,21097.53,0.568,0.394,103,88,3,0.026,2,0.0206,0.146,0.381,93,123,3.45,1.76,0.101,8031.29,0.312,41.1
UPI02436,Pune,Android,Full,4,0-6m,15,4.87,87,910.47,2313.35,86734.45,0.634,0.415,58,28,4,0.0597,2,0.0312,0.064,0.27,47,68,4.03,12.75,0.17,29866.94,0.409,37.07
UPI02437,Mumbai,Android,Minimum,3,0-6m,25,4.77,93,589.23,822.85,53141.5,0.883,0.093,45,45,8,0.0906,0,0.0008,0.174,0.279,52,73,7.73,4.13,0.232,24814.81,0.476,28.73
UPI02438,Kolkata,Android,Full,1,0-6m,27,6.2,180,1179.5,3499.5,248326.05,0.927,0.066,158,25,3,0.0243,0,0.0084,0.115,0.298,82,135,5.99,1.04,0.333,153879.55,0.387,14.83
UPI02439,Hyderabad,Android,Full,12,6-12m,22,4.21,76,194.65,345.93,13351.82,0.504,0.543,38,36,5,0.08,0,0.0021,0.09,0.278,53,107,7.03,6.89,0.224,4563.08,0.282,23.57
UPI02440,Chennai,Android,Premium,20,1-2y,26,5.72,177,837.4,2444.23,157191.88,0.904,0.102,152,25,2,0.0201,0,0.0039,0.064,0.237,75,140,5.96,2.09,0.435,115704.88,0.379,3.01
UPI02441,Delhi,Android,Full,15,1-2y,21,3.66,80,617.2,1504.69,41322.85,0.689,0.325,40,35,4,0.0643,0,0.005,0.133,0.304,35,56,2.68,7.13,0.262,4631.5,0.407,27.5
UPI02442,Mumbai,Android,Full,21,1-2y,4,0.95,2,249.8,551.84,482.86,0.605,0.351,2,0,3,0.35,0,0.0016,0.02,0.502,2,3,3.03,250,0.14,50,0.448,71.22
UPI02443,Ahmedabad,Android,Premium,22,1-2y,25,2.54,97,227.48,277.72,18544.3,0.479,0.498,30,64,1,0.0109,3,0.0379,0.061,0.316,58,79,3.56,6.88,0.05,6098.16,0.361,13.05
UPI02444,Kolkata,iOS,Minimum,8,6-12m,22,6.46,140,140.19,386.02,21862.97,0.572,0.417,62,78,8,0.0591,2,0.0143,0.104,0.229,44,95,7.18,2.98,0.293,9069.2,0.39,31.07
UPI02445,Kolkata,Android,Minimum,24,1-2y,24,7.76,199,182.35,398.41,30830.93,0.613,0.432,114,83,5,0.027,1,0.0131,0.074,0.243,82,204,7.89,2.99,0.163,20665.95,0.314,22.27
UPI02446,Chennai,iOS,Premium,12,6-12m,24,7.47,180,122.61,420.12,20608.6,0.546,0.463,88,88,0,0.0106,3,0.0182,0.114,0.301,57,87,5.77,2.2,0.498,13935.12,0.354,25.78
UPI02447,Ahmedabad,Android,Full,7,6-12m,19,5.25,94,117.73,240.12,11407.88,0.493,0.549,29,61,7,0.0789,1,0.0172,0.219,0.4,67,119,4.51,11.24,0.411,2840.54,0.249,46.41
UPI02448,Pune,Android,Minimum,5,0-6m,15,10.49,154,794.65,2754.74,126181.88,0.507,0.481,76,81,18,0.142,5,0.0378,0.718,0.588,48,73,3.86,3.41,0.55,87092.78,0.336,94.31
UPI02449,Chennai,iOS,Premium,12,6-12m,26,5.73,122,829.46,2599.59,114201.41,0.81,0.216,101,21,5,0.0541,2,0.0256,0.155,0.272,53,106,6.82,5.39,0.37,47464.38,0.411,15.57
UPI02450,Bengaluru,iOS,Minimum,7,6-12m,29,7.1,180,251.1,729.61,37836.18,0.552,0.423,69,108,2,0.0141,0,0.0046,0.126,0.389,95,200,4.3,4.63,0.175,21657.67,0.399,25.68
UPI02451,Pune,Android,Premium,32,2y+,18,3.51,52,4016.92,13369.66,206311.38,0.632,0.377,21,30,5,0.1062,0,0.0067,0.043,0.291,31,50,4.03,11.96,0.535,143310.14,0.383,36.51
UPI02452,Pune,Android,Premium,11,6-12m,8,1.63,9,357.16,1182.93,2975.86,0.407,0.552,4,1,0,0.0059,1,0.1168,0.061,0.4,11,18,3.85,77.79,0.255,2021.73,0.235,25.38
UPI02453,Kolkata,Android,Minimum,12,6-12m,24,7.8,155,177.73,572.32,24718.38,0.514,0.511,72,79,3,0.0202,0,0.0015,0.192,0.388,91,132,4.34,3.3,0.468,20093.17,0.292,25.89
UPI02454,Hyderabad,Android,Full,9,6-12m,18,1.46,15,380.45,793.41,5878.37,0.718,0.27,6,11,0,0.0045,5,0.2,0.114,0.266,37,72,4.54,46.41,0.323,4854.73,0.424,39.61
UPI02455,Chennai,Android,Premium,25,2y+,27,4.96,126,444.59,1012.45,61690.31,0.812,0.167,86,38,1,0.0185,0,0.0012,0.143,0.399,65,127,7.5,1.82,0.188,31263.12,0.45,18.39
UPI02456,Bengaluru,Android,Premium,3,0-6m,16,3.35,61,2913.85,5839.81,197651.87,0.575,0.451,34,25,0,0.0035,1,0.0261,0.086,0.197,40,66,5.63,13.56,0.164,69855.15,0.358,31.75
UPI02457,Pune,Android,Full,20,1-2y,18,6.6,98,829.44,2362.47,79091.55,0.95,0.02,59,38,0,0.0003,6,0.0638,0.098,0.354,34,58,5.22,3.98,0.371,30204.66,0.518,14.43
UPI02458,Ahmedabad,Android,Minimum,25,2y+,15,0.5,1,922.98,2486.19,1013.56,0.379,0.698,0,1,25,0.35,15,0.2,0.379,0.685,50,72,10.69,250,0.577,985.9,0.324,99.43
UPI02459,Ahmedabad,Android,Full,34,2y+,19,3.88,71,865.06,3532.98,57366.93,0.474,0.547,33,38,3,0.0573,3,0.0431,0.06,0.218,32,56,3.56,9.4,0.803,14052.08,0.311,31.0
UPI02460,Ahmedabad,iOS,Full,20,1-2y,25,2.42,49,4593.6,7975.09,244561.32,0.57,0.376,24,29,1,0.0239,2,0.0421,0.084,0.259,61,70,5.26,14.23,0.127,67412.56,0.375,28.23
UPI02461,Ahmedabad,Android,Full,13,1-2y,19,4.71,59,575.1,1590.57,38933.59,0.864,0.127,35,22,4,0.0815,3,0.0571,0.185,0.387,51,95,5.91,15.37,0.34,12523.62,0.438,30.92
UPI02462,Bengaluru,Android,Full,23,1-2y,22,4.63,98,95.31,228.0,10405.23,0.54,0.479,35,63,3,0.0393,0,0.007,0.134,0.31,69,102,6.65,7.99,0.33,1719.09,0.347,32.2
UPI02463,Chennai,Android,Full,27,2y+,20,10.82,239,1479.98,5383.12,303465.51,0.2,0.755,50,190,23,0.1123,12,0.0506,0.365,0.372,88,152,7.11,0.31,0.736,95884.65,0.256,68.41
UPI02464,Ahmedabad,Android,Full,20,1-2y,18,3.99,57,1198.76,2025.3,74489.67,0.946,0.057,56,0,4,0.0835,3,0.057,0.148,0.4,40,62,6.52,10.79,0.05,16486.52,0.483,39.13
UPI02465,Hyderabad,Android,Full,14,1-2y,10,2.52,18,985.91,2716.26,17589.49,0.894,0.11,18,5,0,0.0039,1,0.0602,0.049,0.362,27,53,4.65,37.35,0.492,11560.12,0.482,13.54
UPI02466,Pune,Android,Full,7,6-12m,20,3.46,86,952.05,1980.39,85722.37,0.762,0.189,56,30,4,0.0508,0,0.0001,0.058,0.272,48,76,1.8,9.83,0.081,45590.89,0.341,17.19
UPI02467,Delhi,Android,Full,14,1-2y,26,5.08,154,424.91,1217.65,55311.77,0.804,0.174,102,57,4,0.0264,0,0.0054,0.144,0.355,78,129,3.99,3.36,0.519,18668.07,0.388,5.4
UPI02468,Delhi,Android,Full,29,2y+,10,9.31,95,2943.95,8459.11,295750.67,0.323,0.637,18,80,17,0.1873,5,0.0625,0.644,0.569,39,77,8.29,12.55,0.527,194504.04,0.365,71.82
UPI02469,Delhi,Android,Full,19,1-2y,13,5.4,82,462.82,1352.52,33745.36,0.514,0.448,29,54,3,0.0383,0,0.0006,0.141,0.271,28,38,5.83,10.25,0.44,24239.58,0.376,19.39
UPI02470,Hyderabad,Android,Full,22,1-2y,25,4.25,85,621.42,1540.97,53582.08,0.555,0.434,38,43,1,0.0256,2,0.0264,0.143,0.238,62,106,1.57,5.47,0.163,34515.76,0.31,20.52
UPI02471,Chennai,Android,Full,15,1-2y,22,3.96,63,726.91,1992.62,52743.23,0.57,0.477,24,41,3,0.0624,0,0.0071,0.117,0.347,59,65,5.8,6.73,0.363,14396.83,0.316,33.04
UPI02472,Bengaluru,iOS,Full,28,2y+,25,8.43,223,146.22,487.45,30635.96,0.54,0.498,127,97,0,0.0091,1,0.0119,0.143,0.382,74,112,5.26,4.44,0.534,14053.74,0.381,13.47
UPI02473,Ahmedabad,Android,Premium,1,0-6m,3,9.05,24,2055.07,9031.15,51513.31,0.344,0.565,0,24,27,0.35,5,0.2,0.361,0.636,18,35,10.58,28.28,0.654,10053.29,0.375,100
UPI02474,Bengaluru,Android,Full,42,2y+,17,4.84,105,4657.41,14628.8,485543.54,0.627,0.318,62,42,0,0.0118,3,0.0384,0.031,0.34,32,55,5.48,3.91,0.401,200686.14,0.405,9.92
UPI02475,Chennai,iOS,Full,20,1-2y,24,8.59,183,93.88,168.14,16644.7,0.524,0.49,67,110,7,0.0399,1,0.0058,0.173,0.372,73,134,3.5,8.94,0.173,10354.56,0.277,24.95
UPI02476,Hyderabad,Android,Full,2,0-6m,19,7.6,162,1061.77,3012.33,197266.76,0.863,0.154,98,65,0,0.0058,0,0.0011,0.148,0.326,54,85,2.58,0.2,0.579,129690.68,0.448,16.09
UPI02477,Hyderabad,Android,Full,21,1-2y,25,2.4,46,1850.94,5516.91,97219.49,0.652,0.319,26,22,6,0.1342,0,0.0091,0.098,0.184,57,90,5.31,13.85,0.415,62253.84,0.306,31.06
UPI02478,Delhi,Android,Premium,19,1-2y,14,13.63,185,40,127.26,6115.56,0.425,0.517,49,136,16,0.1059,4,0.0271,0.498,0.457,33,98,5.61,3.21,0.61,6080.51,0.313,56.83
UPI02479,Hyderabad,iOS,Full,19,1-2y,14,5.12,88,624.36,1637.19,47336.8,0.785,0.217,63,26,0,0.0104,0,0.0099,0.118,0.217,40,53,6.18,6.23,0.393,12591.95,0.396,13.42
UPI02480,Kolkata,Android,Full,4,0-6m,14,4.28,75,567.67,1211.08,43842.11,0.57,0.427,29,44,5,0.0746,1,0.0209,0.079,0.201,28,43,3.41,9.71,0.474,16303.59,0.303,41.71
UPI02481,Kolkata,Android,Full,32,2y+,27,8.67,257,237.67,750.1,59068.9,0.65,0.387,112,147,7,0.0376,1,0.0099,0.083,0.391,94,151,7.35,0.2,0.284,35408.2,0.361,34.28
UPI02482,Ahmedabad,Android,Full,11,6-12m,22,5.07,99,830.66,2519.75,75180.71,0.835,0.175,52,51,2,0.0356,2,0.0227,0.138,0.405,41,55,7.96,4.82,0.336,18103.65,0.465,28.21
UPI02483,Kolkata,Android,Full,18,1-2y,16,6.45,116,26.89,79.95,2592.96,0.585,0.436,51,68,7,0.0659,0,0.0054,0.129,0.386,59,141,5.87,4.91,0.304,1537.75,0.384,22.87
UPI02484,Ahmedabad,Android,Full,11,6-12m,17,4.39,64,859.61,1640.69,48762.52,0.586,0.436,29,39,4,0.0641,1,0.016,0.08,0.378,53,98,3.71,5.4,0.089,27336.25,0.351,15.3
UPI02485,Ahmedabad,iOS,Full,32,2y+,19,2.5,37,3895.15,10595.48,145283.53,0.666,0.285,22,17,2,0.0625,1,0.0347,0.1,0.353,38,43,3.72,24.29,0.373,22737.84,0.373,27.48
UPI02486,Kolkata,iOS,Minimum,26,2y+,25,4.23,116,188.59,640.75,22798.43,0.668,0.316,43,71,2,0.0271,0,0.0055,0.132,0.262,93,209,3.28,2.15,0.659,7374.76,0.415,29.19
UPI02487,Delhi,Android,Full,12,6-12m,20,1.41,1,2999.04,10783.24,3151.61,0.743,0.224,1,0,4,0.35,2,0.2,0.136,0.292,25,34,3.81,250,0.409,2981.02,0.429,84.14
UPI02488,Kolkata,Android,Full,30,2y+,17,5.09,71,285.83,560.97,23695.17,0.565,0.464,37,35,3,0.0478,0,0.0064,0.098,0.41,31,40,2.25,12.98,0.357,2577.4,0.369,24.96
UPI02489,Kolkata,Android,Full,35,2y+,22,3.78,75,93.08,378.52,7885.97,0.481,0.565,28,45,3,0.0488,3,0.0474,0.122,0.391,44,79,4.9,11.49,0.411,1197.83,0.387,36.63
UPI02490,Chennai,iOS,Full,20,1-2y,14,1.61,9,990.83,2885.26,10200.31,0.789,0.185,9,5,2,0.2297,0,0.0015,0.058,0.329,39,49,5.36,84.04,0.464,4553.3,0.438,45.21
UPI02491,Delhi,Android,Full,1,0-6m,18,4.54,84,250.34,797.93,22742.52,0.953,0.044,54,28,0,0.0115,3,0.0446,0.115,0.353,45,60,6.18,11.38,0.161,2168.22,0.462,20.68
UPI02492,Bengaluru,iOS,Minimum,11,6-12m,9,1.11,9,447.03,995.87,4326.18,0.419,0.613,8,0,4,0.35,1,0.1203,0.102,0.227,11,11,2.46,81.2,0.149,3850.5,0.229,81.59
UPI02493,Bengaluru,Android,Minimum,16,1-2y,4,1.62,6,248.92,510.08,1253.6,0.567,0.439,6,0,3,0.35,1,0.1755,0.043,0.292,6,7,3.92,126.39,0.278,1818.18,0.34,87.21
UPI02494,Kolkata,Android,Full,4,0-6m,21,1.94,55,4126.76,13010.66,215462.22,0.653,0.312,37,12,1,0.0226,0,0.0003,0.038,0.195,36,63,5.78,12.12,0.523,96682.73,0.377,30.07
UPI02495,Ahmedabad,Android,Full,12,6-12m,2,1.68,1,112.43,431.54,123.28,0.473,0.458,1,1,1,0.35,1,0.2,0.087,0.464,2,3,1.6,250,0.548,734.21,0.261,93.88
UPI02496,Hyderabad,Android,Full,29,2y+,26,5.39,154,154.86,456.13,23528.12,0.61,0.411,69,83,3,0.0262,1,0.0149,0.187,0.358,93,185,6.14,5.75,0.419,6854.54,0.34,24.87
UPI02497,Kolkata,Android,Full,29,2y+,20,4.26,84,641.1,1621.09,48312.24,0.534,0.417,35,44,5,0.0649,2,0.0257,0.176,0.265,47,68,4.2,3.11,0.318,14967.59,0.337,26.85
UPI02498,Chennai,Android,Minimum,9,6-12m,27,5.19,141,183.52,523.7,29906.51,0.59,0.409,55,88,3,0.0272,0,0.0022,0.141,0.377,54,73,5.92,3.3,0.523,19146.63,0.359,24.28
UPI02499,Mumbai,Android,Full,25,2y+,9,0.73,2,477.55,1266.9,1101.49,0.301,0.772,2,2,2,0.35,0,0.0001,0.056,0.336,18,29,1.87,250,0.328,2287.57,0.235,83.53
UPI02500,Chennai,iOS,Minimum,9,6-12m,6,4.86,24,1322.75,3532.8,33243.2,0.935,0.046,13,14,4,0.168,0,0.0018,0.125,0.249,15,20,6.15,24.65,0.172,16431.3,0.468,42.74
UPI02501,Bengaluru,Android,Minimum,11,6-12m,12,3.61,45,496.15,1164.57,25082.64,0.523,0.467,13,32,2,0.0503,0,0.0028,0.114,0.389,31,44,3.98,17.95,0.486,15147.64,0.277,15.43
UPI02502,Kolkata,Android,Full,40,2y+,31,4.17,135,1285.36,2218.66,194427.97,0.833,0.147,108,19,0,0.0073,0,0.0028,0.073,0.419,88,167,3.73,4.56,0.335,129943.72,0.369,1
UPI02503,Delhi,Android,Full,8,6-12m,25,5.4,135,740.59,2724.7,113285.89,0.808,0.21,84,52,1,0.022,3,0.0257,0.104,0.306,77,145,4.24,6.34,0.222,27570.84,0.378,12.5
UPI02504,Chennai,Android,Minimum,11,6-12m,26,3.99,77,3767.76,9319.7,262979.21,0.595,0.446,52,26,2,0.034,0,0.0008,0.172,0.286,51,61,2.85,12.86,0.194,93934.83,0.349,18.73
UPI02505,Delhi,Android,Full,14,1-2y,28,1.68,48,463.34,832.37,23757.49,0.563,0.473,24,23,0,0.0017,0,0.0097,0.114,0.25,52,72,2.7,13.68,0.173,7571.18,0.262,12.96
UPI02506,Chennai,iOS,Full,24,1-2y,6,0.5,1,606.42,2014.83,648.39,0.449,0.647,0,0,14,0.35,8,0.2,0.379,0.514,30,78,3.26,250,0.582,50,0.391,100
UPI02507,Kolkata,Android,Full,43,2y+,10,4.16,42,3678.18,7079.73,131305.93,0.607,0.428,29,8,1,0.0324,2,0.0484,0.032,0.262,21,34,7.76,12.2,0.355,97370.02,0.356,14.46
UPI02508,Chennai,Android,Minimum,23,1-2y,8,2.95,24,4743.97,16299.27,116185.09,0.762,0.233,24,1,2,0.0919,0,0.0021,0.169,0.225,22,37,2.96,30.29,0.462,20365.22,0.442,30.72
UPI02509,Delhi,Android,Minimum,17,1-2y,8,1.74,13,889.61,1331.71,10609.01,0.387,0.651,6,8,3,0.2397,0,0.0073,0.056,0.308,10,16,4.19,52.13,0.202,1532.28,0.339,54.8
UPI02510,Ahmedabad,Android,Minimum,29,2y+,15,2.7,46,744.26,1570.44,39438.06,0.685,0.312,27,19,3,0.0778,3,0.067,0.1,0.302,27,48,4.03,17.09,0.23,25050.35,0.326,31.54
UPI02511,Pune,Android,Full,5,0-6m,25,7.86,164,249.83,570.33,36186.32,0.657,0.312,64,102,12,0.0734,1,0.0067,0.077,0.222,89,172,7.71,4.15,0.301,14574.45,0.368,39.56
UPI02512,Delhi,Android,Full,10,6-12m,18,3.21,37,367.75,644.31,13187.64,0.867,0.124,31,8,3,0.0847,1,0.029,0.17,0.295,42,76,6.64,15.6,0.295,9070.46,0.416,33.76
UPI02513,Kolkata,Android,Minimum,8,6-12m,13,3.93,57,314.76,1163.13,15372.19,0.471,0.505,27,26,2,0.0461,1,0.0244,0.042,0.407,40,59,5.07,14.48,0.336,6388.16,0.344,37.81
UPI02514,Kolkata,Android,Full,33,2y+,20,3.86,63,887.86,2196.29,55589.24,0.857,0.16,39,23,5,0.0933,1,0.0227,0.198,0.337,60,73,4.1,9.46,0.286,30778.59,0.51,37.97
UPI02515,Pune,iOS,Full,27,2y+,22,4.43,96,297.94,715.04,27525.52,0.38,0.701,30,65,24,0.2583,6,0.0723,0.4,0.664,45,109,6.2,11.4,0.313,7589.79,0.366,79.79
UPI02516,Pune,Android,Full,21,1-2y,15,3.31,48,2758.94,7679.41,115548.15,0.612,0.421,24,26,2,0.0478,0,0.0056,0.116,0.348,28,41,6.74,11.03,0.313,22469.39,0.351,24.71
UPI02517,Pune,Android,Minimum,11,6-12m,23,3.4,83,489.38,1080.76,41418.02,0.883,0.132,46,32,4,0.0575,3,0.045,0.059,0.318,79,115,3.12,11.65,0.293,6512.95,0.393,33.19
UPI02518,Chennai,Android,Full,2,0-6m,15,4.7,76,1257.84,3170.62,106234.97,0.917,0.081,46,26,5,0.075,2,0.0318,0.183,0.298,36,48,6.93,4.39,0.312,53462.93,0.489,34.12
UPI02519,Delhi,Android,Full,39,2y+,13,4.69,69,4269.56,11983.34,268190.67,0.805,0.222,61,12,1,0.0196,1,0.0177,0.172,0.287,28,52,7.58,11.42,0.469,36388.15,0.347,24.6
UPI02520,Hyderabad,Android,Full,40,2y+,25,3.85,95,1357.31,2561.02,149913.42,0.897,0.092,79,15,3,0.0446,2,0.0231,0.145,0.369,49,73,7.45,11.16,0.368,31926.69,0.519,16.77
UPI02521,Mumbai,Android,Full,11,6-12m,8,0.81,5,477.22,1032.7,2524.09,0.493,0.516,0,5,0,0.0059,0,0.008,0.131,0.402,19,28,2.68,144.99,0.288,4067.57,0.289,20.17
UPI02522,Mumbai,Android,Full,16,1-2y,10,0.76,1,742.37,1845.26,867.12,0.612,0.466,1,1,4,0.35,0,0.0088,0.04,0.235,16,19,1.3,250,0.477,337.92,0.334,78.68
UPI02523,Kolkata,iOS,Minimum,22,1-2y,7,1.06,11,209.14,540.89,2187.77,0.631,0.423,4,8,1,0.1028,0,0.0043,0.143,0.509,14,21,5.45,66.35,0.376,50,0.435,26.41
UPI02524,Hyderabad,iOS,Premium,12,6-12m,20,4.07,93,3638.31,10191.43,309274.84,0.671,0.352,63,28,3,0.0365,0,0.0021,0.171,0.209,44,66,3.91,7.83,0.257,199988.2,0.332,32.55
UPI02525,Ahmedabad,Android,Full,14,1-2y,11,0.5,8,119.41,464.5,1041.25,0.463,0.61,0,8,0,0.0061,0,0.0067,0.026,0.471,19,24,3.47,87.95,0.443,715.75,0.261,11.87
UPI02526,Ahmedabad,Android,Premium,12,6-12m,31,5.63,158,49.47,170.62,8799.96,0.699,0.256,81,78,6,0.0424,1,0.0085,0.188,0.29,76,94,6.12,0.71,0.455,8463.77,0.353,29.19
UPI02527,Delhi,Android,Full,33,2y+,25,2.97,53,470.4,1108.18,23263.95,0.783,0.212,24,35,9,0.1744,3,0.0587,0.081,0.297,59,112,4.51,15.5,0.419,4377.83,0.355,41.16
UPI02528,Kolkata,Android,Full,25,2y+,21,3.69,53,1147.15,2713.65,66252.49,0.869,0.147,49,0,4,0.0883,5,0.1027,0.049,0.348,60,122,5.07,10.5,0.353,27008.28,0.399,40.33
UPI02529,Ahmedabad,Android,Minimum,28,2y+,10,1.0,15,266.43,636.27,3950.65,0.587,0.445,10,5,0,0.0024,0,0.006,0.15,0.353,23,24,3.41,47.97,0.523,3245.32,0.401,19.76
UPI02530,Bengaluru,Android,Minimum,8,6-12m,14,5.81,74,485.43,1217.32,37850.08,0.525,0.455,39,35,1,0.0233,1,0.0182,0.128,0.335,34,41,1.38,12.27,0.282,9267.1,0.36,17.06
UPI02531,Bengaluru,Android,Full,25,2y+,19,5.67,106,372.09,713.88,43887.53,0.834,0.194,61,42,6,0.0683,2,0.0244,0.158,0.238,40,59,6.08,7.87,0.132,17930.35,0.364,36.29
UPI02532,Pune,Android,Full,22,1-2y,6,0.32,4,275.1,570.15,922.15,0.545,0.446,0,3,0,0.0073,0,0.007,0.147,0.519,9,13,2.72,182.41,0.245,3113.22,0.39,7.26
UPI02533,Ahmedabad,Android,Minimum,3,0-6m,21,7.05,118,303.3,702.16,31501.22,0.599,0.434,72,46,5,0.0544,2,0.0196,0.088,0.224,69,94,6.36,9.25,0.326,14720.11,0.383,44.37
UPI02534,Chennai,iOS,Full,12,6-12m,5,0.74,1,451.27,1354.18,505.32,0.646,0.43,0,1,0,0.0139,1,0.2,0.138,0.373,8,9,3.58,250,0.451,50,0.378,29.6
UPI02535,Kolkata,Android,Minimum,1,0-6m,29,3.96,114,806.88,1895.06,97596.1,0.893,0.127,78,39,4,0.0492,0,0.005,0.077,0.415,92,143,5.61,3.22,0.551,40992.41,0.494,33.37
UPI02536,Chennai,Android,Full,7,6-12m,24,6.41,197,200.17,448.28,40460.37,0.62,0.404,113,85,6,0.0401,0,0.0081,0.213,0.365,69,107,6.01,4.37,0.248,5567.31,0.317,23.01
UPI02537,Hyderabad,iOS,Full,1,0-6m,19,7.04,134,906.28,2114.6,111820.87,0.921,0.054,98,38,4,0.0355,4,0.0333,0.116,0.286,45,70,4.05,7.2,0.433,52742.11,0.467,25.16
UPI02538,Delhi,iOS,Full,6,0-6m,14,10.28,111,1745.04,5399.61,163552.88,0.473,0.446,53,58,6,0.0771,11,0.1028,0.707,0.455,45,110,10.94,6.89,0.474,95455.84,0.35,71.27
UPI02539,Bengaluru,iOS,Full,8,6-12m,23,8.98,216,177.8,449.35,34518.13,0.564,0.466,104,109,4,0.0288,0,0.0041,0.096,0.396,68,101,6.16,4.63,0.517,19011.76,0.392,32.41
UPI02540,Delhi,Android,Minimum,26,2y+,24,5.63,121,200.99,532.54,21337.63,0.716,0.255,56,63,0,0.0025,0,0.0028,0.106,0.375,51,125,4.39,2.31,0.277,6704.13,0.422,8.5
UPI02541,Chennai,Android,Full,33,2y+,28,7.03,159,33.6,135.16,5924.78,0.6,0.398,95,62,8,0.0604,4,0.033,0.172,0.331,94,141,6.19,9.96,0.727,2666.65,0.275,38.22
UPI02542,Kolkata,Android,Minimum,34,2y+,14,2.37,48,4158.58,6618.48,232188.22,0.767,0.178,28,25,3,0.0757,0,0.0075,0.098,0.363,18,30,3.47,17.86,0.127,78970.92,0.402,11.15
UPI02543,Delhi,Android,Minimum,6,0-6m,20,6.23,119,850.58,2582.48,92069.09,0.711,0.313,74,47,4,0.0353,1,0.0103,0.119,0.249,24,38,5.14,7.0,0.435,25076.36,0.301,19.15
UPI02544,Bengaluru,Android,Full,11,6-12m,2,7.2,15,876.05,2068.55,13612.02,0.444,0.449,5,8,11,0.35,12,0.2,0.432,0.631,10,24,7.24,49.25,0.502,6299.01,0.296,100
UPI02545,Kolkata,iOS,Full,18,1-2y,18,3.21,59,2992.71,7977.86,149808.8,0.581,0.409,33,23,2,0.0454,0,0.0019,0.089,0.331,40,60,6.57,5.94,0.149,72423.14,0.393,26.21
UPI02546,Hyderabad,Android,Full,9,6-12m,7,0.46,1,560.91,1034.83,644.86,0.303,0.763,1,0,0,0.0013,0,0.0054,0.112,0.513,14,15,1.76,250,0.246,50,0.224,26.85
UPI02547,Ahmedabad,Android,Full,26,2y+,24,6.84,186,551.91,1678.07,98502.68,0.82,0.205,153,35,4,0.0367,4,0.025,0.107,0.4,57,79,4.12,0.63,0.432,36803.93,0.398,23.98
UPI02548,Ahmedabad,Android,Full,17,1-2y,20,1.83,41,1182.47,3483.38,54728.82,0.527,0.492,22,23,7,0.1738,0,0.0075,0.071,0.227,50,86,6.13,17.19,0.342,16544.83,0.374,45.11
UPI02549,Chennai,iOS,Full,18,1-2y,25,4.81,134,296.99,872.19,45095.36,0.852,0.168,86,46,1,0.0215,7,0.0605,0.145,0.224,54,84,5.11,4.93,0.29,16094.94,0.361,23.31
UPI02550,Ahmedabad,iOS,Full,17,1-2y,9,0.66,10,482.81,1042.45,4450.06,0.408,0.589,5,3,1,0.1024,0,0.0009,0.102,0.309,15,16,4.0,72.62,0.174,50,0.278,37.11
UPI02551,Hyderabad,Android,Full,17,1-2y,22,5.76,127,2400.23,10124.29,318899.41,0.297,0.784,21,107,28,0.2458,1,0.015,0.723,0.473,80,195,14.15,9.0,0.612,91085.85,0.268,81.23
UPI02552,Kolkata,Android,Full,24,1-2y,13,14.14,199,1776.26,6430.13,303138.12,0.517,0.428,100,99,12,0.0773,11,0.0588,0.434,0.482,30,68,4.56,5.46,0.838,164322.07,0.412,68.57
UPI02553,Hyderabad,iOS,Premium,15,1-2y,26,6.9,209,114.39,332.68,24082.27,0.603,0.364,80,125,3,0.0151,0,0.0051,0.127,0.27,60,133,7.88,2.21,0.25,14402.99,0.341,11.8
UPI02554,Hyderabad,Android,Full,23,1-2y,25,5.66,140,138.73,310.74,19924.58,0.511,0.522,54,82,7,0.0629,2,0.0227,0.184,0.371,77,95,6.63,3.68,0.41,7005.74,0.323,41.25
UPI02555,Pune,Android,Full,10,6-12m,25,3.92,64,686.33,2676.33,51573.95,0.591,0.395,31,36,5,0.0857,2,0.0377,0.08,0.256,47,81,4.07,6.76,0.462,10160.7,0.281,23.96
UPI02556,Pune,iOS,Premium,15,1-2y,17,2.63,60,1289.55,3352.34,72661.93,0.493,0.538,34,24,0,0.0017,1,0.0227,0.125,0.277,40,59,6.0,11.1,0.429,35345.34,0.289,24.25
UPI02557,Chennai,iOS,Premium,11,6-12m,22,6.62,118,288.69,1146.86,28417.23,0.627,0.384,49,69,4,0.038,5,0.048,0.09,0.294,76,114,5.03,6.87,0.632,10323.44,0.396,33.62
UPI02558,Mumbai,Android,Full,21,1-2y,15,2.2,21,1126.55,3850.86,21076.06,0.881,0.125,14,5,7,0.3388,2,0.1018,0.064,0.379,39,61,9.12,31.03,0.485,19055.22,0.445,77.78
UPI02559,Mumbai,Android,Full,14,1-2y,25,5.51,128,253.4,498.53,32404.0,0.553,0.436,55,75,8,0.0721,1,0.0088,0.089,0.224,93,122,3.5,9.04,0.39,18233.93,0.3,32.84
UPI02560,Pune,iOS,Minimum,32,2y+,21,2.65,60,839.75,2465.48,51277.41,0.71,0.302,44,19,6,0.1116,0,0.0004,0.129,0.237,41,74,4.04,16.32,0.279,30814.29,0.376,50.64
UPI02561,Chennai,Android,Full,21,1-2y,26,6.51,162,144.08,345.85,25906.4,0.505,0.495,73,90,7,0.0585,2,0.0194,0.187,0.331,91,172,6.4,1.86,0.254,14214.33,0.295,37.34
UPI02562,Pune,Android,Full,1,0-6m,9,4.5,46,934.14,2712.37,46373.01,0.845,0.153,41,5,4,0.0989,2,0.0534,0.107,0.355,34,51,6.98,18.06,0.513,6108.84,0.381,44.8
UPI02563,Bengaluru,Android,Minimum,27,2y+,21,3.26,58,3144.07,7777.13,212859.22,0.579,0.408,25,34,5,0.1003,0,0.0006,0.149,0.34,35,38,3.85,11.05,0.318,89021.96,0.388,29.0
UPI02564,Hyderabad,Android,Full,13,1-2y,25,5.55,130,835.57,1224.48,117374.1,0.885,0.115,75,55,6,0.0606,1,0.009,0.083,0.308,58,113,7.59,7.22,0.179,29201.39,0.472,22.16
UPI02565,Mumbai,Android,Premium,20,1-2y,14,4.23,60,3391.78,13272.22,237534.74,0.573,0.451,24,39,3,0.059,0,0.009,0.168,0.226,15,26,5.38,9.32,0.605,114160.31,0.27,23.74
UPI02566,Bengaluru,Android,Full,8,6-12m,25,7.75,183,54.25,116.78,11421.51,0.52,0.442,77,106,10,0.0677,2,0.0162,0.126,0.224,101,140,4.87,2.96,0.211,1094.16,0.302,37.8
UPI02567,Ahmedabad,Android,Minimum,11,6-12m,25,6.46,147,770.69,1961.71,111540.54,0.787,0.22,78,68,3,0.0258,3,0.0223,0.059,0.268,57,94,6.37,2.85,0.414,20567.52,0.441,15.61
UPI02568,Bengaluru,Android,Minimum,33,2y+,14,7.39,107,908.17,3301.03,92831.51,0.421,0.464,41,66,13,0.1352,5,0.0565,0.464,0.437,36,57,5.2,6.16,0.59,55363.26,0.352,65.98
UPI02569,Chennai,Android,Minimum,9,6-12m,5,0.96,1,237.74,457.45,234.36,0.385,0.671,0,0,0,0.008,2,0.2,0.124,0.308,8,9,3.63,250,0.36,50,0.29,32.19
UPI02570,Ahmedabad,Android,Full,24,1-2y,18,4.62,70,1204.8,3822.45,82359.69,0.857,0.119,38,31,0,0.0115,0,0.0034,0.15,0.437,42,76,4.68,11.89,0.478,57771.96,0.497,16.57
UPI02571,Hyderabad,Android,Premium,26,2y+,26,6.95,148,271.58,637.65,35378.0,0.599,0.439,94,54,7,0.0612,2,0.0161,0.117,0.31,61,128,7.77,7.25,0.43,11805.94,0.351,39.63
UPI02572,Kolkata,Android,Premium,2,0-6m,22,5.5,138,582.16,1506.44,78001.54,0.939,0.043,117,23,0,0.0089,1,0.0148,0.057,0.409,60,93,5.19,6.29,0.292,14218.65,0.54,16.78
UPI02573,Ahmedabad,iOS,Full,19,1-2y,15,4.66,61,1511.09,4081.62,108627.41,0.816,0.208,44,15,1,0.0197,0,0.0097,0.161,0.242,32,54,3.99,11.05,0.502,76614.32,0.409,20.0
UPI02574,Kolkata,Android,Full,8,6-12m,14,1.24,21,2916.1,8805.2,66190.95,0.816,0.158,12,13,0,0.0024,2,0.1011,0.173,0.276,33,62,3.77,32.86,0.475,48443.55,0.484,20.8
UPI02575,Pune,Android,Full,17,1-2y,16,3.28,50,230.44,508.38,11946.0,0.459,0.576,19,29,0,0.0132,1,0.0298,0.074,0.347,19,25,6.85,9.72,0.221,10504.71,0.319,26.37
UPI02576,Ahmedabad,iOS,Full,1,0-6m,16,4.52,54,688.66,1730.27,36813.52,0.714,0.257,35,18,3,0.0635,0,0.001,0.14,0.33,23,27,4.8,14.48,0.458,27706.77,0.354,33.67
UPI02577,Ahmedabad,Android,Full,18,1-2y,12,11.45,117,2719.33,8641.63,282285.14,0.392,0.673,40,79,27,0.2511,2,0.0254,0.554,0.646,22,53,9.4,8.32,0.812,40558.96,0.377,90.17
UPI02578,Kolkata,Android,Premium,20,1-2y,21,6.36,155,634.81,1731.02,100665.0,0.837,0.14,83,71,2,0.0273,1,0.0158,0.081,0.44,72,100,3.89,6.92,0.479,20170.33,0.375,12.33
UPI02579,Hyderabad,Android,Full,20,1-2y,19,3.5,46,648.81,2033.8,24795.99,0.557,0.399,20,24,3,0.074,1,0.0288,0.118,0.386,27,38,4.57,17.94,0.416,7815.28,0.332,32.82
UPI02580,Bengaluru,Android,Full,25,2y+,10,3.31,32,3713.13,6261.68,100428.26,0.733,0.248,23,4,4,0.1298,2,0.0645,0.064,0.224,19,30,3.9,20.36,0.174,68558.96,0.372,32.19
UPI02581,Chennai,iOS,Full,15,1-2y,17,4.86,82,527.09,1460.61,43518.25,0.597,0.385,40,45,3,0.0482,2,0.0273,0.106,0.372,40,70,4.0,10.37,0.353,12327.65,0.365,30.09
UPI02582,Pune,Android,Full,13,1-2y,18,3.8,61,3353.38,9170.81,189552.35,0.808,0.249,39,22,0,0.0025,0,0.0083,0.159,0.189,37,60,4.05,9.06,0.239,76262.8,0.418,17.17
UPI02583,Ahmedabad,Android,Full,1,0-6m,18,5.0,100,510.23,1709.89,44272.93,0.617,0.431,40,59,0,0.0064,1,0.0175,0.122,0.377,38,67,3.43,13.27,0.368,25999.26,0.343,24.82
UPI02584,Delhi,Android,Full,17,1-2y,18,9.56,186,432.24,1633.18,76342.56,0.286,0.778,54,134,14,0.0825,10,0.0551,0.587,0.455,58,131,7.42,2.65,0.73,43154.3,0.19,73.77
UPI02585,Pune,iOS,Minimum,1,0-6m,17,5.68,129,154.47,533.17,17016.33,0.673,0.344,79,45,9,0.0823,2,0.0185,0.071,0.287,63,119,5.12,6.42,0.462,6444.26,0.288,36.13
UPI02586,Pune,Android,Full,8,6-12m,19,6.38,117,731.95,2476.35,77160.27,0.581,0.458,65,56,27,0.2437,7,0.0688,0.283,0.61,83,196,13.57,4.95,0.59,39246.62,0.367,79.74
UPI02587,Chennai,Android,Minimum,17,1-2y,25,6.43,183,580.38,1342.14,116916.58,0.81,0.171,113,70,9,0.0529,0,0.0013,0.071,0.278,81,128,1.38,7.48,0.242,77754.2,0.409,18.19
UPI02588,Bengaluru,Android,Full,28,2y+,20,6.11,104,917.02,2558.65,85941.39,0.514,0.473,33,69,6,0.069,0,0.0073,0.054,0.306,51,77,5.24,8.42,0.555,63133.98,0.325,30.41
UPI02589,Delhi,iOS,Full,22,1-2y,23,5.77,154,109.47,211.21,16763.12,0.698,0.289,103,52,4,0.0348,1,0.0077,0.2,0.347,71,103,7.49,4.44,0.152,8646.96,0.342,30.85
UPI02590,Pune,iOS,Full,17,1-2y,23,2.22,39,343.39,871.44,11176.79,0.584,0.425,8,30,1,0.0273,2,0.0542,0.061,0.283,44,48,3.2,23.58,0.277,4740.79,0.362,7.79
UPI02591,Bengaluru,iOS,Full,5,0-6m,21,13.6,307,2250.46,9872.75,795283.1,0.399,0.593,104,205,21,0.0814,2,0.0116,0.701,0.506,97,235,2.09,0.2,0.913,350000,0.338,83.23
UPI02592,Chennai,Android,Full,32,2y+,19,3.24,75,540.54,1223.77,45898.12,0.85,0.133,62,9,3,0.0506,3,0.0437,0.129,0.346,58,73,4.93,12.92,0.272,8377.1,0.481,23.65
UPI02593,Delhi,Android,Full,14,1-2y,13,2.07,17,954.63,2184.09,17746.17,0.548,0.419,6,14,2,0.1251,2,0.1245,0.072,0.37,28,54,8.14,42.89,0.205,7419.38,0.4,50.61
UPI02594,Ahmedabad,Android,Full,33,2y+,15,6.33,95,538.5,1248.91,56374.04,0.53,0.434,42,49,2,0.0279,2,0.0251,0.096,0.32,35,40,3.95,6.4,0.184,41420.32,0.371,24.89
UPI02595,Delhi,Android,Minimum,15,1-2y,10,3.78,28,1370.39,4050.63,33452.7,0.784,0.204,22,12,1,0.0383,3,0.1152,0.168,0.345,15,20,1.89,29.29,0.387,21510.38,0.408,27.53
UPI02596,Chennai,Android,Full,21,1-2y,22,2.78,80,4085.99,9296.06,348250.91,0.577,0.436,46,29,3,0.0424,2,0.0337,0.161,0.322,54,91,4.37,6.13,0.192,122085.3,0.302,23.13
UPI02597,Mumbai,Android,Full,20,1-2y,27,6.83,197,952.8,2548.57,211893.03,0.861,0.122,170,29,3,0.022,0,0.006,0.115,0.426,59,121,7.99,4.63,0.35,130821.88,0.511,13.85
UPI02598,Pune,Android,Minimum,17,1-2y,21,2.45,67,79.2,253.47,4441.88,0.652,0.392,45,12,0,0.0072,0,0.0013,0.103,0.299,64,136,6.14,15.72,0.384,961.52,0.418,13.52
UPI02599,Hyderabad,Android,Minimum,21,1-2y,29,7.79,252,825.77,2043.42,173281.3,0.709,0.34,148,102,6,0.0383,1,0.0115,0.049,0.342,75,132,5.07,5.88,0.346,93053.16,0.403,28.97
UPI02600,Hyderabad,Android,Full,22,1-2y,10,4.86,35,667.43,2161.81,25205.2,0.206,0.85,6,28,16,0.35,6,0.1796,0.362,0.439,54,86,1.44,21.44,0.663,13520.38,0.235,99.13
UPI02601,Delhi,Android,Full,18,1-2y,17,2.74,47,1070.01,4359.0,55652.61,0.455,0.618,11,33,18,0.35,10,0.2,0.482,0.516,60,148,16.54,12.97,0.831,11501.53,0.336,100
UPI02602,Bengaluru,iOS,Minimum,35,2y+,14,3.78,43,665.95,1541.72,30343.39,0.903,0.072,31,7,2,0.0492,4,0.0948,0.124,0.295,24,41,3.82,15.9,0.272,18049.6,0.383,22.36
UPI02603,Kolkata,Android,Full,23,1-2y,13,4.58,77,591.47,1069.17,39641.46,0.611,0.393,24,52,1,0.0177,0,0.004,0.125,0.319,39,44,6.92,6.02,0.05,16406.1,0.376,12.95
UPI02604,Bengaluru,Android,Minimum,11,6-12m,22,4.45,73,355.3,876.41,22329.04,0.864,0.13,52,22,2,0.0313,2,0.0308,0.119,0.218,63,125,6.82,7.74,0.453,1836.3,0.417,24.4
UPI02605,Pune,Android,Full,18,1-2y,27,5.68,139,1308.92,3558.44,205807.0,0.91,0.111,89,50,6,0.0557,2,0.0158,0.046,0.254,68,86,3.8,2.27,0.355,142419.11,0.433,31.3
UPI02606,Chennai,Android,Full,17,1-2y,27,6.31,161,455.31,1553.19,64728.71,0.803,0.206,112,45,4,0.03,1,0.0129,0.154,0.432,68,87,7.29,3.01,0.467,31182.73,0.392,22.65
UPI02607,Pune,Android,Full,23,1-2y,10,2.15,42,741.03,1069.3,36032.93,0.719,0.233,30,9,2,0.0614,3,0.0797,0.063,0.311,26,40,3.65,13.36,0.053,13181.43,0.429,26.87
UPI02608,Hyderabad,Android,Minimum,15,1-2y,4,1.85,10,685.26,2529.3,7381.59,0.355,0.608,0,7,0,0.0006,1,0.1003,0.106,0.187,9,10,5.08,69.17,0.823,159.96,0.216,24.86
UPI02609,Ahmedabad,Android,Full,10,6-12m,22,2.71,52,2807.09,3306.51,147622.08,0.775,0.263,32,20,3,0.0601,2,0.0466,0.093,0.358,26,36,1.93,14.49,0.09,83077.08,0.444,13.77
UPI02610,Delhi,Android,Minimum,27,2y+,21,3.25,65,431.0,894.4,27397.13,0.594,0.381,30,31,4,0.0761,1,0.022,0.162,0.391,40,64,5.63,9.12,0.478,15972.03,0.362,40.84
UPI02611,Bengaluru,Android,Premium,16,1-2y,31,9.09,293,123.23,315.36,34551.8,0.498,0.526,112,185,1,0.0127,0,0.0023,0.078,0.289,121,218,3.48,7.77,0.237,7022.99,0.35,29.24
UPI02612,Kolkata,Android,Full,1,0-6m,25,8.45,208,256.96,540.17,45473.71,0.634,0.368,122,87,5,0.0311,1,0.01,0.213,0.392,61,99,5.53,5.05,0.284,27992.88,0.41,32.1
UPI02613,Ahmedabad,Android,Full,44,2y+,16,6.01,99,184.3,494.46,15128.69,0.687,0.264,33,67,5,0.0545,2,0.0225,0.217,0.29,58,113,3.94,7.35,0.425,4511.4,0.402,32.03
UPI02614,Pune,Android,Full,13,1-2y,22,6.6,161,138.51,196.12,21174.92,0.677,0.355,63,98,8,0.0542,0,0.0088,0.121,0.357,70,122,7.35,4.93,0.115,7127.17,0.316,13.84
UPI02615,Kolkata,Android,Premium,13,1-2y,14,2.67,16,397.18,1035.29,5322.15,0.574,0.446,8,5,0,0.0095,2,0.1278,0.075,0.368,35,68,5.53,43.76,0.509,1062.71,0.395,34.25
UPI02616,Delhi,Android,Minimum,24,1-2y,18,4.49,74,644.28,1573.31,50109.93,0.604,0.423,39,32,3,0.0425,3,0.0447,0.056,0.319,38,61,3.78,13.48,0.335,18958.79,0.355,18.03
UPI02617,Mumbai,iOS,Full,17,1-2y,15,3.84,76,507.17,1060.25,41171.24,0.851,0.152,49,28,0,0.0085,2,0.0285,0.187,0.239,37,65,4.44,15.0,0.45,7679.86,0.398,16.06
UPI02618,Mumbai,iOS,Full,9,6-12m,22,3.77,86,350.13,1096.41,30893.51,0.472,0.496,34,51,5,0.0638,2,0.0278,0.157,0.234,42,61,5.24,8.47,0.193,2769.44,0.339,29.13
UPI02619,Chennai,Android,Premium,4,0-6m,26,4.28,72,639.77,1657.15,39404.5,0.595,0.452,27,49,5,0.0761,1,0.0224,0.161,0.311,60,66,3.35,12.49,0.277,21099.63,0.285,44.95
UPI02620,Mumbai,Android,Full,24,1-2y,27,1.65,104,335.53,737.47,33987.1,0.481,0.557,45,57,4,0.0486,1,0.0107,0.051,0.292,69,133,5.89,8.05,0.362,6920.49,0.335,37.13
UPI02621,Bengaluru,Android,Full,8,6-12m,19,7.49,145,317.56,836.54,48093.03,0.603,0.398,70,74,8,0.0591,0,0.0092,0.173,0.376,62,110,4.58,6.05,0.267,18091.45,0.427,34.36
UPI02622,Delhi,Android,Minimum,6,0-6m,24,7.46,176,196.64,438.91,29062.68,0.516,0.494,81,96,0,0.0058,1,0.0126,0.079,0.278,62,91,4.98,6.92,0.197,6996.14,0.279,29.63
UPI02623,Chennai,Android,Minimum,9,6-12m,19,2.71,59,348.16,1193.22,20984.5,0.698,0.293,39,18,2,0.0404,1,0.025,0.099,0.415,46,80,4.69,14.34,0.319,9742.84,0.328,23.36
UPI02624,Ahmedabad,Android,Full,8,6-12m,9,1.16,1,503.01,1559.48,585.76,0.351,0.693,0,0,3,0.35,0,0.0008,0.114,0.377,10,13,3.43,250,0.358,447.78,0.285,76.07
UPI02625,Delhi,Android,Minimum,15,1-2y,9,3.12,25,781.58,1625.81,21558.8,0.857,0.13,20,5,1,0.0464,0,0.0026,0.104,0.389,31,42,8.33,25.17,0.331,10716.76,0.479,19.54
UPI02626,Bengaluru,iOS,Full,30,2y+,22,3.97,78,195.49,431.01,15416.02,0.711,0.338,36,45,4,0.064,2,0.0349,0.077,0.335,77,185,3.54,10.62,0.265,7174.39,0.343,24.51
UPI02627,Kolkata,Android,Minimum,2,0-6m,4,1.73,1,230.74,612.26,198.04,0.622,0.305,1,0,2,0.35,2,0.2,0.138,0.464,5,8,3.98,250,0.462,1881.88,0.448,94.94
UPI02628,Chennai,Android,Full,14,1-2y,4,1.88,4,600.34,1654.93,2217.55,0.629,0.343,2,0,2,0.35,1,0.2,0.079,0.393,5,6,3.65,175.92,0.343,3244.86,0.416,97.82
UPI02629,Kolkata,Android,Premium,13,1-2y,5,0.97,1,760.47,1831.22,854.28,0.649,0.307,0,0,2,0.35,1,0.2,0.104,0.255,15,16,4.07,250,0.12,50,0.349,95.41
UPI02630,Ahmedabad,iOS,Full,22,1-2y,8,1.26,1,650.97,1504.42,588.73,0.536,0.506,0,0,3,0.35,0,0.0025,0.056,0.215,12,13,3.44,250,0.401,50,0.296,72.29
UPI02631,Pune,Android,Full,3,0-6m,2,1.23,1,243.06,711.41,228.52,0.562,0.426,0,0,2,0.35,0,0.0055,0.112,0.482,2,3,3.72,250,0.539,50,0.395,78.18
UPI02632,Mumbai,Android,Full,18,1-2y,10,1.92,14,1390.64,3879.26,19082.01,0.584,0.374,3,9,4,0.293,4,0.2,0.156,0.335,25,34,6.79,51.27,0.236,12878.58,0.294,84.43
UPI02633,Mumbai,Android,Full,15,1-2y,23,4.43,124,718.07,1984.2,91107.53,0.821,0.206,82,42,3,0.038,2,0.0258,0.163,0.317,66,93,5.21,4.13,0.335,39120.33,0.345,26.45
UPI02634,Hyderabad,Android,Premium,1,0-6m,17,2.59,52,584.75,1480.89,26891.83,0.807,0.218,27,26,4,0.0837,2,0.0447,0.152,0.277,46,56,4.89,15.44,0.282,10022.45,0.406,32.95
UPI02635,Delhi,iOS,Full,26,2y+,6,1.19,3,291.35,808.0,847.68,0.596,0.353,3,0,2,0.35,0,0.0037,0.122,0.349,9,10,4.7,239.87,0.243,1245.74,0.335,70.09
UPI02636,Chennai,Android,Minimum,16,1-2y,22,7.53,140,137.36,338.43,21069.73,0.525,0.441,67,78,4,0.0299,2,0.0177,0.195,0.356,58,133,5.28,4.88,0.327,12409.52,0.301,39.11
UPI02637,Kolkata,Android,Minimum,20,1-2y,20,8.16,161,162.28,486.63,25394.15,0.688,0.303,111,53,9,0.0594,1,0.0077,0.164,0.319,66,108,9.15,0.91,0.36,19218.11,0.396,28.11
UPI02638,Delhi,Android,Full,17,1-2y,20,8.48,160,655.02,1965.14,100740.24,0.807,0.195,133,21,2,0.0193,2,0.0198,0.062,0.298,50,65,5.34,4.11,0.408,24634.53,0.375,23.36
UPI02639,Mumbai,Android,Full,18,1-2y,2,10.76,23,1600.58,6697.72,36362.07,0.395,0.677,11,11,12,0.35,2,0.0894,0.627,0.684,20,51,7.17,31.24,0.788,5862.49,0.34,100
UPI02640,Chennai,Android,Premium,3,0-6m,23,1.96,35,4383.26,12431.66,134182.99,0.7,0.354,21,15,3,0.0876,1,0.0372,0.084,0.304,31,42,4.73,18.16,0.49,79787.03,0.449,34.99
UPI02641,Pune,Android,Full,16,1-2y,3,1.51,7,705.56,2220.52,5156.89,0.327,0.624,5,0,0,0.0037,0,0.0023,0.118,0.465,3,3,3.28,96.76,0.342,1610.62,0.313,12.78
UPI02642,Delhi,iOS,Full,28,2y+,16,3.48,78,566.78,1817.07,39674.55,0.89,0.113,66,12,1,0.0241,2,0.0352,0.181,0.259,34,47,6.66,7.89,0.541,4992.92,0.385,18.61
UPI02643,Kolkata,iOS,Full,40,2y+,17,3.46,55,319.5,739.78,16000.7,0.885,0.12,42,7,3,0.0618,6,0.1124,0.084,0.388,50,84,6.13,11.7,0.314,2420.59,0.436,37.49
UPI02644,Ahmedabad,Android,Full,14,1-2y,20,4.33,69,128.34,304.77,8742.07,0.504,0.505,31,38,2,0.0392,2,0.035,0.154,0.388,64,147,7.54,2.69,0.252,3181.38,0.327,26.56
UPI02645,Ahmedabad,Android,Full,10,6-12m,9,7.35,51,2089.92,5407.52,98671.73,0.437,0.641,20,25,10,0.2152,5,0.1043,0.696,0.595,33,74,5.74,11.72,0.736,60029.92,0.347,84.91
UPI02646,Delhi,iOS,Full,30,2y+,5,1.28,4,441.21,964.17,1663.67,0.479,0.502,1,0,1,0.2575,0,0.0035,0.023,0.352,2,3,3.76,178.94,0.065,50,0.357,57.57
UPI02647,Bengaluru,Android,Full,43,2y+,20,5.06,116,540.81,966.65,68047.09,0.683,0.3,72,47,6,0.0635,3,0.0296,0.094,0.367,55,100,4.33,7.08,0.324,35044.95,0.453,27.17
UPI02648,Bengaluru,Android,Full,11,6-12m,16,3.79,52,1091.52,3618.77,57667.7,0.778,0.235,35,18,5,0.1003,1,0.0239,0.059,0.311,29,40,3.76,10.28,0.371,42601.54,0.334,22.97
UPI02649,Bengaluru,Android,Full,10,6-12m,26,6.51,184,188.2,478.64,34622.01,0.571,0.451,95,91,4,0.0243,0,0.0001,0.109,0.378,77,146,2.24,5.08,0.409,13063.56,0.338,24.43
UPI02650,Kolkata,Android,Full,3,0-6m,3,1.73,4,2002.35,8157.22,7880.1,0.484,0.467,2,0,12,0.35,7,0.2,0.322,0.613,10,20,4.84,178.42,0.927,385.63,0.417,100
UPI02651,Kolkata,Android,Minimum,19,1-2y,23,11.67,262,40,159.35,12100.73,0.283,0.642,56,201,15,0.0666,7,0.0305,0.68,0.636,88,176,4.52,7.4,0.769,5099.24,0.246,71.86
UPI02652,Kolkata,Android,Minimum,8,6-12m,16,5.67,82,1032.75,3323.92,87514.92,0.696,0.334,47,35,0,0.0147,0,0.001,0.067,0.309,34,57,4.7,11.57,0.524,14778.27,0.323,17.08
UPI02653,Mumbai,iOS,Full,8,6-12m,20,3.24,71,500.08,1164.85,34731.91,0.937,0.063,43,26,9,0.1286,2,0.0333,0.119,0.429,58,97,4.36,9.76,0.423,10992.36,0.422,28.79
UPI02654,Kolkata,iOS,Minimum,26,2y+,1,1.53,1,412.29,846.88,396.23,0.305,0.759,0,0,3,0.35,0,0.0092,0.069,0.27,2,3,4.34,250,0.199,1838.12,0.187,82.14
UPI02655,Hyderabad,iOS,Full,25,2y+,6,11.71,73,866.65,3122.51,60477.47,0.214,0.791,8,61,21,0.3008,9,0.1324,0.744,0.434,32,53,7.9,7.89,0.724,20911.57,0.28,100
UPI02656,Kolkata,Android,Full,20,1-2y,19,4.82,116,1009.64,3158.19,102164.63,0.712,0.291,62,51,0,0.0122,0,0.0019,0.04,0.243,35,54,6.55,4.61,0.376,40810.92,0.439,14.62
UPI02657,Mumbai,Android,Minimum,22,1-2y,25,19.0,440,1462.45,4187.04,533600.19,0.226,0.797,105,335,18,0.0591,12,0.0311,0.68,0.643,97,262,11.05,2.86,0.642,195617.39,0.24,83.14
UPI02658,Mumbai,Android,Full,12,6-12m,20,3.7,83,531.49,1162.87,49894.05,0.914,0.088,74,10,0,0.0082,2,0.0254,0.109,0.365,45,89,4.87,13.95,0.176,22067.1,0.41,14.36
UPI02659,Mumbai,Android,Full,18,1-2y,8,3.99,42,938.7,2766.07,41398.85,0.582,0.41,23,16,2,0.0523,1,0.0283,0.133,0.395,16,26,5.64,14.77,0.672,26225.65,0.305,27.93
UPI02660,Ahmedabad,Android,Minimum,17,1-2y,28,7.14,217,224.44,664.17,50191.31,0.605,0.442,109,110,9,0.0499,2,0.0138,0.101,0.336,79,179,8.98,8.68,0.474,23439.56,0.312,29.16
UPI02661,Pune,iOS,Minimum,18,1-2y,14,3.21,54,704.46,1958.99,41306.57,0.566,0.475,25,25,5,0.1079,1,0.0284,0.161,0.347,38,50,7.59,18.34,0.459,3150.29,0.264,32.75
UPI02662,Pune,Android,Minimum,33,2y+,8,1.44,14,488.54,1135.14,5708.94,0.606,0.452,9,4,0,0.0138,0,0.0092,0.024,0.241,18,28,1.14,53.16,0.266,50,0.338,17.57
UPI02663,Mumbai,Android,Full,28,2y+,11,0.44,1,464.65,974.84,519.96,0.482,0.44,0,0,0,0.0055,0,0.0033,0.097,0.516,15,17,6.37,250,0.356,50,0.369,15.44
UPI02664,Bengaluru,Android,Full,24,1-2y,19,4.92,38,3967.4,7598.72,158025.66,0.748,0.305,28,5,4,0.1121,0,0.0037,0.061,0.319,18,21,4.19,17.33,0.05,51065.52,0.359,43.95
UPI02665,Bengaluru,iOS,Full,24,1-2y,25,4.81,130,1202.2,2467.25,144633.27,0.899,0.113,84,43,5,0.0494,2,0.0185,0.182,0.437,73,104,4.84,4.11,0.285,86829.39,0.472,27.24
UPI02666,Chennai,Android,Full,16,1-2y,21,4.55,115,360.97,977.94,41011.52,0.849,0.153,92,24,4,0.0378,1,0.0112,0.075,0.256,36,61,3.89,3.58,0.313,10969.13,0.386,19.14
UPI02667,Ahmedabad,Android,Full,1,0-6m,29,7.65,190,624.9,1495.88,119809.42,0.923,0.07,103,91,1,0.0133,2,0.0205,0.155,0.34,85,115,4.81,0.38,0.221,27928.52,0.49,23.36
UPI02668,Pune,Android,Full,1,0-6m,26,3.85,119,440.32,1132.14,43890.87,0.937,0.083,113,0,6,0.0653,0,0.0066,0.183,0.429,52,75,6.19,4.1,0.284,10035.76,0.549,38.31
UPI02669,Bengaluru,Android,Full,24,1-2y,17,3.93,76,4322.83,8207.41,327174.3,0.748,0.242,53,26,5,0.0739,3,0.0424,0.077,0.274,28,46,6.27,11.08,0.277,143903.5,0.379,21.68
UPI02670,Bengaluru,Android,Premium,4,0-6m,22,6.34,142,175.37,415.65,20758.17,0.715,0.257,76,71,2,0.0274,0,0.0017,0.199,0.303,66,135,5.38,3.03,0.347,13600.03,0.357,29.91
UPI02671,Bengaluru,iOS,Full,32,2y+,27,8.27,236,209.19,777.13,56041.04,0.496,0.461,107,122,4,0.0267,2,0.0174,0.164,0.274,83,191,7.11,6.53,0.735,13615.05,0.233,23.28
UPI02672,Kolkata,Android,Full,8,6-12m,16,3.0,40,414.39,1004.3,17255.12,0.633,0.383,29,4,5,0.1384,0,0.0002,0.087,0.294,30,39,2.81,23.67,0.182,8051.06,0.372,34.32
UPI02673,Kolkata,Android,Full,2,0-6m,2,0.05,2,355.18,836.42,648.84,0.584,0.368,0,0,0,0.0,0,0.0035,0.023,0.248,4,4,3.84,250,0.533,50,0.285,15.31
UPI02674,Hyderabad,iOS,Full,18,1-2y,23,6.73,166,746.0,1554.1,139287.14,0.859,0.114,87,80,2,0.0255,2,0.0204,0.145,0.295,75,107,3.63,4.75,0.434,85491.98,0.399,21.21
UPI02675,Pune,Android,Full,27,2y+,15,7.22,122,174.68,495.18,23237.07,0.49,0.473,55,72,4,0.0414,2,0.0258,0.163,0.247,51,106,8.24,9.3,0.511,14634.63,0.329,28.11
UPI02676,Chennai,Android,Minimum,3,0-6m,25,2.38,45,494.35,1249.48,23019.36,0.712,0.3,26,23,6,0.1397,3,0.0697,0.078,0.384,58,80,5.54,14.22,0.296,3163.25,0.453,47.58
UPI02677,Hyderabad,Android,Minimum,21,1-2y,27,7.0,201,234.22,475.67,39656.33,0.561,0.424,77,123,8,0.0404,1,0.0086,0.137,0.398,70,149,7.59,1.33,0.242,15279.7,0.385,19.43
UPI02678,Ahmedabad,Android,Full,16,1-2y,31,5.89,189,78.17,202.76,15219.57,0.652,0.391,73,115,2,0.0247,1,0.0075,0.104,0.258,79,156,7.15,0.2,0.157,13134.29,0.327,21.05
UPI02679,Pune,iOS,Full,30,2y+,20,4.02,65,2562.05,6334.55,141618.87,0.568,0.429,17,48,5,0.0918,1,0.0189,0.174,0.279,44,53,4.5,11.66,0.315,83187.97,0.29,41.12
UPI02680,Bengaluru,Android,Full,24,1-2y,19,5.55,132,152.71,469.61,21684.48,0.566,0.45,56,78,4,0.0327,1,0.0095,0.159,0.221,70,166,4.65,6.72,0.241,11247.14,0.349,30.38
UPI02681,Bengaluru,iOS,Full,1,0-6m,18,4.44,113,541.21,1184.82,63317.29,0.552,0.483,51,55,1,0.0182,1,0.0173,0.153,0.332,32,48,4.0,2.06,0.215,18776.74,0.327,33.07
UPI02682,Kolkata,iOS,Full,17,1-2y,12,3.99,40,1907.22,8726.76,71147.9,0.55,0.41,14,27,14,0.35,3,0.0765,0.534,0.585,42,111,9.48,17.75,0.675,28217.82,0.408,100
UPI02683,Bengaluru,Android,Full,11,6-12m,21,3.85,80,1618.34,3120.52,129723.43,0.673,0.375,46,29,1,0.0255,0,0.0051,0.034,0.182,34,42,6.31,9.33,0.076,83436.83,0.298,21.14
UPI02684,Pune,Android,Minimum,19,1-2y,15,4.21,68,885.88,2586.05,49397.93,0.879,0.096,58,9,1,0.0259,6,0.0964,0.125,0.292,24,42,3.57,11.71,0.332,24786.67,0.403,28.42
UPI02685,Bengaluru,Android,Full,25,2y+,23,2.99,87,92.54,251.27,6699.53,0.705,0.282,39,45,4,0.0484,0,0.0017,0.214,0.232,88,124,5.94,13.4,0.471,2432.89,0.327,35.2
UPI02686,Pune,Android,Minimum,17,1-2y,16,8.35,133,156.28,288.82,21317.36,0.65,0.307,89,42,1,0.0223,0,0.0082,0.201,0.309,51,126,6.65,7.89,0.282,4863.18,0.367,34.95
UPI02687,Hyderabad,Android,Premium,6,0-6m,7,0.05,1,296.93,925.16,302.03,0.514,0.48,1,0,2,0.35,0,0.0048,0.029,0.451,9,14,1.39,250,0.263,50,0.403,78.28
UPI02688,Kolkata,Android,Full,29,2y+,15,3.17,30,5470.45,6850.69,152821.66,0.788,0.26,26,8,0,0.0048,0,0.0052,0.043,0.192,28,40,4.01,23.29,0.159,99391.11,0.457,13.69
UPI02689,Hyderabad,Android,Premium,20,1-2y,18,3.61,90,1079.71,2188.0,86358.11,0.654,0.31,56,30,2,0.0311,0,0.008,0.11,0.397,28,50,5.32,10.96,0.212,62452.65,0.404,19.73
UPI02690,Pune,Android,Minimum,5,0-6m,26,5.11,156,101.38,299.89,13494.93,0.654,0.367,98,59,7,0.0503,3,0.02,0.183,0.285,69,116,7.82,8.02,0.553,4332.05,0.29,24.97
UPI02691,Bengaluru,Android,Full,17,1-2y,26,6.58,187,127.14,463.8,20533.12,0.484,0.466,55,127,7,0.0393,2,0.0182,0.196,0.336,62,78,7.78,3.86,0.668,1597.33,0.344,22.38
UPI02692,Delhi,Android,Minimum,7,6-12m,2,15.15,30,40,163.4,1131.54,0.534,0.506,13,18,22,0.35,11,0.2,0.391,0.678,10,27,6.05,25.02,0.693,2833.89,0.393,100
UPI02693,Delhi,Android,Premium,31,2y+,20,2.47,64,3455.47,7507.68,201543.62,0.772,0.189,41,22,2,0.0374,0,0.0068,0.151,0.321,39,67,4.39,11.24,0.234,129940.41,0.394,7.33
UPI02694,Pune,Android,Full,38,2y+,14,5.88,57,950.87,2018.9,57092.7,0.659,0.38,41,14,1,0.0295,2,0.0359,0.114,0.356,21,23,4.64,15.35,0.462,28972.8,0.304,36.96
UPI02695,Delhi,Android,Full,14,1-2y,19,7.46,155,171.42,515.68,25174.36,0.503,0.513,62,95,8,0.0652,2,0.0186,0.068,0.351,48,117,5.31,4.39,0.415,50,0.255,35.67
UPI02696,Hyderabad,Android,Full,11,6-12m,16,3.38,32,1558.12,2601.32,58441.53,0.657,0.375,13,18,3,0.0973,4,0.1274,0.151,0.256,27,40,4.4,18.58,0.361,33007.88,0.291,38.24
UPI02697,Delhi,Android,Premium,8,6-12m,19,3.92,83,65.91,168.58,4931.95,0.713,0.244,57,27,4,0.0551,3,0.0392,0.082,0.337,67,80,5.01,3.31,0.367,1546.26,0.405,19.77
UPI02698,Mumbai,Android,Full,19,1-2y,28,7.21,206,436.17,816.43,87720.39,0.952,0.073,181,24,4,0.0205,1,0.0054,0.118,0.314,56,97,4.67,3.79,0.05,32699.95,0.486,21.04
UPI02699,Ahmedabad,Android,Full,26,2y+,26,8.18,199,112.38,331.51,18781.58,0.659,0.311,91,106,6,0.0397,0,0.0084,0.074,0.392,94,131,7.17,0.2,0.501,9195.1,0.308,27.24
UPI02700,Delhi,iOS,Premium,29,2y+,27,6.13,143,178.6,434.29,29090.13,0.534,0.419,69,73,3,0.035,3,0.0271,0.133,0.346,74,176,4.75,6.47,0.244,11843.17,0.37,24.74
UPI02701,Mumbai,Android,Minimum,1,0-6m,2,2.18,5,724.24,1945.49,4154.37,0.523,0.463,5,0,2,0.35,1,0.2,0.091,0.476,2,3,5.15,142.56,0.412,1327.05,0.39,100
UPI02702,Ahmedabad,Android,Premium,23,1-2y,25,8.32,207,147.65,382.14,26167.27,0.668,0.283,92,114,2,0.0116,2,0.0162,0.112,0.26,85,107,6.01,0.2,0.374,17687.87,0.358,31.09
UPI02703,Pune,Android,Full,1,0-6m,19,3.45,64,2358.85,8241.32,172001.18,0.732,0.253,30,32,2,0.0399,0,0.0061,0.104,0.302,34,61,3.55,13.2,0.381,71238.66,0.391,25.67
UPI02704,Kolkata,iOS,Full,21,1-2y,27,4.23,122,412.12,1372.77,42129.2,0.68,0.362,50,72,4,0.0376,3,0.0271,0.084,0.336,51,89,3.83,5.05,0.395,23494.47,0.375,34.63
UPI02705,Chennai,Android,Minimum,11,6-12m,26,7.7,176,130.27,362.97,20043.69,0.711,0.254,118,64,5,0.0351,4,0.0309,0.209,0.326,73,153,7.94,3.4,0.372,8651.68,0.444,34.3
UPI02706,Ahmedabad,iOS,Premium,29,2y+,18,6.24,127,431.95,1511.74,48769.17,0.817,0.174,104,20,2,0.0219,3,0.0311,0.113,0.271,39,76,5.64,7.99,0.609,31766.25,0.445,21.43
UPI02707,Delhi,Android,Full,14,1-2y,22,5.25,116,631.98,1678.77,72212.31,0.467,0.534,36,77,2,0.0254,0,0.0066,0.172,0.412,49,94,3.44,3.85,0.389,6990.92,0.307,20.44
UPI02708,Delhi,Android,Full,7,6-12m,11,2.73,19,937.14,1786.22,14753.65,0.713,0.265,2,16,3,0.1594,4,0.2,0.047,0.252,27,50,3.81,36.52,0.15,11162.55,0.431,62.74
UPI02709,Kolkata,Android,Minimum,41,2y+,17,4.45,90,1341.96,3757.8,124209.25,0.473,0.553,20,71,6,0.0721,1,0.0137,0.173,0.266,40,78,4.89,7.04,0.331,70233.78,0.334,16.58
UPI02710,Chennai,Android,Full,25,2y+,12,5.92,60,213.48,565.94,14195.14,0.923,0.106,50,8,4,0.0775,2,0.0337,0.119,0.241,37,68,6.85,11.32,0.22,7652.59,0.386,24.96
UPI02711,Pune,Android,Minimum,3,0-6m,14,2.84,23,776.97,2141.47,19667.94,0.902,0.086,17,4,6,0.2726,3,0.1337,0.167,0.407,47,59,7.11,31.51,0.304,11627.79,0.431,78.07
UPI02712,Delhi,iOS,Premium,15,1-2y,22,5.14,103,431.69,1424.11,42613.39,0.587,0.463,45,58,4,0.0458,0,0.0036,0.055,0.411,42,70,6.2,5.05,0.421,7770.81,0.412,22.17
UPI02713,Kolkata,Android,Full,38,2y+,9,1.12,11,499.38,1286.65,5688.95,0.562,0.454,2,11,3,0.2762,0,0.0084,0.103,0.477,10,17,3.04,67.6,0.484,1558.28,0.37,63.66
UPI02714,Hyderabad,Android,Minimum,9,6-12m,24,3.91,130,4158.64,4642.65,625401.16,0.777,0.233,104,29,1,0.0227,0,0.0014,0.141,0.28,39,61,3.78,5.31,0.05,210657.19,0.349,12.02
UPI02715,Chennai,Android,Full,8,6-12m,27,4.82,89,189.54,552.4,18642.42,0.68,0.342,65,24,8,0.0916,4,0.0546,0.184,0.324,65,125,4.45,8.24,0.647,8553.0,0.326,33.39
UPI02716,Bengaluru,iOS,Minimum,33,2y+,21,2.84,66,496.67,947.97,36853.21,0.554,0.425,25,36,2,0.0359,2,0.0317,0.106,0.332,58,108,4.63,5.74,0.283,13773.36,0.255,12.88
UPI02717,Hyderabad,Android,Full,17,1-2y,23,5.85,100,1015.03,2934.51,108982.07,0.849,0.166,75,23,4,0.0553,2,0.0277,0.132,0.351,59,105,8.78,8.29,0.417,73089.74,0.383,20.75
UPI02718,Pune,Android,Full,19,1-2y,19,4.33,69,1213.37,3888.89,75128.54,0.787,0.201,34,39,2,0.0298,1,0.0193,0.117,0.271,35,72,4.83,10.19,0.304,30041.41,0.438,17.35
UPI02719,Ahmedabad,Android,Full,36,2y+,19,6.28,144,704.04,1835.74,117170.37,0.801,0.22,91,49,5,0.0464,1,0.0108,0.089,0.343,39,51,7.34,5.33,0.453,40449.21,0.422,24.34
UPI02720,Hyderabad,Android,Minimum,28,2y+,5,0.97,6,462.12,1232.76,2723.88,0.512,0.534,6,1,0,0.0019,1,0.1677,0.09,0.477,10,16,2.4,120.46,0.341,4771.8,0.331,23.87
UPI02721,Delhi,Android,Full,32,2y+,15,6.13,83,509.94,1394.88,41672.84,0.928,0.063,71,12,5,0.0748,0,0.0031,0.104,0.249,43,83,5.0,9.68,0.44,25219.59,0.375,19.55
UPI02722,Hyderabad,Android,Full,18,1-2y,15,4.72,69,772.66,1407.07,55248.59,0.632,0.353,30,39,2,0.0425,1,0.0184,0.113,0.335,43,69,7.04,12.38,0.275,15745.62,0.415,26.91
UPI02723,Ahmedabad,Android,Full,32,2y+,28,5.01,147,249.94,708.7,36663.86,0.565,0.394,86,59,2,0.02,1,0.0136,0.187,0.321,67,107,8.75,2.28,0.32,12921.69,0.301,14.3
UPI02724,Bengaluru,Android,Full,1,0-6m,10,4.34,47,600,1234.75,30752.83,0.727,0.241,27,19,3,0.079,1,0.0277,0.105,0.227,19,23,3.93,18.51,0.289,11910.92,0.37,28.67
UPI02725,Hyderabad,Android,Premium,6,0-6m,29,6.94,172,360.12,1045.8,61951.48,0.651,0.325,73,99,7,0.0437,0,0.01,0.195,0.344,88,156,3.12,5.66,0.388,32316.4,0.363,37.59
UPI02726,Mumbai,iOS,Minimum,25,2y+,27,5.46,161,178.3,449.02,30286.71,0.684,0.351,111,52,0,0.0129,0,0.0084,0.198,0.305,83,182,5.69,8.95,0.165,6710.15,0.368,14.2
UPI02727,Mumbai,Android,Minimum,19,1-2y,7,1.1,7,238.63,417.1,1415.63,0.411,0.512,5,7,2,0.2971,2,0.2,0.066,0.335,6,8,3.04,104.39,0.186,50,0.244,85.13
UPI02728,Ahmedabad,Android,Minimum,27,2y+,31,8.04,283,248.1,784.81,66011.15,0.527,0.473,148,137,8,0.0419,0,0.0029,0.083,0.264,105,240,2.06,4.35,0.423,9545.53,0.315,41.07
UPI02729,Kolkata,Android,Full,25,2y+,25,1.62,61,659.4,1994.3,42524.59,0.568,0.385,28,34,5,0.0843,0,0.0052,0.17,0.404,62,79,3.71,14.69,0.459,30867.68,0.311,26.55
UPI02730,Chennai,iOS,Minimum,13,1-2y,10,0.57,1,566.32,1641.09,488.16,0.373,0.564,0,1,2,0.35,0,0.0092,0.136,0.234,19,23,2.61,250,0.508,1362.59,0.186,75.75
UPI02731,Bengaluru,iOS,Minimum,2,0-6m,15,9.52,131,722.73,2193.97,111272.77,0.795,0.188,81,47,10,0.0893,2,0.0161,0.18,0.295,28,40,3.88,5.27,0.428,56250.29,0.384,40.91
UPI02732,Chennai,Android,Full,25,2y+,24,7.1,194,75.51,243.89,15010.51,0.552,0.467,74,122,8,0.0438,0,0.0084,0.174,0.301,80,182,5.09,7.56,0.332,14441.74,0.288,24.22
UPI02733,Delhi,iOS,Minimum,27,2y+,13,6.21,92,3526.23,12919.65,345743.2,0.541,0.421,39,52,9,0.1171,4,0.0499,0.755,0.428,39,94,10.77,7.76,0.533,179424.38,0.389,61.82
UPI02734,Ahmedabad,Android,Full,17,1-2y,22,6.53,165,255.43,485.33,39050.81,0.541,0.45,94,69,3,0.0318,0,0.0073,0.197,0.324,66,118,8.17,3.77,0.295,6175.12,0.389,17.69
UPI02735,Mumbai,iOS,Full,1,0-6m,22,7.23,146,326.51,934.24,52000.85,0.236,0.85,30,114,16,0.1244,12,0.089,0.507,0.566,56,97,12.87,1.95,0.61,24264.37,0.232,82.26
UPI02736,Mumbai,Android,Minimum,17,1-2y,13,5.84,76,604.57,1375.52,51758.24,0.791,0.2,61,15,6,0.0815,4,0.0527,0.142,0.372,32,50,4.17,9.7,0.414,31365.29,0.476,41.09
UPI02737,Ahmedabad,Android,Premium,19,1-2y,5,2.87,10,500.69,1826.16,4196.53,0.44,0.623,10,0,0,0.0084,0,0.0067,0.035,0.196,6,10,5.75,75.66,0.59,2837.53,0.254,11.52
UPI02738,Bengaluru,Android,Minimum,6,0-6m,7,5.17,47,896.62,1606.32,45441.37,0.813,0.16,33,9,1,0.033,2,0.0469,0.16,0.31,15,28,4.33,16.15,0.265,32555.57,0.393,24.41
UPI02739,Mumbai,Android,Premium,18,1-2y,4,1.21,2,561.34,1819.1,1201.46,0.615,0.352,2,2,1,0.35,0,0.0046,0.082,0.19,2,3,5.95,250,0.615,1406.58,0.337,78.1
UPI02740,Ahmedabad,Android,Full,38,2y+,19,2.94,61,134.68,423.58,6748.5,0.614,0.38,32,28,0,0.012,2,0.0363,0.189,0.383,67,99,5.29,11.47,0.443,2907.76,0.405,37.52
UPI02741,Ahmedabad,Android,Premium,15,1-2y,15,1.02,26,4913.08,14316.77,112388.35,0.765,0.229,21,4,2,0.0858,1,0.0396,0.12,0.261,38,59,3.8,28.54,0.308,54886.37,0.408,23.82
UPI02742,Mumbai,Android,Minimum,29,2y+,16,3.64,43,2143.39,4556.3,87340.91,0.625,0.398,23,21,3,0.07,2,0.0547,0.031,0.378,25,35,6.37,12.86,0.28,37329.13,0.432,27.07
UPI02743,Mumbai,Android,Minimum,10,6-12m,27,6.73,148,99.39,222.46,12319.51,0.631,0.405,80,67,7,0.0538,1,0.0151,0.164,0.361,59,118,5.09,4.21,0.287,9062.26,0.395,26.33
UPI02744,Mumbai,Android,Full,18,1-2y,18,2.92,41,600,2262.02,20415.38,0.776,0.25,39,2,0,0.0067,0,0.0068,0.066,0.306,36,64,5.92,18.08,0.623,2045.25,0.465,2.77
UPI02745,Delhi,Android,Full,8,6-12m,13,3.35,42,1039.76,2939.84,36038.57,0.866,0.143,32,9,3,0.083,1,0.0252,0.067,0.268,34,51,3.28,17.17,0.215,12096.67,0.439,28.53
UPI02746,Kolkata,Android,Full,18,1-2y,1,0.63,2,582.25,1274.46,988.74,0.534,0.428,2,0,1,0.35,1,0.2,0.118,0.254,3,5,2.93,250,0.389,2015.16,0.372,87.87
UPI02747,Kolkata,Android,Premium,11,6-12m,24,10.27,233,183.11,401.75,49610.91,0.504,0.491,115,116,3,0.0154,0,0.0039,0.193,0.308,60,143,5.64,0.95,0.278,10044.13,0.345,29.32
UPI02748,Mumbai,Android,Full,18,1-2y,2,16.21,28,3840.05,17320.02,93870.54,0.466,0.54,13,19,26,0.35,14,0.2,0.338,0.493,14,36,7.22,26.01,0.76,20906.15,0.366,100
UPI02749,Pune,iOS,Full,16,1-2y,12,11.69,147,2574.58,9345.73,407188.8,0.581,0.478,78,67,12,0.0934,11,0.0804,0.589,0.325,48,86,9.18,8.01,0.633,157183.56,0.274,65.76
UPI02750,Chennai,Android,Full,20,1-2y,16,3.18,46,1098.63,2926.02,57103.72,0.818,0.171,27,14,6,0.1336,3,0.0728,0.067,0.309,47,92,5.29,14.49,0.359,20783.95,0.43,43.84
UPI02751,Ahmedabad,Android,Premium,13,1-2y,7,2.46,12,491.4,1564.41,6297.57,0.43,0.59,1,12,1,0.0919,0,0.0046,0.071,0.332,10,10,4.94,60.72,0.41,3891.56,0.353,30.49
UPI02752,Chennai,Android,Minimum,4,0-6m,24,7.24,178,197.24,677.47,30566.01,0.636,0.338,81,98,8,0.0471,1,0.0099,0.137,0.337,87,169,6.51,0.2,0.477,6476.73,0.34,27.18
UPI02753,Hyderabad,Android,Minimum,9,6-12m,6,1.95,14,1098.72,3534.13,13771.27,0.781,0.22,7,12,8,0.35,3,0.2,0.069,0.243,20,30,5.7,56.19,0.21,3318.87,0.372,87.52
UPI02754,Bengaluru,Android,Full,14,1-2y,21,5.33,123,766.92,2003.62,106979.35,0.787,0.22,67,52,5,0.0547,3,0.0306,0.045,0.358,44,73,8.57,4.92,0.321,75395.77,0.349,32.49
UPI02755,Mumbai,Android,Premium,28,2y+,26,5.15,132,184.7,501.66,28494.69,0.506,0.519,36,93,7,0.0561,2,0.0221,0.141,0.373,85,135,6.28,2.67,0.295,16930.27,0.288,29.36
UPI02756,Delhi,Android,Full,18,1-2y,11,3.21,39,509.44,1331.63,20252.34,0.699,0.331,23,18,4,0.1027,0,0.0054,0.075,0.222,23,25,6.72,17.14,0.351,13135.8,0.393,29.05
UPI02757,Pune,Android,Minimum,1,0-6m,14,1.72,26,2951.78,5747.64,73764.74,0.581,0.413,8,18,4,0.1556,0,0.0077,0.031,0.294,34,64,3.35,33.54,0.138,39510.28,0.376,49.86
UPI02758,Kolkata,Android,Full,37,2y+,18,1.79,6,2434.08,6644.06,12081.71,0.685,0.29,5,0,0,0.004,0,0.0098,0.155,0.244,42,51,3.5,118.06,0.433,9002.47,0.305,2.72
UPI02759,Pune,iOS,Minimum,7,6-12m,18,1.01,1,3699.61,10607.72,3648.14,0.717,0.299,1,0,3,0.35,0,0.0067,0.136,0.302,46,67,2.71,250,0.413,992.28,0.359,69.09
UPI02760,Chennai,iOS,Full,29,2y+,21,6.56,136,1053.37,2544.11,135067.36,0.839,0.169,74,61,4,0.0411,2,0.0154,0.126,0.365,61,99,3.71,7.35,0.198,21908.86,0.414,19.03
UPI02761,Chennai,Android,Full,14,1-2y,21,3.13,62,578.41,1209.61,29857.74,0.511,0.51,21,41,5,0.0894,2,0.0383,0.109,0.238,43,51,4.6,11.86,0.297,15339.94,0.337,35.5
UPI02762,Kolkata,iOS,Premium,27,2y+,21,7.72,195,168.64,451.76,34163.4,0.525,0.52,92,102,3,0.0275,0,0.0082,0.22,0.395,74,158,5.17,3.51,0.391,8685.5,0.404,30.9
UPI02763,Chennai,Android,Full,11,6-12m,4,1.18,9,203.6,749.88,2060.66,0.509,0.552,9,0,3,0.3418,2,0.2,0.035,0.471,4,6,1.88,80.31,0.753,50,0.345,82.3
UPI02764,Ahmedabad,Android,Minimum,17,1-2y,1,0.85,1,247.87,288.34,265.17,0.459,0.478,1,0,0,0.0027,1,0.2,0.029,0.405,5,6,1.99,250,0.246,1177.76,0.336,18.71
UPI02765,Pune,iOS,Minimum,14,1-2y,1,1.34,2,454.46,1409.47,855.23,0.342,0.609,0,0,1,0.35,0,0.0063,0.094,0.498,2,3,2.24,250,0.409,1777.54,0.235,76.73
UPI02766,Bengaluru,Android,Full,24,1-2y,28,8.1,222,227.79,551.47,55762.51,0.62,0.349,101,119,1,0.0117,0,0.0022,0.076,0.337,97,148,6.17,5.18,0.499,17193.36,0.419,15.85
UPI02767,Delhi,Android,Full,11,6-12m,18,4.32,58,665.43,1546.77,43842.89,0.921,0.083,53,5,3,0.0553,0,0.0022,0.107,0.271,62,93,4.4,12.88,0.253,25172.58,0.485,28.59
UPI02768,Pune,Android,Full,8,6-12m,10,0.71,1,646.69,2022.35,627.5,0.377,0.698,0,0,0,0.0014,0,0.008,0.044,0.418,12,16,2.47,250,0.416,50,0.236,11.57
UPI02769,Bengaluru,Android,Full,9,6-12m,26,6.66,172,144.67,402.0,29107.47,0.512,0.497,59,111,6,0.0379,2,0.0179,0.139,0.24,78,117,6.14,5.6,0.46,16826.74,0.271,32.43
UPI02770,Hyderabad,Android,Full,1,0-6m,27,8.73,260,326.72,629.32,95008.68,0.686,0.318,198,62,11,0.0566,1,0.0093,0.125,0.237,83,104,8.5,0.2,0.226,15169.15,0.343,33.93
UPI02771,Bengaluru,Android,Full,17,1-2y,15,3.11,53,479.83,936.68,27071.46,0.598,0.396,32,26,3,0.0664,2,0.0426,0.109,0.369,30,39,6.02,15.24,0.388,13024.66,0.337,25.23
UPI02772,Ahmedabad,Android,Premium,28,2y+,19,4.22,81,4734.51,14015.82,347271.82,0.778,0.211,53,30,4,0.0517,0,0.0099,0.03,0.368,29,54,3.84,11.31,0.359,57804.55,0.462,34.28
UPI02773,Delhi,Android,Premium,9,6-12m,16,4.77,85,799.3,1752.38,65466.5,0.546,0.457,36,50,2,0.0323,2,0.0264,0.088,0.376,41,56,4.0,6.67,0.303,23700.29,0.35,22.55
UPI02774,Bengaluru,Android,Minimum,14,1-2y,18,7.53,134,98.84,302.57,12783.22,0.555,0.436,60,68,1,0.0222,3,0.0297,0.108,0.347,51,120,6.96,5.66,0.449,7870.58,0.295,33.11
UPI02775,Pune,Android,Full,18,1-2y,15,7.21,124,209.32,515.28,25995.95,0.643,0.363,70,53,0,0.0012,1,0.0101,0.139,0.359,50,81,4.56,2.81,0.27,17896.0,0.318,27.36
UPI02776,Mumbai,Android,Full,35,2y+,22,4.18,83,812.94,1316.09,71236.22,0.858,0.167,55,26,4,0.0581,1,0.0207,0.145,0.361,79,164,4.53,7.4,0.103,12552.15,0.418,22.45
UPI02777,Ahmedabad,iOS,Premium,28,2y+,13,5.28,52,3453.45,11435.17,169860.2,0.818,0.201,44,6,0,0.0128,0,0.0096,0.032,0.3,29,34,5.38,15.07,0.442,65605.49,0.465,11.01
UPI02778,Delhi,iOS,Full,1,0-6m,4,1.4,3,461.69,1823.94,1238.79,0.608,0.412,0,3,0,0.0018,0,0.0068,0.131,0.446,5,7,4.0,236.13,0.644,2237.21,0.352,16.63
UPI02779,Chennai,Android,Minimum,1,0-6m,28,1.56,43,4799.67,10118.45,177602.08,0.558,0.447,22,19,3,0.0777,1,0.0324,0.092,0.265,64,89,4.85,18.07,0.147,74943.44,0.356,36.93
UPI02780,Kolkata,Android,Minimum,9,6-12m,28,7.71,241,20,30.4,4875.6,0.49,0.522,70,172,7,0.039,1,0.01,0.219,0.233,87,182,4.45,5.46,0.32,2071.09,0.348,21.43
UPI02781,Kolkata,Android,Minimum,17,1-2y,16,5.5,111,1046.69,2349.41,95327.31,0.907,0.078,70,43,3,0.0302,0,0.0003,0.061,0.249,41,53,5.5,3.4,0.262,32812.94,0.364,16.7
UPI02782,Delhi,Android,Minimum,24,1-2y,20,1.93,49,60,165.32,2493.24,0.875,0.113,44,4,7,0.1468,2,0.0411,0.155,0.329,27,48,3.72,12.79,0.268,1217.45,0.511,49.9
UPI02783,Bengaluru,Android,Full,22,1-2y,17,2.77,36,2402.8,6479.94,78677.76,0.815,0.23,20,16,2,0.0692,1,0.0326,0.04,0.273,34,40,3.69,25.47,0.329,28759.92,0.387,25.37
UPI02784,Hyderabad,Android,Full,19,1-2y,11,1.96,28,2277.04,6877.2,69517.3,0.601,0.401,12,16,1,0.0364,0,0.0045,0.158,0.369,35,55,5.07,23.98,0.411,13947.79,0.39,23.98
UPI02785,Mumbai,Android,Minimum,28,2y+,19,8.75,187,135.88,483.24,23568.59,0.719,0.237,136,54,4,0.0321,3,0.017,0.055,0.355,65,80,3.53,0.2,0.568,10776.0,0.364,21.65
UPI02786,Chennai,Android,Minimum,26,2y+,23,7.12,159,316.33,826.45,46165.26,0.616,0.403,93,64,4,0.0394,1,0.0153,0.164,0.389,60,102,4.38,3.98,0.348,18110.17,0.35,37.92
UPI02787,Pune,Android,Premium,9,6-12m,23,5.08,90,1962.99,6182.0,183327.5,0.79,0.194,73,18,3,0.0442,0,0.0086,0.055,0.352,49,83,2.42,7.97,0.548,104290.57,0.412,18.04
UPI02788,Hyderabad,Android,Minimum,24,1-2y,18,5.3,107,675.48,2016.96,71648.13,0.852,0.168,83,22,1,0.0187,3,0.0371,0.132,0.298,40,69,2.59,3.64,0.592,18579.23,0.462,22.66
UPI02789,Chennai,Android,Full,5,0-6m,20,4.96,75,436.46,890.48,30048.1,0.909,0.075,61,12,0,0.0046,1,0.0146,0.151,0.369,67,140,5.2,11.99,0.114,12327.84,0.397,19.9
UPI02790,Pune,iOS,Minimum,29,2y+,20,10.98,202,161.75,466.22,37454.1,0.684,0.291,85,117,4,0.0333,1,0.0096,0.061,0.321,91,137,4.0,0.54,0.397,15151.06,0.437,38.53
UPI02791,Bengaluru,Android,Premium,18,1-2y,8,1.42,13,693.91,1509.41,8584.42,0.526,0.43,7,7,0,0.0105,0,0.0026,0.045,0.498,12,19,2.51,53.49,0.267,5609.57,0.389,20.75
UPI02792,Chennai,Android,Full,9,6-12m,22,9.11,174,1096.02,3593.77,166540.23,0.606,0.474,78,95,17,0.1065,10,0.0636,0.591,0.313,98,286,5.64,6.4,0.995,42161.17,0.335,61.87
UPI02793,Ahmedabad,Android,Full,29,2y+,20,4.38,106,756.36,1623.49,87786.71,0.555,0.486,53,53,0,0.0043,1,0.0095,0.108,0.388,33,64,3.78,9.99,0.146,41841.08,0.276,9.74
UPI02794,Mumbai,Android,Premium,38,2y+,25,6.95,179,274.06,833.21,50392.06,0.891,0.082,162,15,3,0.0204,4,0.03,0.058,0.348,56,89,4.26,0.2,0.346,18018.81,0.413,19.39
UPI02795,Hyderabad,Android,Full,7,6-12m,15,4.03,58,646.03,1823.16,36527.6,0.69,0.287,32,26,2,0.0427,1,0.0181,0.132,0.314,45,61,3.93,14.18,0.522,18361.37,0.347,21.08
UPI02796,Bengaluru,Android,Minimum,20,1-2y,8,1.56,27,328.04,910.17,9358.08,0.439,0.512,7,19,0,0.0036,0,0.0003,0.11,0.248,13,13,3.49,22.65,0.146,4671.53,0.331,19.26
UPI02797,Hyderabad,Android,Full,5,0-6m,18,1.19,22,844.98,2125.19,18046.96,0.958,0.067,21,0,5,0.2386,1,0.0481,0.076,0.321,43,71,7.84,32.48,0.303,3480.63,0.523,58.68
UPI02798,Bengaluru,iOS,Premium,14,1-2y,23,5.47,149,159.18,372.57,24548.54,0.695,0.321,69,76,9,0.0656,2,0.0148,0.177,0.268,86,205,8.07,9.95,0.144,4704.0,0.319,32.98
UPI02799,Hyderabad,Android,Full,30,2y+,1,0.89,2,278.54,874.7,552.67,0.585,0.343,0,2,0,0.0116,1,0.2,0.061,0.425,2,3,6.66,250,0.507,311.88,0.327,23.42
UPI02800,Delhi,Android,Full,27,2y+,18,5.93,99,505.23,1326.45,54251.33,0.918,0.075,89,4,9,0.1002,3,0.0344,0.092,0.392,28,52,7.22,3.42,0.334,23660.57,0.501,39.69
UPI02801,Ahmedabad,Android,Full,27,2y+,10,9.1,91,3277.1,12432.35,325249.37,0.542,0.461,45,46,14,0.1686,7,0.0867,0.585,0.538,41,91,5.76,10.74,0.786,202031.45,0.291,82.35
UPI02802,Pune,iOS,Full,11,6-12m,16,4.1,54,3619.13,7924.33,198697.18,0.806,0.225,31,20,1,0.019,0,0.0044,0.136,0.293,24,33,3.89,14.43,0.317,121303.68,0.382,18.62
UPI02803,Hyderabad,Android,Premium,27,2y+,25,3.27,95,961.84,2422.27,106870.17,0.655,0.381,52,43,1,0.0232,1,0.0203,0.081,0.251,60,77,5.17,8.72,0.37,30088.46,0.306,6.72
UPI02804,Pune,iOS,Full,11,6-12m,15,2.47,18,3193.61,9306.03,56649.61,0.663,0.349,12,5,6,0.3407,0,0.0022,0.055,0.262,32,53,3.61,42.63,0.523,25357.11,0.33,73.61
UPI02805,Kolkata,iOS,Full,20,1-2y,26,6.6,165,991.8,1999.82,140913.59,0.89,0.133,99,67,0,0.0012,4,0.0331,0.124,0.262,79,140,5.83,1.68,0.121,54344.38,0.467,23.27
UPI02806,Mumbai,Android,Minimum,25,2y+,16,3.7,60,3228.48,9677.95,223004.82,0.684,0.289,34,26,0,0.0152,2,0.041,0.179,0.184,30,41,4.88,5.77,0.341,148681.39,0.361,15.35
UPI02807,Chennai,Android,Full,15,1-2y,21,6.47,153,194.88,537.29,25278.45,0.676,0.299,107,44,0,0.0074,2,0.0184,0.195,0.303,67,84,3.65,9.67,0.51,993.92,0.381,22.11
UPI02808,Kolkata,iOS,Full,20,1-2y,28,4.54,142,538.98,1396.03,85510.22,0.838,0.177,100,43,5,0.0379,2,0.0236,0.179,0.285,81,111,5.42,3.77,0.381,57486.2,0.434,29.88
UPI02809,Mumbai,Android,Premium,30,2y+,5,0.05,1,436.02,732.7,436.96,0.418,0.624,1,0,2,0.35,1,0.2,0.117,0.352,10,15,2.85,250,0.183,50,0.299,94.83
UPI02810,Pune,Android,Full,18,1-2y,29,8.53,255,145.65,332.03,36136.16,0.549,0.452,120,133,2,0.0117,0,0.0023,0.159,0.286,65,109,5.16,0.2,0.452,6807.83,0.293,33.32
UPI02811,Mumbai,Android,Full,19,1-2y,17,4.34,56,728.74,1885.29,34449.66,0.713,0.296,27,29,4,0.0775,1,0.0214,0.061,0.22,53,72,3.15,15.01,0.481,10568.39,0.358,33.28
UPI02812,Chennai,Android,Full,7,6-12m,14,3.42,56,5434.26,20080.83,270339.74,0.647,0.358,20,38,4,0.0769,1,0.0184,0.158,0.304,26,33,3.71,12.16,0.551,116393.08,0.377,35.22
UPI02813,Mumbai,Android,Full,29,2y+,15,4.21,33,716.62,2726.77,21956.42,0.533,0.506,10,21,2,0.0761,0,0.0044,0.175,0.406,35,61,4.41,21.09,0.646,13979.47,0.376,31.42
UPI02814,Kolkata,Android,Full,29,2y+,22,8.09,194,254.4,459.7,43376.65,0.631,0.347,87,107,0,0.0096,0,0.0021,0.068,0.355,50,91,9.02,0.24,0.151,15411.64,0.371,16.62
UPI02815,Pune,Android,Full,13,1-2y,18,4.57,58,1077.63,3127.25,59268.91,0.537,0.469,28,28,0,0.0127,1,0.0244,0.069,0.354,41,47,5.42,17.62,0.413,14848.41,0.388,11.78
UPI02816,Hyderabad,Android,Premium,5,0-6m,18,4.39,62,592.53,2075.09,31706.52,0.583,0.441,21,37,4,0.0784,1,0.0214,0.101,0.332,45,60,5.07,10.38,0.572,12631.15,0.292,37.24
UPI02817,Ahmedabad,Android,Full,3,0-6m,10,7.7,82,2060.19,7049.28,177344.81,0.421,0.628,33,49,27,0.3384,13,0.1671,0.399,0.557,60,146,6.52,11.65,0.68,18932.98,0.271,100
UPI02818,Ahmedabad,Android,Minimum,9,6-12m,13,4.35,51,590.33,1661.82,32564.97,0.609,0.394,31,23,1,0.0287,3,0.0641,0.163,0.331,30,33,2.76,15.58,0.391,19396.44,0.341,37.83
UPI02819,Mumbai,Android,Full,40,2y+,22,2.79,60,3289.81,8388.98,181797.18,0.7,0.303,38,25,4,0.0695,0,0.008,0.079,0.305,41,76,5.64,13.36,0.453,136591.77,0.419,19.38
UPI02820,Delhi,Android,Full,17,1-2y,25,7.57,200,269.51,668.36,50508.02,0.719,0.271,106,93,5,0.0348,1,0.0086,0.131,0.269,40,58,5.48,6.92,0.293,26066.87,0.372,22.36
UPI02821,Ahmedabad,Android,Full,3,0-6m,25,4.68,84,249.74,333.16,21160.3,0.558,0.439,27,59,8,0.1089,0,0.0043,0.161,0.342,63,148,7.83,9.18,0.227,8228.28,0.355,52.55
UPI02822,Chennai,Android,Minimum,24,1-2y,8,1.67,21,372.02,721.46,7926.84,0.32,0.696,0,17,2,0.1064,2,0.0969,0.099,0.249,8,13,2.86,32.15,0.212,1182.17,0.218,36.29
UPI02823,Hyderabad,iOS,Full,15,1-2y,8,1.25,15,696.98,1964.04,12282.48,0.304,0.66,1,13,1,0.0737,1,0.0751,0.109,0.494,7,10,3.8,49.39,0.257,3161.97,0.345,34.54
UPI02824,Hyderabad,Android,Premium,19,1-2y,3,1.04,2,362.61,969.82,598.54,0.335,0.645,2,0,2,0.35,0,0.0038,0.084,0.373,4,4,2.56,250,0.433,297.26,0.217,68.85
UPI02825,Pune,Android,Premium,23,1-2y,22,5.62,120,157.29,355.92,21441.62,0.547,0.468,32,85,1,0.0134,0,0.0014,0.091,0.3,57,121,7.41,5.5,0.267,15168.79,0.322,25.42
UPI02826,Kolkata,Android,Full,18,1-2y,2,7.47,15,615.59,1940.16,7705.21,0.311,0.651,4,10,13,0.35,14,0.2,0.552,0.592,11,20,8.67,46.81,0.465,50,0.31,100
UPI02827,Hyderabad,Android,Minimum,22,1-2y,19,4.46,67,662.52,1891.93,39958.25,0.867,0.113,59,10,6,0.103,2,0.0363,0.134,0.363,50,83,4.5,6.57,0.221,17157.05,0.392,24.99
UPI02828,Pune,iOS,Full,33,2y+,13,4.27,64,412.2,1165.9,25577.96,0.459,0.509,19,43,6,0.0976,0,0.0026,0.091,0.27,34,57,2.69,14.25,0.481,5196.1,0.345,37.78
UPI02829,Pune,Android,Full,13,1-2y,6,3.32,14,136.31,361.13,2131.4,0.839,0.168,6,9,0,0.0045,1,0.0764,0.048,0.299,15,27,7.08,52.21,0.574,50,0.374,14.42
UPI02830,Ahmedabad,iOS,Full,18,1-2y,31,6.52,212,221.92,668.3,55425.34,0.58,0.381,117,99,0,0.0089,1,0.0133,0.074,0.241,105,242,3.52,0.2,0.423,27755.63,0.333,24.17
UPI02831,Kolkata,Android,Premium,25,2y+,8,3.46,35,3956.99,11088.61,124014.89,0.655,0.397,24,9,4,0.1244,2,0.0668,0.144,0.202,19,32,1.86,19.26,0.427,36079.5,0.379,40.47
UPI02832,Chennai,Android,Minimum,14,1-2y,9,3.03,36,2286.26,4369.45,96957.02,0.759,0.271,17,19,1,0.038,0,0.0049,0.054,0.239,13,15,1.61,23.37,0.209,27956.83,0.383,22.96
UPI02833,Kolkata,Android,Full,19,1-2y,17,1.84,16,1078.54,4242.59,17339.79,0.796,0.192,11,4,1,0.0751,3,0.19,0.081,0.269,45,54,8.17,47.52,0.513,3510.91,0.412,42.52
UPI02834,Mumbai,Android,Full,24,1-2y,13,3.72,20,4499.55,10770.58,88978.47,0.661,0.28,9,8,1,0.0563,1,0.0522,0.031,0.294,25,40,4.66,39.17,0.364,27842.53,0.373,31.14
UPI02835,Hyderabad,Android,Full,1,0-6m,12,7.04,79,218.88,907.61,15348.56,0.49,0.506,26,52,6,0.0876,3,0.046,0.108,0.378,46,55,4.32,11.08,0.78,6432.14,0.246,34.91
UPI02836,Pune,Android,Full,27,2y+,19,2.42,36,878.72,1537.76,32640.53,0.899,0.107,28,10,4,0.1242,1,0.0343,0.131,0.385,47,95,3.69,20.55,0.47,22917.08,0.431,32.85
UPI02837,Pune,Android,Full,23,1-2y,20,7.03,115,122.45,284.86,13863.07,0.662,0.343,72,41,4,0.0489,0,0.005,0.218,0.267,47,113,3.52,8.63,0.273,6092.96,0.386,30.3
UPI02838,Kolkata,Android,Full,22,1-2y,17,5.36,93,732.4,1988.92,67690.98,0.843,0.178,81,9,0,0.0145,4,0.051,0.086,0.33,31,53,9.9,7.19,0.437,34502.54,0.407,18.82
UPI02839,Mumbai,Android,Full,17,1-2y,31,5.38,144,157.43,510.53,25201.26,0.691,0.326,75,70,5,0.036,1,0.0168,0.132,0.286,73,121,3.92,3.08,0.344,17112.37,0.439,27.99
UPI02840,Chennai,Android,Full,12,6-12m,21,4.97,95,714.52,2431.76,70543.01,0.507,0.517,46,43,1,0.0163,1,0.0197,0.132,0.392,52,61,4.23,9.64,0.515,14831.1,0.388,19.32
UPI02841,Delhi,Android,Full,12,6-12m,4,1.57,10,54.43,152.92,627.56,0.389,0.618,6,4,0,0.0009,2,0.2,0.055,0.385,2,3,4.64,76.6,0.246,50,0.308,39.02
UPI02842,Pune,Android,Full,23,1-2y,24,5.53,119,253.55,814.02,25452.32,0.58,0.376,72,40,8,0.0806,0,0.0026,0.138,0.343,62,131,7.6,7.97,0.259,5700.31,0.298,26.43
UPI02843,Kolkata,Android,Minimum,8,6-12m,6,0.7,12,429.95,1033.98,5835.56,0.645,0.345,10,2,0,0.0006,0,0.0088,0.061,0.334,17,20,5.43,64.73,0.548,4904.17,0.331,11.64
UPI02844,Chennai,Android,Full,9,6-12m,7,0.05,1,340.94,699.73,335.96,0.466,0.524,0,1,1,0.35,1,0.2,0.063,0.254,10,17,5.65,250,0.313,3379.99,0.35,92.81
UPI02845,Ahmedabad,iOS,Full,35,2y+,17,3.06,44,885.1,3114.58,39919.67,0.93,0.055,38,4,3,0.0686,3,0.0715,0.074,0.206,29,57,5.61,19.97,0.521,18400.78,0.481,28.48
UPI02846,Kolkata,iOS,Full,29,2y+,2,10.28,19,851.72,1429.71,16384.71,0.267,0.788,6,15,24,0.35,9,0.2,0.696,0.515,10,23,6.35,36.13,0.434,9976.96,0.274,100
UPI02847,Pune,iOS,Full,27,2y+,25,6.87,150,207.0,571.61,25777.89,0.632,0.343,61,84,1,0.0182,2,0.02,0.102,0.344,87,114,3.14,0.2,0.326,11157.2,0.427,32.42
UPI02848,Chennai,Android,Premium,9,6-12m,14,3.05,28,3955.38,12994.5,113259.4,0.813,0.184,19,4,1,0.0409,0,0.0021,0.169,0.325,27,35,3.38,28.58,0.197,60034.52,0.455,25.14
UPI02849,Chennai,iOS,Full,13,1-2y,17,2.83,27,497.32,1158.82,11292.19,0.559,0.402,8,18,1,0.043,0,0.0068,0.114,0.309,16,18,6.29,24.4,0.243,50,0.381,20.48
UPI02850,Bengaluru,iOS,Full,20,1-2y,16,3.74,59,3231.86,9033.61,195938.14,0.719,0.331,45,11,0,0.0104,3,0.0595,0.042,0.313,34,56,6.43,17.1,0.285,143998.08,0.392,15.87
UPI02851,Pune,Android,Full,30,2y+,13,12.32,149,860.84,3517.96,139230.12,0.509,0.387,63,87,21,0.1595,8,0.0622,0.725,0.412,57,164,8.33,5.11,0.72,89896.06,0.387,80.09
UPI02852,Hyderabad,iOS,Full,25,2y+,18,12.36,224,4017.02,7246.99,747664.96,0.445,0.614,83,140,24,0.1163,6,0.0308,0.311,0.554,70,159,3.8,5.75,0.383,350000,0.257,52.32
UPI02853,Delhi,Android,Full,12,6-12m,18,1.6,29,3863.27,12573.73,95544.37,0.568,0.391,17,14,3,0.1151,0,0.0061,0.056,0.228,31,50,3.54,21.37,0.493,25496.21,0.373,22.99
UPI02854,Delhi,Android,Full,20,1-2y,19,4.8,104,162.84,537.07,19965.59,0.606,0.354,28,77,0,0.015,1,0.0122,0.083,0.281,55,136,7.58,5.77,0.343,12654.5,0.393,25.29
UPI02855,Hyderabad,iOS,Full,48,2y+,8,1.46,13,20,27.37,273.42,0.45,0.61,7,7,0,0.0099,2,0.1596,0.067,0.302,20,25,2.43,51.78,0.124,3211.71,0.313,31.33
UPI02856,Mumbai,Android,Minimum,23,1-2y,19,4.31,99,3394.05,5834.46,359069.01,0.6,0.438,64,33,3,0.035,0,0.0006,0.076,0.362,30,34,4.76,9.55,0.231,130362.9,0.383,21.72
UPI02857,Hyderabad,Android,Minimum,21,1-2y,9,3.64,30,3064.43,3963.88,91029.24,0.737,0.275,25,6,0,0.0038,1,0.0344,0.152,0.227,11,15,5.97,25.1,0.082,58256.9,0.396,20.88
UPI02858,Hyderabad,Android,Minimum,6,0-6m,11,2.44,17,965.21,2595.22,15800.3,0.506,0.502,3,15,6,0.35,0,0.01,0.111,0.245,18,34,7.05,39.97,0.447,7607.45,0.355,86.53
UPI02859,Kolkata,Android,Full,36,2y+,14,3.03,35,871.56,2110.16,25782.09,0.945,0.054,16,20,4,0.1268,4,0.1181,0.07,0.428,46,67,5.02,15.87,0.471,13177.74,0.435,32.64
UPI02860,Chennai,Android,Full,30,2y+,19,3.26,61,714.9,1764.58,50080.71,0.52,0.448,29,33,4,0.0741,2,0.0383,0.12,0.355,40,49,3.09,12.24,0.338,30347.77,0.329,34.4
UPI02861,Delhi,iOS,Minimum,4,0-6m,26,2.77,61,844.19,2225.55,52270.76,0.794,0.176,37,17,2,0.0453,5,0.0916,0.147,0.281,54,79,5.25,13.07,0.495,10835.44,0.361,30.51
UPI02862,Mumbai,Android,Minimum,20,1-2y,7,1.8,8,429.78,819.9,3180.49,0.633,0.323,2,8,2,0.2579,0,0.0013,0.057,0.277,3,4,1.16,89.74,0.205,50,0.321,60.1
UPI02863,Bengaluru,Android,Full,13,1-2y,8,1.49,6,669.04,1667.36,4377.98,0.625,0.427,0,6,1,0.1809,1,0.1728,0.144,0.356,9,14,3.21,116.16,0.532,1910.32,0.317,53.16
UPI02864,Mumbai,Android,Minimum,19,1-2y,28,2.71,85,635.21,1761.49,46161.92,0.952,0.058,47,43,6,0.0782,1,0.016,0.103,0.359,72,126,4.74,4.12,0.241,21086.59,0.476,24.82
UPI02865,Kolkata,iOS,Minimum,12,6-12m,25,5.19,100,153.52,381.94,13571.72,0.571,0.441,43,52,5,0.0608,2,0.0246,0.217,0.222,54,66,5.45,5.74,0.55,6874.58,0.389,40.0
UPI02866,Chennai,Android,Full,32,2y+,30,5.33,179,828.84,2332.67,140929.48,0.818,0.165,138,42,8,0.0558,2,0.0176,0.114,0.411,64,132,3.01,3.34,0.338,15463.13,0.41,16.34
UPI02867,Chennai,Android,Full,18,1-2y,23,4.42,119,722.92,1707.83,90655.56,0.938,0.092,77,45,7,0.0603,1,0.0174,0.067,0.222,52,88,6.28,1.84,0.351,65618.17,0.439,16.76
UPI02868,Delhi,Android,Full,15,1-2y,28,7.67,204,228.73,397.04,41165.74,0.495,0.533,86,123,6,0.044,2,0.0135,0.17,0.241,60,133,7.25,4.69,0.354,11477.89,0.263,34.85
UPI02869,Hyderabad,Android,Full,1,0-6m,21,2.27,57,3998.91,7061.77,224137.45,0.642,0.406,30,26,5,0.1021,0,0.0082,0.126,0.249,36,42,4.68,13.95,0.336,143268.85,0.289,31.65
UPI02870,Ahmedabad,iOS,Minimum,15,1-2y,20,5.09,132,149.06,355.85,22503.73,0.49,0.533,58,73,4,0.0315,0,0.0097,0.074,0.265,69,156,3.9,8.42,0.115,8683.81,0.238,18.06
UPI02871,Pune,Android,Full,17,1-2y,5,0.8,4,434.33,1187.13,1956.98,0.387,0.562,2,0,0,0.0036,0,0.0058,0.062,0.326,7,8,3.35,184.77,0.257,1145.07,0.306,1.4
UPI02872,Bengaluru,Android,Full,33,2y+,25,7.7,191,247.97,844.4,40183.39,0.524,0.513,72,120,5,0.0285,2,0.017,0.164,0.371,78,117,5.82,7.81,0.634,18959.62,0.296,43.86
UPI02873,Hyderabad,iOS,Premium,18,1-2y,26,7.04,170,1589.02,4745.54,259794.32,0.471,0.642,53,119,17,0.1156,7,0.0446,0.746,0.383,87,184,1,3.67,0.459,137255.06,0.247,77.94
UPI02874,Hyderabad,iOS,Premium,31,2y+,16,5.67,97,238.2,610.31,26227.9,0.548,0.469,55,40,7,0.0746,0,0.0038,0.186,0.343,34,59,6.53,9.09,0.327,12497.54,0.395,45.35
UPI02875,Mumbai,Android,Full,11,6-12m,8,1.09,7,450.65,1116.92,3584.19,0.542,0.5,3,4,1,0.144,1,0.1482,0.063,0.367,18,30,4.1,99.85,0.146,1427.96,0.384,42.92
UPI02876,Hyderabad,iOS,Full,1,0-6m,12,15.78,197,2008.28,6570.51,354083.42,0.614,0.447,125,73,22,0.1324,5,0.0335,0.573,0.479,13,28,2.26,4.63,0.672,236460.07,0.305,84.59
UPI02877,Delhi,Android,Full,21,1-2y,1,0.37,1,132.34,415.43,127.75,0.645,0.408,1,0,1,0.35,2,0.2,0.089,0.386,2,3,3.35,250,0.457,1126.95,0.39,95.5
UPI02878,Mumbai,Android,Full,1,0-6m,23,3.35,99,186.82,625.33,16674.81,0.632,0.396,63,36,2,0.0284,1,0.0158,0.083,0.303,51,83,6.77,9.41,0.194,7592.18,0.421,27.51
UPI02879,Kolkata,iOS,Full,25,2y+,23,4.62,128,181.77,323.25,20500.31,0.585,0.423,64,63,6,0.058,2,0.021,0.117,0.353,46,57,4.18,6.13,0.131,4750.27,0.319,22.15
UPI02880,Hyderabad,Android,Full,1,0-6m,6,1.21,12,469.39,1317.64,5109.56,0.476,0.588,8,2,2,0.1703,0,0.0016,0.114,0.359,8,12,1.84,59.37,0.515,1243.58,0.357,47.66
UPI02881,Kolkata,iOS,Minimum,28,2y+,16,4.93,59,369.05,960.3,21292.02,0.556,0.445,24,39,1,0.0207,2,0.0428,0.063,0.339,24,39,3.42,12.56,0.413,3594.71,0.382,35.73
UPI02882,Pune,iOS,Minimum,5,0-6m,7,1.03,7,758.86,1933.41,5296.56,0.555,0.391,2,6,1,0.155,2,0.2,0.038,0.487,7,11,1.55,104.08,0.207,2580.37,0.361,73.65
UPI02883,Bengaluru,iOS,Full,11,6-12m,31,7.02,205,154.94,449.42,30881.69,0.615,0.401,122,76,7,0.0468,1,0.0141,0.118,0.323,63,114,8.99,2.66,0.215,14730.58,0.293,32.67
UPI02884,Chennai,Android,Full,17,1-2y,17,4.67,66,897.38,2198.9,69466.73,0.529,0.471,24,36,5,0.0882,1,0.0231,0.07,0.252,29,35,2.99,11.45,0.45,12666.46,0.362,39.1
UPI02885,Mumbai,Android,Full,24,1-2y,24,3.1,48,417.77,953.26,18209.19,0.602,0.389,21,27,1,0.0282,0,0.0044,0.063,0.215,68,119,1.77,9.81,0.279,11729.06,0.376,10.71
UPI02886,Ahmedabad,iOS,Full,15,1-2y,31,6.84,212,735.43,2388.55,137012.87,0.908,0.118,198,11,5,0.0384,2,0.0128,0.077,0.427,91,112,4.3,3.52,0.444,36244.27,0.491,26.09
UPI02887,Hyderabad,Android,Minimum,35,2y+,7,1.53,12,611.5,1768.23,8424.24,0.453,0.595,2,12,0,0.0085,0,0.005,0.111,0.458,2,3,3.0,58.3,0.236,4163.23,0.289,30.03
UPI02888,Hyderabad,Android,Minimum,10,6-12m,9,0.87,19,573.71,1855.81,11233.65,0.475,0.566,10,11,0,0.0008,2,0.1112,0.022,0.417,14,14,2.63,36.5,0.356,8772.42,0.292,23.34
UPI02889,Delhi,Android,Full,19,1-2y,17,4.71,73,713.66,713.66,49414.89,0.624,0.359,40,33,4,0.0669,1,0.0198,0.164,0.304,33,40,6.04,4.92,0.163,18505.24,0.371,28.61
UPI02890,Hyderabad,Android,Full,22,1-2y,17,5.08,75,174.42,446.05,11055.21,0.624,0.419,43,37,4,0.0585,0,0.009,0.062,0.325,61,134,7.28,9.89,0.444,2165.88,0.315,20.17
UPI02891,Ahmedabad,Android,Premium,10,6-12m,19,6.02,99,459.79,1158.48,52373.6,0.569,0.518,39,62,20,0.2164,8,0.0829,0.7,0.323,80,140,7.51,8.47,0.45,28704.16,0.3,76.63
UPI02892,Bengaluru,Android,Full,14,1-2y,23,2.64,39,641.11,1886.13,29408.83,0.514,0.518,14,25,5,0.1397,1,0.0339,0.127,0.239,56,71,2.76,18.71,0.246,21393.04,0.233,44.57
UPI02893,Kolkata,iOS,Minimum,15,1-2y,29,3.93,132,82.92,165.25,12899.64,0.69,0.287,83,49,10,0.0791,0,0.0033,0.175,0.357,67,155,5.82,8.46,0.407,4884.37,0.349,36.64
UPI02894,Pune,Android,Full,23,1-2y,23,6.73,145,177.46,474.37,25775.37,0.563,0.392,81,64,7,0.0605,2,0.0174,0.152,0.294,57,113,4.08,0.2,0.265,16482.61,0.252,30.07
UPI02895,Ahmedabad,Android,Premium,27,2y+,29,5.4,147,392.39,1042.68,65746.66,0.901,0.104,89,63,2,0.0153,1,0.0149,0.119,0.3,48,89,3.93,4.8,0.347,37848.45,0.378,10.75
UPI02896,Bengaluru,Android,Minimum,37,2y+,15,8.38,122,40,160.52,4280.18,0.428,0.585,31,92,27,0.2263,2,0.0179,0.365,0.494,31,74,8.22,2.86,0.797,2534.35,0.267,67.5
UPI02897,Pune,Android,Full,20,1-2y,19,3.99,53,2360.83,6544.04,121148.59,0.649,0.311,32,22,3,0.0578,0,0.0059,0.129,0.323,41,72,6.02,13.61,0.403,11999.88,0.435,41.5
UPI02898,Chennai,Android,Minimum,26,2y+,19,5.14,103,149.56,334.59,15931.34,0.918,0.103,59,50,3,0.0412,3,0.033,0.042,0.339,53,104,3.82,8.99,0.378,9613.29,0.471,26.13
UPI02899,Kolkata,Android,Full,32,2y+,10,6.64,66,3406.38,15211.0,224269.63,0.443,0.569,26,40,23,0.35,6,0.098,0.326,0.539,25,62,3.21,10.81,0.829,32261.52,0.381,100
UPI02900,Bengaluru,iOS,Full,22,1-2y,22,4.1,106,203.27,287.57,24172.62,0.789,0.197,59,47,6,0.0698,1,0.0102,0.146,0.439,47,93,4.26,5.57,0.28,2540.88,0.501,28.93
UPI02901,Bengaluru,iOS,Full,14,1-2y,24,5.06,67,685.2,1536.03,37647.01,0.699,0.286,46,18,2,0.0394,3,0.0515,0.094,0.376,71,105,4.14,8.05,0.396,10523.74,0.454,28.91
UPI02902,Delhi,iOS,Full,12,6-12m,22,2.63,66,3337.84,8029.21,248862.46,0.601,0.371,29,38,3,0.0554,1,0.0202,0.116,0.289,28,42,5.69,12.04,0.188,165241.02,0.298,21.88
UPI02903,Kolkata,Android,Full,26,2y+,22,5.74,128,303.02,942.52,35776.78,0.6,0.364,67,63,8,0.0634,4,0.0344,0.122,0.292,78,180,5.02,0.84,0.526,12051.73,0.335,32.3
UPI02904,Pune,Android,Minimum,22,1-2y,23,5.43,117,345.65,821.16,42216.67,0.497,0.482,53,64,2,0.0283,1,0.0135,0.15,0.276,78,135,6.86,3.44,0.066,8287.69,0.359,23.85
UPI02905,Kolkata,Android,Full,25,2y+,17,6.55,98,570.39,2010.99,57314.01,0.88,0.141,58,36,3,0.0354,0,0.0072,0.16,0.306,32,47,2.22,10.78,0.406,19791.61,0.46,26.51
UPI02906,Bengaluru,Android,Full,16,1-2y,24,2.96,98,494.03,985.1,47913.36,0.651,0.306,68,29,1,0.0116,2,0.0281,0.043,0.413,34,67,2.01,12.15,0.43,11539.74,0.339,22.04
UPI02907,Hyderabad,Android,Premium,15,1-2y,21,6.06,114,149.17,420.55,15162.33,0.661,0.327,79,36,6,0.0579,2,0.0177,0.145,0.278,55,125,7.53,6.26,0.366,2856.37,0.401,34.82
UPI02908,Chennai,Android,Full,31,2y+,21,3.73,77,1193.24,3594.35,104781.09,0.636,0.357,41,37,1,0.0258,1,0.0154,0.154,0.201,43,74,3.94,11.48,0.591,60444.6,0.387,14.08
UPI02909,Chennai,Android,Full,35,2y+,12,9.05,119,454.27,1297.05,47184.03,0.418,0.655,41,80,12,0.1224,2,0.0187,0.73,0.505,76,114,8.94,7.12,0.821,4665.88,0.383,74.9
UPI02910,Bengaluru,Android,Minimum,15,1-2y,3,15.42,41,3769.88,14944.58,152026.76,0.39,0.641,12,36,29,0.35,0,0.0066,0.596,0.566,11,21,7.98,15.44,0.678,71155.59,0.293,100
UPI02911,Pune,Android,Full,27,2y+,24,3.44,100,290.88,773.28,31567.35,0.666,0.377,55,46,5,0.0608,0,0.0066,0.053,0.294,44,66,5.74,9.03,0.28,13744.08,0.331,20.02
UPI02912,Hyderabad,Android,Minimum,4,0-6m,6,1.91,6,149.4,404.17,984.95,0.46,0.589,0,6,2,0.3464,0,0.0022,0.08,0.414,12,14,4.41,117.94,0.408,331.18,0.254,76.52
UPI02913,Hyderabad,Android,Full,25,2y+,17,5.05,86,944.33,2926.59,89330.55,0.689,0.288,52,29,1,0.0263,2,0.0265,0.118,0.275,40,65,4.47,3.78,0.303,38590.68,0.416,24.18
UPI02914,Chennai,iOS,Full,11,6-12m,3,0.61,4,469.8,1640.71,1605.72,0.546,0.462,4,0,3,0.35,0,0.0002,0.126,0.31,3,3,1.56,177.14,0.55,1836.96,0.373,77.62
UPI02915,Chennai,iOS,Premium,22,1-2y,25,4.66,125,921.76,1999.19,102999.39,0.946,0.076,105,19,4,0.0467,0,0.0092,0.164,0.265,66,113,6.26,2.64,0.092,12656.05,0.399,22.73
UPI02916,Pune,Android,Minimum,31,2y+,9,3.92,43,2723.52,7878.34,138136.32,0.714,0.304,29,16,2,0.0545,1,0.0316,0.118,0.375,15,26,5.26,19.34,0.535,57069.17,0.409,29.5
UPI02917,Pune,Android,Minimum,13,1-2y,26,8.15,208,122.7,340.75,28937.75,0.488,0.559,69,137,9,0.0531,0,0.0068,0.177,0.352,109,260,3.13,3.99,0.49,3968.58,0.236,37.14
UPI02918,Hyderabad,iOS,Full,19,1-2y,25,4.58,144,2528.29,5743.75,349629.25,0.642,0.394,96,41,1,0.0101,0,0.0087,0.17,0.373,56,74,5.83,0.2,0.42,69294.65,0.417,18.61
UPI02919,Chennai,Android,Full,17,1-2y,15,6.98,104,193.3,489.36,20512.71,0.482,0.512,51,50,4,0.0409,2,0.0201,0.051,0.263,40,98,5.16,6.3,0.3,5108.87,0.246,23.9
UPI02920,Ahmedabad,Android,Minimum,7,6-12m,11,1.57,6,526.98,1133.22,3064.25,0.443,0.578,2,3,4,0.35,1,0.1672,0.093,0.498,15,21,5.21,121.75,0.207,50,0.289,93.13
UPI02921,Hyderabad,Android,Minimum,34,2y+,29,9.52,272,174.91,566.23,53715.12,0.617,0.361,120,150,1,0.0183,1,0.0059,0.123,0.378,64,118,4.06,0.32,0.538,15933.88,0.337,24.91
UPI02922,Pune,Android,Full,15,1-2y,26,5.23,141,587.62,1705.88,80897.49,0.958,0.057,79,62,7,0.0576,3,0.0281,0.126,0.253,54,87,7.34,0.2,0.471,26114.3,0.506,23.1
UPI02923,Bengaluru,Android,Full,24,1-2y,19,3.51,58,2821.16,7303.0,180003.83,0.705,0.353,36,17,1,0.026,1,0.0206,0.09,0.233,40,48,5.73,13.19,0.351,28757.16,0.318,19.75
UPI02924,Pune,Android,Minimum,11,6-12m,23,6.64,134,2899.48,10865.62,428286.31,0.557,0.387,77,66,2,0.0305,8,0.0615,0.523,0.566,78,147,8.59,8.24,0.562,149750.29,0.393,38.46
UPI02925,Pune,Android,Minimum,12,6-12m,3,1.38,7,247.36,738.05,1422.82,0.406,0.555,5,4,0,0.0087,0,0.0027,0.058,0.357,9,10,1.4,107.51,0.177,1345.57,0.24,9.55
UPI02926,Hyderabad,Android,Full,1,0-6m,16,3.45,60,1298.07,3850.04,90464.34,0.841,0.188,38,18,7,0.1297,2,0.0407,0.18,0.265,50,76,7.87,11.58,0.351,59745.56,0.376,40.75
UPI02927,Hyderabad,Android,Premium,1,0-6m,4,0.6,7,441.25,1023.6,3470.29,0.379,0.674,0,7,2,0.2972,1,0.1489,0.065,0.394,8,12,6.21,106.35,0.278,1940.64,0.252,100
UPI02928,Mumbai,Android,Full,27,2y+,8,11.36,100,1869.41,5902.33,169589.77,0.203,0.719,15,90,28,0.2993,5,0.0568,0.717,0.556,15,42,6.57,9.95,0.622,103334.07,0.219,98.67
UPI02929,Bengaluru,Android,Full,36,2y+,15,8.04,133,235.94,685.32,26666.66,0.687,0.317,93,38,5,0.0504,4,0.032,0.208,0.328,40,84,7.89,6.02,0.253,17307.32,0.31,37.66
UPI02930,Mumbai,Android,Premium,19,1-2y,23,9.33,213,217.75,686.18,46300.07,0.501,0.479,108,103,3,0.0274,0,0.0096,0.125,0.364,92,208,4.35,7.19,0.398,8250.22,0.295,35.56
UPI02931,Delhi,Android,Full,33,2y+,24,4.7,127,173.09,398.61,18188.99,0.522,0.465,53,68,0,0.0101,0,0.0016,0.147,0.355,61,96,6.96,3.68,0.219,2788.25,0.277,9.27
UPI02932,Hyderabad,Android,Full,42,2y+,2,0.55,2,796.02,1787.93,1423.4,0.411,0.629,0,2,0,0.0059,1,0.2,0.069,0.309,2,3,4.01,250,0.447,203.66,0.328,33.7
UPI02933,Mumbai,iOS,Minimum,12,6-12m,8,2.18,19,408.72,773.96,8608.03,0.396,0.677,6,15,1,0.0575,1,0.0582,0.131,0.323,10,14,3.13,33.0,0.287,5333.16,0.26,31.8
UPI02934,Chennai,Android,Full,23,1-2y,25,3.65,68,196.61,395.09,12057.91,0.705,0.264,23,44,4,0.0619,2,0.0367,0.115,0.227,101,158,5.39,14.48,0.24,3571.19,0.381,27.84
UPI02935,Mumbai,Android,Full,12,6-12m,26,4.16,68,617.02,969.18,35231.28,0.501,0.494,29,38,5,0.0794,0,0.0039,0.113,0.275,44,65,3.75,7.39,0.156,18501.46,0.251,23.31
UPI02936,Mumbai,Android,Full,1,0-6m,9,4.59,41,7057.3,17427.24,245317.85,0.587,0.361,15,27,3,0.0859,2,0.0578,0.158,0.295,15,25,4.1,18.65,0.236,55397.89,0.3,35.78
UPI02937,Delhi,Android,Full,22,1-2y,2,2.12,3,585.85,1335.1,1627.03,0.506,0.549,3,3,0,0.0038,1,0.2,0.07,0.187,6,10,2.86,241.36,0.293,588.18,0.303,33.87
UPI02938,Kolkata,Android,Full,13,1-2y,14,6.83,119,1037.4,3109.51,109026.96,0.849,0.139,88,26,2,0.0185,1,0.0116,0.15,0.206,27,56,6.06,6.45,0.266,38300.62,0.37,26.28
UPI02939,Pune,Android,Full,1,0-6m,18,4.06,60,335.3,719.04,17270.3,0.706,0.247,27,33,4,0.0806,2,0.0364,0.046,0.251,18,31,6.34,9.26,0.394,6299.8,0.321,41.21
UPI02940,Bengaluru,Android,Premium,36,2y+,22,3.31,64,642.49,1632.99,46916.24,0.502,0.518,29,37,0,0.0004,1,0.0196,0.112,0.416,51,76,4.48,14.33,0.25,16903.95,0.356,19.98
UPI02941,Bengaluru,Android,Full,29,2y+,22,7.86,154,299.35,1131.1,39518.41,0.678,0.332,104,46,4,0.041,0,0.0041,0.161,0.29,87,199,1.17,8.79,0.596,26007.0,0.366,27.99
UPI02942,Chennai,Android,Minimum,17,1-2y,16,1.35,31,370.39,808.88,10238.55,0.464,0.548,9,19,3,0.1097,0,0.006,0.101,0.332,34,50,3.23,18.45,0.089,6458.45,0.299,21.82
UPI02943,Bengaluru,Android,Minimum,6,0-6m,25,2.67,39,914.53,3095.15,38771.14,0.87,0.13,15,25,2,0.0545,1,0.0305,0.166,0.293,56,107,4.13,18.94,0.49,18993.05,0.359,26.92
UPI02944,Ahmedabad,iOS,Premium,12,6-12m,21,2.2,62,852.55,2222.59,50674.83,0.467,0.541,20,41,2,0.0332,0,0.0051,0.041,0.291,46,68,4.49,10.43,0.278,35763.12,0.226,12.39
UPI02945,Bengaluru,Android,Full,36,2y+,27,2.4,95,160.43,505.31,14164.1,0.666,0.353,46,52,3,0.0353,0,0.0034,0.168,0.248,44,79,3.56,10.56,0.494,10615.75,0.353,24.63
UPI02946,Hyderabad,Android,Full,19,1-2y,14,3.42,29,774.32,1745.3,20158.62,0.532,0.504,7,18,3,0.1157,2,0.0734,0.088,0.394,32,50,5.02,26.73,0.264,5661.89,0.374,35.59
UPI02947,Bengaluru,Android,Full,13,1-2y,28,3.94,147,706.57,2030.36,107129.82,0.922,0.082,134,11,6,0.0534,4,0.0316,0.195,0.346,65,102,5.81,4.44,0.431,23279.27,0.446,28.33
UPI02948,Mumbai,Android,Full,19,1-2y,21,3.52,76,738.13,1856.36,47357.11,0.655,0.388,33,49,4,0.0536,0,0.0016,0.151,0.282,41,76,7.56,7.11,0.387,35001.63,0.401,16.11
UPI02949,Bengaluru,Android,Premium,35,2y+,16,3.9,47,855.63,2470.98,42765.7,0.618,0.42,21,31,2,0.0531,0,0.0011,0.079,0.274,32,47,3.01,16.48,0.308,31256.79,0.398,21.44
UPI02950,Bengaluru,Android,Full,17,1-2y,21,2.62,51,589.3,1378.32,31892.43,0.466,0.502,11,42,1,0.0309,2,0.0456,0.067,0.238,46,62,4.21,15.92,0.268,24211.82,0.31,14.73
UPI02951,Ahmedabad,Android,Minimum,13,1-2y,25,4.75,112,1967.46,7704.2,242841.66,0.534,0.437,52,63,12,0.1172,1,0.0137,0.549,0.372,118,295,3.57,10.16,0.679,69329.54,0.295,59.29
UPI02952,Mumbai,Android,Full,28,2y+,31,8.05,218,40,146.67,8071.07,0.582,0.488,129,88,26,0.1339,5,0.0318,0.697,0.504,85,225,2.48,0.2,0.629,5400.17,0.311,58.03
UPI02953,Pune,Android,Full,8,6-12m,12,0.62,1,476.15,1340.8,519.5,0.381,0.658,0,0,0,0.0033,0,0.0068,0.032,0.471,18,25,1.97,250,0.385,50,0.353,20.74
UPI02954,Chennai,iOS,Full,15,1-2y,3,0.7,2,375.63,1181.21,854.86,0.452,0.587,2,0,1,0.35,0,0.0021,0.107,0.498,3,4,3.96,250,0.452,1832.07,0.322,75.86
UPI02955,Chennai,Android,Premium,24,1-2y,17,18.07,318,1390.45,5536.95,498541.25,0.203,0.825,58,260,19,0.0815,3,0.0164,0.773,0.341,71,184,4.92,2.87,0.761,311846.35,0.156,84.67
UPI02956,Mumbai,Android,Minimum,14,1-2y,23,4.44,77,173.05,413.79,13837.94,0.581,0.461,31,38,9,0.1326,1,0.0217,0.198,0.366,55,92,3.6,10.94,0.366,10470.64,0.313,37.5
UPI02957,Pune,Android,Full,23,1-2y,18,8.26,165,233.83,553.99,36653.59,0.602,0.429,73,93,4,0.0355,1,0.008,0.173,0.23,46,68,7.29,1.75,0.161,16335.33,0.344,22.17
UPI02958,Hyderabad,Android,Full,21,1-2y,16,10.32,179,3810.72,15857.62,779243.32,0.379,0.516,59,120,10,0.0594,11,0.0623,0.372,0.547,34,80,2.28,3.58,0.835,344217.21,0.233,46.58
UPI02959,Bengaluru,iOS,Full,42,2y+,3,2.05,6,460.62,1299.49,3214.31,0.637,0.4,5,4,0,0.0003,0,0.0012,0.066,0.379,5,5,6.14,119.37,0.189,3568.94,0.327,12.17
UPI02960,Ahmedabad,Android,Minimum,16,1-2y,4,1.82,2,623.79,1734.26,1059.75,0.573,0.496,0,0,1,0.35,0,0.0017,0.124,0.282,6,7,4.77,250,0.504,1518.58,0.338,87.71
UPI02961,Bengaluru,Android,Full,1,0-6m,27,7.74,223,210.69,553.62,54691.1,0.522,0.468,88,138,5,0.0307,2,0.0133,0.165,0.258,94,180,4.48,3.0,0.445,23597.17,0.294,26.69
UPI02962,Delhi,Android,Minimum,7,6-12m,18,3.8,83,104.12,406.96,9526.59,0.656,0.356,51,32,7,0.0963,2,0.0252,0.119,0.334,69,115,2.17,9.26,0.356,2775.7,0.418,27.42
UPI02963,Hyderabad,Android,Minimum,36,2y+,24,6.08,126,312.89,426.21,32385.69,0.527,0.444,56,73,7,0.0662,2,0.0214,0.167,0.389,57,108,8.39,6.4,0.05,5282.98,0.258,26.96
UPI02964,Delhi,iOS,Minimum,23,1-2y,15,5.5,87,478.64,971.53,39376.16,0.559,0.398,51,40,1,0.0261,1,0.0122,0.106,0.232,39,54,5.13,9.85,0.05,3141.97,0.329,26.3
UPI02965,Kolkata,iOS,Premium,30,2y+,11,1.18,21,545.4,1262.19,13451.72,0.456,0.49,3,18,1,0.0598,0,0.0032,0.132,0.398,21,26,3.01,31.17,0.136,6015.48,0.334,28.25
UPI02966,Hyderabad,Android,Minimum,26,2y+,17,2.11,39,957.83,3530.8,35259.34,0.447,0.617,12,28,9,0.2433,2,0.0523,0.57,0.557,75,189,7.38,23.99,0.691,23102.38,0.384,79.48
UPI02967,Chennai,Android,Minimum,26,2y+,24,9.68,213,210.17,576.14,50546.06,0.53,0.513,94,115,1,0.0172,1,0.0141,0.074,0.233,76,125,5.91,3.32,0.465,30919.22,0.235,36.36
UPI02968,Pune,iOS,Full,18,1-2y,13,4.15,59,769.61,1998.8,39889.55,0.548,0.449,19,45,0,0.0101,0,0.009,0.115,0.274,22,28,5.47,8.57,0.415,5190.28,0.311,10.63
UPI02969,Chennai,Android,Full,6,0-6m,23,3.26,91,461.41,821.36,38332.0,0.677,0.282,53,36,4,0.0509,0,0.0037,0.082,0.262,67,94,6.28,11.15,0.261,23876.32,0.343,19.56
UPI02970,Hyderabad,iOS,Full,7,6-12m,20,4.56,50,1903.43,4912.36,97205.32,0.636,0.329,18,29,0,0.0016,0,0.0022,0.065,0.298,44,62,6.09,17.11,0.161,20112.42,0.361,15.32
UPI02971,Delhi,Android,Premium,41,2y+,20,3.78,59,355.11,840.45,24438.49,0.676,0.322,27,30,3,0.0632,0,0.0034,0.112,0.336,48,93,3.54,16.36,0.325,10557.6,0.335,20.5
UPI02972,Kolkata,iOS,Minimum,12,6-12m,17,2.93,51,773.64,1453.61,44365.37,0.571,0.41,24,26,1,0.0204,0,0.0089,0.111,0.202,49,59,4.87,16.53,0.121,13536.31,0.329,14.59
UPI02973,Mumbai,Android,Full,3,0-6m,20,1.56,6,4698.23,16981.01,24719.12,0.716,0.289,5,0,2,0.3349,0,0.0011,0.073,0.294,28,47,2.32,117.33,0.669,9939.52,0.352,80.57
UPI02974,Kolkata,Android,Full,15,1-2y,14,7.27,96,384.02,1268.96,32644.41,0.386,0.715,36,59,13,0.145,4,0.0504,0.397,0.347,62,185,9.47,7.61,0.764,23831.77,0.319,56.78
UPI02975,Ahmedabad,Android,Full,15,1-2y,15,6.22,101,714.09,2438.36,69423.33,0.883,0.123,74,26,1,0.0208,4,0.0487,0.167,0.211,34,57,4.16,6.54,0.474,34038.56,0.43,23.92
UPI02976,Delhi,Android,Minimum,33,2y+,19,2.21,63,4140.93,9718.81,291018.39,0.793,0.226,42,26,3,0.0552,1,0.0196,0.146,0.357,26,38,4.69,11.43,0.16,145135.26,0.454,20.91
UPI02977,Delhi,Android,Full,21,1-2y,4,0.43,1,358.26,1179.16,370.46,0.552,0.494,0,1,1,0.35,0,0.0045,0.137,0.224,8,12,2.47,250,0.314,50,0.364,76.13
UPI02978,Bengaluru,Android,Minimum,8,6-12m,26,4.03,87,401.77,1178.41,31809.13,0.502,0.46,46,35,4,0.0606,0,0.0086,0.175,0.29,51,90,3.75,5.94,0.364,11969.26,0.262,28.41
UPI02979,Kolkata,Android,Full,7,6-12m,29,4.12,88,655.14,2142.13,49611.41,0.695,0.281,35,53,2,0.0235,1,0.0173,0.138,0.305,46,77,5.24,9.18,0.693,34985.42,0.415,19.47
UPI02980,Mumbai,Android,Full,24,1-2y,5,1.19,5,631.16,2196.67,3326.99,0.43,0.596,5,5,2,0.35,1,0.2,0.067,0.428,2,3,1.27,145.29,0.442,2352.71,0.269,91.46
UPI02981,Ahmedabad,Android,Minimum,25,2y+,24,8.95,226,186.07,434.11,47653.3,0.637,0.352,128,98,2,0.0178,0,0.0031,0.177,0.271,70,103,2.18,4.82,0.437,15213.1,0.369,30.73
UPI02982,Ahmedabad,iOS,Full,5,0-6m,15,6.15,101,60,210.57,6729.47,0.805,0.219,56,50,2,0.0321,0,0.0076,0.066,0.436,29,53,3.91,4.53,0.239,1418.36,0.439,23.63
UPI02983,Ahmedabad,iOS,Full,28,2y+,20,7.95,147,182.13,465.42,22351.9,0.665,0.329,76,67,0,0.0146,0,0.0042,0.19,0.241,64,148,7.19,5.54,0.304,8975.12,0.371,29.5
UPI02984,Delhi,Android,Full,15,1-2y,8,0.81,9,410.62,1413.15,3225.66,0.457,0.488,0,9,5,0.35,1,0.115,0.131,0.419,7,11,3.12,77.93,0.516,1030.47,0.381,97.2
UPI02985,Mumbai,Android,Full,16,1-2y,9,6.47,44,560.38,1308.39,25678.07,0.919,0.078,43,3,4,0.1056,3,0.0776,0.151,0.298,22,26,4.0,15.28,0.05,4919.17,0.476,30.32
UPI02986,Chennai,Android,Full,1,0-6m,22,11.77,247,233.4,476.63,67291.5,0.518,0.451,127,121,6,0.0278,1,0.0083,0.192,0.292,76,151,6.97,2.99,0.25,38737.46,0.343,53.11
UPI02987,Delhi,Android,Full,1,0-6m,14,4.82,63,835.91,2161.51,48210.16,0.875,0.11,46,22,4,0.0681,4,0.0708,0.091,0.436,44,54,9.66,12.97,0.22,28687.33,0.407,33.89
UPI02988,Hyderabad,iOS,Full,15,1-2y,25,5.18,117,460.91,1300.31,49032.53,0.498,0.48,56,65,3,0.031,2,0.021,0.112,0.416,69,120,7.63,6.47,0.437,35525.03,0.312,24.36
UPI02989,Ahmedabad,Android,Full,15,1-2y,18,3.66,49,2481.05,7116.8,119919.53,0.737,0.273,29,21,2,0.0552,1,0.029,0.176,0.245,33,39,4.27,17.16,0.485,24131.94,0.358,28.43
UPI02990,Bengaluru,Android,Full,13,1-2y,3,6.4,16,1496.98,5949.52,23191.94,0.399,0.618,3,11,17,0.35,15,0.2,0.463,0.68,12,27,2.33,47.34,0.819,13249.99,0.373,99.15
UPI02991,Pune,Android,Premium,26,2y+,7,1.63,12,540.24,1618.79,5775.3,0.63,0.389,10,5,2,0.1808,0,0.005,0.033,0.253,12,15,4.24,55.94,0.217,4018.4,0.385,30.22
UPI02992,Mumbai,Android,Full,28,2y+,23,5.28,97,904.12,2884.57,102435.36,0.824,0.198,65,33,3,0.0404,2,0.0218,0.187,0.26,74,90,5.98,8.52,0.291,71162.96,0.386,26.49
UPI02993,Kolkata,iOS,Premium,22,1-2y,17,4.08,101,585.32,1268.63,64932.65,0.82,0.202,86,18,6,0.0678,3,0.0395,0.136,0.375,43,60,3.53,7.92,0.384,45453.4,0.415,31.22
UPI02994,Chennai,Android,Full,1,0-6m,17,8.26,141,240.71,628.13,36724.9,0.581,0.466,69,68,6,0.0501,0,0.0019,0.213,0.361,56,138,4.65,4.72,0.4,4140.46,0.418,44.68
UPI02995,Hyderabad,Android,Full,11,6-12m,14,8.26,100,720.41,2100.81,65068.49,0.481,0.438,27,71,10,0.112,7,0.0703,0.466,0.657,61,155,9.42,9.8,0.561,25211.83,0.386,66.89
UPI02996,Ahmedabad,Android,Minimum,31,2y+,12,2.49,23,2549.88,7095.37,53277.9,0.745,0.31,9,18,2,0.0942,4,0.1764,0.061,0.359,19,22,6.42,31.02,0.215,5938.77,0.472,35.84
UPI02997,Kolkata,Android,Full,11,6-12m,16,3.06,62,1114.98,1731.72,58173.94,0.882,0.135,46,16,2,0.0357,1,0.0208,0.087,0.349,57,82,4.45,7.48,0.385,38947.58,0.46,11.88
UPI02998,Chennai,iOS,Full,12,6-12m,16,11.21,184,3688.81,14059.07,695861.83,0.21,0.85,33,149,8,0.0591,3,0.0212,0.378,0.496,73,174,8.6,3.4,0.741,350000,0.289,42.31
UPI02999,Bengaluru,Android,Full,5,0-6m,30,9.96,314,53.85,125.66,15571.36,0.577,0.391,127,187,4,0.0214,0,0.0082,0.185,0.242,72,123,6.55,4.25,0.305,8579.51,0.26,26.88
UPI03000,Hyderabad,Android,Full,19,1-2y,2,1.01,4,322.67,647.17,1521.69,0.315,0.642,0,4,3,0.35,0,0.0062,0.029,0.32,6,8,5.24,180.77,0.476,50,0.17,76.01
UPI03001,Delhi,iOS,Full,23,1-2y,11,3.33,35,604.53,1279.14,19785.52,0.628,0.326,26,8,1,0.033,0,0.0084,0.061,0.241,22,37,2.69,19.27,0.367,10694.94,0.327,15.01
UPI03002,Chennai,Android,Full,6,0-6m,17,3.41,63,898.63,2150.98,57308.57,0.887,0.087,54,8,5,0.0931,3,0.0507,0.175,0.38,48,66,5.51,10.38,0.261,26568.71,0.488,36.27
UPI03003,Kolkata,Android,Full,24,1-2y,31,0.79,13,170.9,519.29,2541.48,0.54,0.507,4,11,5,0.35,2,0.1627,0.104,0.223,78,144,8.04,54.7,0.595,1666.89,0.318,91.39
UPI03004,Pune,Android,Full,1,0-6m,23,5.35,88,863.9,1846.82,69155.34,0.563,0.437,40,49,2,0.0246,0,0.0041,0.093,0.284,61,91,5.49,5.23,0.311,45148.97,0.256,27.85
UPI03005,Kolkata,Android,Full,4,0-6m,21,2.44,23,3307.23,9347.63,70216.64,0.639,0.341,6,22,5,0.2259,0,0.0085,0.171,0.18,49,78,4.76,29.05,0.324,24342.06,0.353,63.32
UPI03006,Chennai,Android,Premium,26,2y+,25,6.91,187,226.04,770.08,48853.54,0.607,0.408,81,102,6,0.0422,1,0.0127,0.098,0.261,96,230,3.52,2.23,0.459,9827.92,0.317,37.58
UPI03007,Mumbai,Android,Full,10,6-12m,18,5.86,115,254.29,618.97,33183.89,0.856,0.165,55,60,3,0.0296,0,0.01,0.117,0.375,30,57,5.59,5.7,0.558,13668.97,0.504,20.55
UPI03008,Bengaluru,iOS,Full,14,1-2y,26,3.88,78,811.54,1649.41,62346.41,0.91,0.111,44,36,1,0.0256,1,0.0219,0.074,0.427,65,123,5.63,6.04,0.287,42648.69,0.426,20.77
UPI03009,Delhi,Android,Minimum,16,1-2y,19,8.55,147,134.3,361.71,19247.02,0.684,0.366,87,58,1,0.0194,1,0.0071,0.099,0.31,52,95,8.38,2.15,0.345,5390.15,0.374,21.34
UPI03010,Mumbai,iOS,Full,6,0-6m,26,5.13,147,189.2,504.16,23000.55,0.713,0.335,105,41,8,0.06,1,0.0076,0.145,0.399,74,89,6.34,8.01,0.15,5250.49,0.379,27.79
UPI03011,Bengaluru,Android,Full,21,1-2y,17,1.38,27,788.42,2519.52,23178.52,0.792,0.259,15,10,3,0.122,2,0.0807,0.059,0.366,38,49,4.3,23.8,0.574,8408.81,0.378,36.82
UPI03012,Hyderabad,iOS,Full,4,0-6m,9,13.04,124,990.06,3156.85,131560.99,0.488,0.565,56,68,12,0.1124,10,0.0865,0.696,0.364,35,96,1,7.22,0.674,51197.33,0.301,74.95
UPI03013,Chennai,Android,Full,20,1-2y,10,4.16,29,970.14,2832.06,23942.5,0.468,0.554,9,19,0,0.0131,0,0.0049,0.125,0.265,30,37,3.37,22.73,0.509,12324.98,0.261,17.79
UPI03014,Hyderabad,Android,Minimum,16,1-2y,1,1.69,1,375.07,1046.73,313.23,0.392,0.665,0,1,1,0.35,1,0.2,0.098,0.447,6,9,7.33,250,0.326,2027.56,0.265,100
UPI03015,Kolkata,Android,Full,24,1-2y,13,13.34,173,2602.05,7050.67,446151.64,0.552,0.544,86,86,12,0.0857,2,0.0204,0.69,0.504,55,81,7.12,7.13,0.698,189913.69,0.353,60.59
UPI03016,Delhi,Android,Full,26,2y+,23,9.79,177,291.75,855.51,54650.81,0.694,0.353,93,78,5,0.0293,0,0.0041,0.2,0.364,54,83,7.59,3.3,0.275,26801.81,0.393,34.62
UPI03017,Mumbai,Android,Full,1,0-6m,31,8.23,251,105.38,361.51,29084.39,0.509,0.505,81,170,0,0.0055,3,0.0131,0.195,0.325,109,148,8.24,6.88,0.467,12966.06,0.37,39.86
UPI03018,Pune,iOS,Full,29,2y+,22,4.82,128,506.19,1530.71,59169.69,0.591,0.438,59,73,3,0.0289,3,0.0328,0.077,0.233,35,41,5.21,7.63,0.518,32159.6,0.253,30.32
UPI03019,Pune,Android,Full,15,1-2y,20,4.89,96,60,151.25,6468.54,0.788,0.22,60,36,6,0.0638,2,0.0287,0.069,0.41,53,76,3.54,7.36,0.294,4707.26,0.44,15.78
UPI03020,Hyderabad,Android,Minimum,14,1-2y,22,1.58,33,1801.69,5310.0,52325.28,0.596,0.441,9,31,3,0.0976,0,0.0036,0.104,0.297,33,42,4.17,24.91,0.449,21691.04,0.286,29.59
UPI03021,Kolkata,iOS,Minimum,8,6-12m,29,2.14,65,1028.24,1731.78,61808.53,0.86,0.124,45,16,3,0.0468,4,0.0622,0.074,0.286,67,88,3.99,12.56,0.318,14621.58,0.436,20.68
UPI03022,Chennai,Android,Premium,17,1-2y,28,2.74,11,1025.47,2688.88,11371.1,0.901,0.119,11,0,7,0.35,1,0.0937,0.139,0.326,74,117,4.46,66.79,0.223,3110.16,0.515,81.23
UPI03023,Ahmedabad,iOS,Full,13,1-2y,3,2.31,6,643.53,2362.46,4206.17,0.33,0.723,0,0,0,0.0068,0,0.0017,0.084,0.503,5,6,5.53,119.5,0.37,1054.19,0.246,12.89
UPI03024,Mumbai,Android,Minimum,18,1-2y,3,0.74,4,64.33,153.82,215.91,0.316,0.664,3,1,1,0.2525,1,0.2,0.125,0.213,5,6,5.28,181.41,0.307,50,0.201,88.44
UPI03025,Kolkata,iOS,Premium,5,0-6m,23,5.84,146,155.56,409.63,25615.96,0.692,0.345,78,68,4,0.0332,1,0.0121,0.153,0.249,45,68,6.88,1.45,0.417,18262.86,0.375,28.8
UPI03026,Ahmedabad,Android,Minimum,20,1-2y,26,5.6,191,162.2,377.99,28691.63,0.519,0.462,106,90,4,0.0331,3,0.0168,0.092,0.268,54,98,7.52,3.47,0.291,4497.23,0.337,27.72
UPI03027,Ahmedabad,Android,Premium,13,1-2y,13,9.32,126,984.78,2863.8,143091.74,0.414,0.618,27,99,25,0.2121,15,0.1218,0.707,0.469,64,141,1.87,4.73,0.601,38332.79,0.268,99.14
UPI03028,Chennai,iOS,Minimum,24,1-2y,9,1.59,1,682.32,1556.03,594.89,0.443,0.587,0,0,2,0.35,1,0.2,0.031,0.324,15,24,2.87,250,0.148,50,0.228,96.96
UPI03029,Bengaluru,Android,Full,9,6-12m,6,1.25,10,659.17,1713.37,7285.62,0.584,0.387,0,9,1,0.1087,0,0.0037,0.055,0.475,10,15,2.49,73.55,0.431,2475.38,0.4,33.1
UPI03030,Ahmedabad,iOS,Full,14,1-2y,17,4.41,81,882.03,2538.57,73062.06,0.887,0.139,46,33,7,0.0978,2,0.0301,0.104,0.435,46,72,1.77,12.66,0.603,48840.52,0.531,23.53
UPI03031,Kolkata,Android,Full,12,6-12m,1,0.05,1,335.45,868.09,351.66,0.428,0.514,1,0,1,0.35,0,0.0013,0.021,0.301,2,3,2.19,250,0.621,50,0.209,75.21
UPI03032,Hyderabad,iOS,Minimum,10,6-12m,22,3.59,98,1610.51,4965.78,146344.42,0.68,0.32,43,52,2,0.0341,0,0.0067,0.077,0.236,42,52,2.53,5.78,0.244,84186.61,0.359,20.69
UPI03033,Kolkata,iOS,Full,7,6-12m,7,0.97,8,430.95,1269.21,3973.15,0.354,0.686,0,8,0,0.0069,2,0.2,0.075,0.366,10,15,2.68,86.31,0.433,2277.11,0.258,36.65
UPI03034,Mumbai,Android,Full,8,6-12m,31,6.19,227,100.68,207.5,24673.92,0.549,0.449,103,129,3,0.0277,1,0.0143,0.196,0.391,89,179,7.18,5.6,0.05,9695.87,0.329,28.0
UPI03035,Delhi,Android,Full,26,2y+,9,1.31,11,300.41,670.19,2850.81,0.57,0.472,4,10,3,0.2831,1,0.0987,0.052,0.477,13,19,4.0,73.12,0.201,932.95,0.406,74.69
UPI03036,Ahmedabad,iOS,Minimum,18,1-2y,17,2.76,26,901.25,2308.34,27478.17,0.878,0.142,21,8,5,0.1979,4,0.1584,0.093,0.333,48,58,5.07,28.22,0.451,18219.78,0.495,60.68
UPI03037,Mumbai,Android,Full,39,2y+,23,2.82,76,934.35,1729.0,59302.58,0.939,0.064,75,1,4,0.0578,3,0.0484,0.12,0.289,61,74,3.73,9.84,0.05,15253.76,0.393,28.82
UPI03038,Hyderabad,Android,Full,11,6-12m,1,0.05,1,501.16,1296.68,537.74,0.395,0.669,0,1,0,0.0015,1,0.2,0.124,0.332,2,3,3.99,250,0.311,50,0.271,40.98
UPI03039,Pune,Android,Full,31,2y+,24,6.46,102,174.25,223.67,19098.68,0.72,0.302,65,35,1,0.0139,1,0.016,0.209,0.388,83,148,5.97,5.43,0.328,6718.11,0.404,24.71
UPI03040,Kolkata,Android,Premium,16,1-2y,15,2.33,28,882.22,2638.01,25708.57,0.949,0.043,25,2,9,0.3358,1,0.0428,0.074,0.418,41,83,4.84,30.86,0.585,10338.01,0.465,71.1
UPI03041,Delhi,Android,Minimum,23,1-2y,13,1.41,17,40,179.2,762.5,0.299,0.621,7,8,23,0.35,4,0.2,0.512,0.492,64,178,13.45,42.48,1.059,234.73,0.198,100
UPI03042,Mumbai,iOS,Full,21,1-2y,26,7.09,162,98.04,325.9,15111.66,0.893,0.103,86,76,2,0.019,1,0.0093,0.133,0.427,60,117,4.72,2.56,0.386,11798.42,0.539,18.91
UPI03043,Mumbai,Android,Full,22,1-2y,6,0.26,1,464.57,860.1,435.8,0.46,0.596,1,0,2,0.35,1,0.2,0.048,0.204,8,10,3.03,250,0.133,464.81,0.302,98.29
UPI03044,Chennai,Android,Minimum,28,2y+,9,4.84,52,343.57,975.8,18526.55,0.806,0.193,37,16,0,0.0061,2,0.0468,0.046,0.255,26,33,2.21,13.21,0.265,9349.86,0.351,6.18
UPI03045,Pune,Android,Full,16,1-2y,10,5.0,44,322.27,1172.1,15301.2,0.818,0.154,33,12,3,0.0748,2,0.0481,0.189,0.433,20,35,5.38,14.1,0.732,10591.01,0.391,24.79
UPI03046,Delhi,Android,Minimum,25,2y+,14,3.77,69,4284.19,13121.42,278845.64,0.552,0.467,32,36,1,0.0268,1,0.0232,0.074,0.18,35,48,6.55,11.25,0.271,41018.07,0.365,23.55
UPI03047,Bengaluru,iOS,Minimum,4,0-6m,27,7.24,184,188.2,568.21,30968.78,0.641,0.399,81,96,10,0.0588,1,0.0105,0.18,0.299,76,151,5.02,5.41,0.45,17248.45,0.29,41.7
UPI03048,Ahmedabad,Android,Full,15,1-2y,24,4.58,129,736.32,1316.91,104174.58,0.904,0.068,91,39,4,0.039,5,0.0389,0.087,0.289,55,73,9.13,7.51,0.085,25819.87,0.411,15.84
UPI03049,Pune,Android,Full,20,1-2y,24,8.23,153,129.76,421.8,22218.49,0.563,0.453,59,92,0,0.015,0,0.0078,0.135,0.346,82,198,6.69,4.78,0.381,15534.65,0.386,26.07
UPI03050,Bengaluru,Android,Minimum,31,2y+,1,1.69,2,20,69.92,100,0.326,0.646,0,0,0,0.0095,0,0.0018,0.036,0.313,2,3,4.94,250,0.365,215.69,0.275,22.22
UPI03051,Pune,Android,Full,21,1-2y,27,5.62,143,229.95,628.55,35411.1,0.617,0.427,71,67,5,0.044,0,0.0093,0.124,0.32,77,162,5.97,4.49,0.407,16131.13,0.278,29.74
UPI03052,Mumbai,Android,Full,20,1-2y,8,2.21,23,719.25,2232.23,19116.16,0.382,0.679,2,23,1,0.0534,0,0.0013,0.149,0.362,14,22,5.73,33.17,0.42,3099.31,0.281,14.43
UPI03053,Mumbai,Android,Full,30,2y+,17,4.64,69,779.11,2322.44,51936.76,0.817,0.189,61,12,2,0.0382,1,0.0187,0.048,0.313,49,64,3.63,11.78,0.423,17460.55,0.426,21.86
UPI03054,Delhi,Android,Full,32,2y+,17,3.67,74,637.38,1290.19,44873.8,0.529,0.445,25,50,1,0.0221,0,0.0053,0.115,0.302,30,40,5.67,10.6,0.416,16606.77,0.272,20.53
UPI03055,Pune,Android,Full,10,6-12m,25,7.96,203,233.64,564.22,55922.03,0.584,0.442,115,87,7,0.0431,0,0.0045,0.158,0.377,67,136,3.11,0.2,0.378,12807.08,0.406,33.04
UPI03056,Pune,Android,Premium,3,0-6m,21,3.18,73,215.6,473.93,13580.6,0.488,0.467,35,35,7,0.1092,0,0.0088,0.098,0.381,65,146,3.24,10.52,0.05,4012.32,0.32,36.23
UPI03057,Bengaluru,iOS,Premium,5,0-6m,22,4.38,90,3429.13,7781.04,265529.82,0.717,0.236,48,38,0,0.0104,1,0.0153,0.032,0.25,32,49,5.4,7.99,0.251,61503.28,0.416,9.53
UPI03058,Hyderabad,Android,Premium,37,2y+,26,1.78,35,470.31,828.37,17050.77,0.492,0.555,13,19,2,0.0584,1,0.0329,0.063,0.244,63,118,3.02,19.34,0.376,5417.44,0.342,17.54
UPI03059,Delhi,Android,Full,28,2y+,18,3.94,65,782.95,863.83,46945.2,0.606,0.437,38,30,5,0.0774,0,0.0048,0.132,0.263,28,45,5.07,10.12,0.119,4393.05,0.349,36.43
UPI03060,Chennai,Android,Premium,8,6-12m,15,9.62,132,1582.94,5678.97,205217.65,0.243,0.638,24,105,8,0.0834,5,0.0387,0.769,0.515,50,97,10.47,5.86,0.715,55392.08,0.22,67.55
UPI03061,Delhi,Android,Premium,1,0-6m,22,2.7,60,883.99,2522.63,60440.46,0.566,0.447,33,29,5,0.0892,1,0.0214,0.136,0.294,42,81,4.85,21.88,0.133,28797.11,0.328,35.51
UPI03062,Kolkata,Android,Full,25,2y+,5,1.83,5,319.86,980.19,1794.0,0.328,0.643,3,5,1,0.2086,0,0.0002,0.075,0.407,10,16,1.51,144.51,0.531,738.88,0.194,56.76
UPI03063,Pune,Android,Full,21,1-2y,15,3.48,62,533.45,1507.05,35817.01,0.641,0.322,38,22,1,0.0294,0,0.0031,0.101,0.233,27,39,3.59,12.69,0.434,18595.07,0.269,17.95
UPI03064,Kolkata,Android,Minimum,1,0-6m,18,2.04,33,2123.6,6641.09,69345.33,0.779,0.271,12,20,1,0.033,1,0.0379,0.046,0.287,38,68,7.18,18.75,0.464,40648.89,0.435,15.24
UPI03065,Mumbai,Android,Minimum,12,6-12m,22,4.96,128,412.53,1081.53,47026.66,0.626,0.383,62,65,4,0.0411,0,0.0038,0.046,0.375,49,96,4.32,1.18,0.327,25371.29,0.36,31.14
UPI03066,Bengaluru,iOS,Full,18,1-2y,24,12.25,308,2070.61,6330.27,616039.05,0.501,0.49,103,206,31,0.1171,11,0.0426,0.534,0.396,79,121,10.0,6.5,0.491,255236.11,0.366,67.24
UPI03067,Hyderabad,Android,Full,2,0-6m,21,3.71,77,628.78,1677.85,51174.52,0.715,0.326,45,31,0,0.0103,2,0.0294,0.146,0.413,61,119,6.91,12.07,0.393,25900.73,0.465,22.89
UPI03068,Chennai,Android,Full,24,1-2y,31,9.22,265,171.92,535.59,45618.37,0.679,0.3,155,114,0,0.0124,2,0.0111,0.118,0.319,60,146,8.0,7.36,0.502,31763.86,0.394,18.58
UPI03069,Ahmedabad,Android,Premium,21,1-2y,26,4.82,128,983.79,1239.24,110508.02,0.826,0.155,96,27,5,0.0404,1,0.0155,0.089,0.356,78,119,5.58,4.39,0.271,51476.37,0.386,19.09
UPI03070,Pune,iOS,Full,21,1-2y,12,6.12,70,734.14,1561.17,55366.17,0.65,0.389,37,34,2,0.0408,1,0.0206,0.092,0.351,28,42,6.65,6.87,0.419,13861.64,0.437,32.6
UPI03071,Delhi,Android,Full,1,0-6m,24,3.85,130,554.8,1580.89,83988.64,0.49,0.538,67,65,3,0.0281,0,0.0014,0.172,0.261,40,66,7.23,7.16,0.334,18329.64,0.31,26.32
UPI03072,Delhi,iOS,Minimum,30,2y+,20,1.95,82,564.72,1874.84,44915.7,0.454,0.552,18,67,3,0.0383,0,0.0019,0.075,0.345,27,43,3.71,9.26,0.385,20719.89,0.322,25.52
UPI03073,Chennai,Android,Minimum,10,6-12m,21,2.81,82,719.07,2140.56,65066.54,0.825,0.199,46,31,4,0.0535,3,0.0437,0.151,0.413,73,113,3.21,11.18,0.577,4583.44,0.416,33.79
UPI03074,Bengaluru,iOS,Full,20,1-2y,7,1.31,4,273.34,946.74,1129.68,0.312,0.668,4,1,2,0.35,0,0.0054,0.065,0.361,12,12,3.51,182.97,0.467,50,0.256,86.79
UPI03075,Chennai,Android,Minimum,27,2y+,21,6.19,122,206.03,372.16,28162.62,0.646,0.369,63,57,4,0.0456,0,0.0093,0.164,0.336,82,124,8.1,4.57,0.247,18553.86,0.307,21.82
UPI03076,Bengaluru,Android,Full,20,1-2y,17,2.97,74,373.11,943.66,26754.06,0.527,0.439,29,47,1,0.0256,0,0.0049,0.073,0.237,34,43,2.51,8.83,0.112,8271.89,0.364,11.96
UPI03077,Ahmedabad,iOS,Premium,1,0-6m,10,0.05,6,573.5,2017.31,3666.75,0.573,0.438,2,4,0,0.0127,0,0.0023,0.136,0.396,21,34,2.7,120.04,0.557,2334.56,0.371,15.62
UPI03078,Hyderabad,Android,Full,17,1-2y,16,2.18,32,3145.21,6874.33,102305.09,0.591,0.378,14,21,2,0.07,0,0.0017,0.133,0.195,38,46,3.62,20.66,0.489,44169.3,0.321,15.5
UPI03079,Mumbai,iOS,Full,12,6-12m,29,8.18,236,206.85,605.32,56796.09,0.506,0.455,102,135,11,0.0548,2,0.0177,0.078,0.275,98,120,7.6,4.86,0.449,10766.57,0.296,45.76
UPI03080,Ahmedabad,Android,Full,17,1-2y,29,5.57,180,103.5,298.5,15479.64,0.658,0.373,91,85,4,0.0314,2,0.0118,0.126,0.314,101,143,5.37,4.34,0.457,11145.08,0.387,31.16
UPI03081,Kolkata,Android,Full,14,1-2y,3,0.1,1,484.28,1066.84,458.22,0.358,0.651,0,1,3,0.35,0,0.0065,0.094,0.418,11,13,3.03,250,0.506,50,0.266,85.37
UPI03082,Delhi,iOS,Full,13,1-2y,27,6.2,182,222.98,615.36,38562.48,0.66,0.363,113,77,6,0.0476,0,0.0019,0.086,0.362,100,126,7.12,5.72,0.318,28132.72,0.319,20.77
UPI03083,Bengaluru,Android,Minimum,10,6-12m,22,7.18,152,609.71,1605.16,108358.31,0.841,0.181,125,29,3,0.032,0,0.0098,0.044,0.226,38,55,7.55,5.87,0.452,60280.08,0.352,15.35
UPI03084,Bengaluru,Android,Full,17,1-2y,31,4.57,171,1082.13,2749.27,172198.52,0.409,0.517,67,109,4,0.0302,0,0.0041,0.43,0.558,142,209,5.18,3.95,0.578,59411.6,0.389,36.5
UPI03085,Pune,Android,Minimum,11,6-12m,8,0.33,2,536.98,854.62,1028.94,0.417,0.564,2,1,1,0.35,0,0.0095,0.071,0.413,14,17,4.67,250,0.195,1369.61,0.333,81.14
UPI03086,Ahmedabad,Android,Premium,14,1-2y,22,6.99,144,20,55.11,2679.61,0.651,0.39,79,62,1,0.009,1,0.0078,0.216,0.25,66,152,8.98,10.96,0.579,1835.28,0.324,25.37
UPI03087,Pune,iOS,Full,29,2y+,18,2.16,51,643.82,1019.83,29604.33,0.688,0.338,26,30,5,0.1082,2,0.0396,0.17,0.241,44,65,3.03,13.24,0.227,13501.94,0.338,33.16
UPI03088,Hyderabad,Android,Full,28,2y+,21,7.59,188,96.02,96.02,17323.33,0.504,0.479,75,118,4,0.0214,1,0.0133,0.079,0.38,54,128,12.45,3.02,0.05,11673.43,0.298,24.22
UPI03089,Kolkata,Android,Full,16,1-2y,23,7.84,162,244.43,612.41,34147.41,0.503,0.509,59,103,5,0.0454,0,0.0005,0.08,0.229,85,184,6.03,3.99,0.143,13419.77,0.239,33.23
UPI03090,Pune,Android,Premium,33,2y+,23,6.53,182,122.43,235.53,18272.46,0.499,0.461,83,96,0,0.0135,0,0.0041,0.154,0.317,44,100,7.99,1.81,0.351,13408.18,0.354,21.49
UPI03091,Bengaluru,Android,Full,26,2y+,23,8.62,172,78.88,182.38,15468.01,0.501,0.488,84,87,2,0.0224,1,0.007,0.208,0.362,60,111,5.77,6.39,0.25,423.68,0.257,15.26
UPI03092,Bengaluru,Android,Full,8,6-12m,8,0.2,10,428.13,974.04,3895.27,0.548,0.497,2,2,0,0.0114,0,0.0051,0.037,0.392,6,7,4.11,67.38,0.357,3395.02,0.355,18.76
UPI03093,Chennai,Android,Minimum,24,1-2y,3,0.98,5,637.27,1769.97,3246.15,0.575,0.497,5,0,2,0.35,0,0.0063,0.126,0.239,9,12,2.98,139.43,0.345,3081.32,0.297,80.91
UPI03094,Ahmedabad,Android,Full,23,1-2y,6,1.14,1,352.24,1068.74,338.0,0.306,0.745,0,1,2,0.35,2,0.2,0.142,0.462,6,6,1.38,250,0.392,3222.0,0.316,99.2
UPI03095,Pune,Android,Minimum,14,1-2y,19,5.07,114,810.81,2898.26,82560.79,0.871,0.117,95,16,5,0.0529,3,0.0338,0.086,0.393,54,107,5.31,8.76,0.539,18674.23,0.471,22.41
UPI03096,Bengaluru,Android,Full,10,6-12m,12,0.99,10,2505.86,9159.59,23874.4,0.514,0.58,0,9,27,0.35,11,0.2,0.441,0.626,37,57,11.23,77.13,0.957,5608.14,0.416,98.65
UPI03097,Delhi,iOS,Full,19,1-2y,21,6.91,161,251.85,767.95,44395.79,0.497,0.485,84,76,2,0.0147,3,0.025,0.099,0.331,89,186,8.36,5.44,0.389,26011.54,0.363,26.74
UPI03098,Pune,Android,Full,12,6-12m,19,4.77,74,1139.04,2866.35,86936.52,0.524,0.497,29,52,0,0.0101,1,0.0175,0.105,0.243,44,72,5.89,10.5,0.095,21798.74,0.34,17.83
UPI03099,Ahmedabad,Android,Full,5,0-6m,21,3.69,47,623.95,948.91,25364.07,0.48,0.559,18,28,5,0.1138,0,0.0034,0.151,0.379,51,85,4.63,18.36,0.356,8299.3,0.242,43.69
UPI03100,Chennai,Android,Minimum,9,6-12m,31,8.9,293,302.97,537.43,76641.25,0.588,0.46,169,130,9,0.0336,1,0.0037,0.131,0.269,103,170,3.16,0.2,0.439,44300.15,0.308,26.9
UPI03101,Pune,Android,Full,23,1-2y,2,5.36,9,1627.83,4570.64,13878.33,0.323,0.705,6,9,25,0.35,4,0.2,0.697,0.581,11,31,8.05,79.61,0.493,4906.03,0.256,99.85
UPI03102,Kolkata,iOS,Premium,16,1-2y,14,0.7,1,463.13,769.42,449.91,0.525,0.497,0,0,1,0.35,1,0.2,0.047,0.31,22,37,4.36,250,0.166,50,0.247,93.98
UPI03103,Pune,Android,Full,25,2y+,5,11.07,53,851.76,3578.68,39962.34,0.203,0.799,11,41,13,0.2537,10,0.1889,0.516,0.324,24,38,11.83,8.24,0.899,16998.01,0.27,99.45
UPI03104,Delhi,Android,Premium,1,0-6m,15,3.13,55,3236.15,9154.8,165602.24,0.654,0.394,43,8,6,0.1156,0,0.0042,0.129,0.196,21,25,6.6,14.2,0.397,69321.95,0.386,45.23
UPI03105,Chennai,Android,Minimum,1,0-6m,28,5.57,159,90.82,351.94,14310.78,0.537,0.437,68,88,5,0.0362,1,0.0073,0.095,0.265,98,183,6.21,4.0,0.483,10537.02,0.325,22.69
UPI03106,Pune,Android,Full,16,1-2y,4,0.29,1,20,52.74,100,0.329,0.733,1,1,1,0.35,0,0.0005,0.042,0.258,6,10,3.65,250,0.427,2160.44,0.264,76.34
UPI03107,Ahmedabad,Android,Full,17,1-2y,27,4.2,90,1075.41,3526.15,93865.7,0.819,0.156,56,32,5,0.0637,1,0.013,0.098,0.281,69,119,5.12,8.29,0.619,46003.05,0.363,27.8
UPI03108,Bengaluru,iOS,Full,8,6-12m,27,1.83,86,589.1,2514.7,57165.12,0.674,0.289,51,33,4,0.0543,1,0.015,0.133,0.227,44,48,7.03,5.59,0.608,45916.75,0.376,18.51
UPI03109,Chennai,Android,Full,15,1-2y,16,1.74,24,1402.2,6515.98,30148.8,0.655,0.372,7,9,3,0.126,0,0.0044,0.034,0.278,31,39,4.29,24.31,0.561,12769.37,0.335,34.02
UPI03110,Bengaluru,Android,Premium,17,1-2y,26,8.75,260,54.32,138.72,16107.07,0.632,0.353,102,160,0,0.0048,4,0.0201,0.18,0.358,78,145,3.88,0.75,0.442,6899.98,0.286,30.75
UPI03111,Pune,Android,Full,15,1-2y,14,11.6,150,564.77,1990.09,80780.54,0.545,0.407,55,98,19,0.1413,11,0.0778,0.574,0.432,60,158,9.42,5.73,0.724,45917.69,0.294,79.21
UPI03112,Mumbai,Android,Minimum,14,1-2y,16,3.57,70,3531.45,12044.58,255899.32,0.629,0.353,44,21,3,0.051,2,0.0304,0.146,0.296,44,79,1.87,11.42,0.672,60456.69,0.36,28.43
UPI03113,Kolkata,Android,Full,28,2y+,23,5.99,107,217.09,460.8,20207.73,0.573,0.4,48,58,6,0.07,0,0.0096,0.188,0.317,41,54,4.43,8.25,0.273,12742.1,0.393,36.35
UPI03114,Chennai,iOS,Minimum,1,0-6m,22,4.83,80,554.42,1414.81,36942.27,0.716,0.294,51,33,7,0.0965,2,0.0277,0.056,0.341,54,92,6.38,11.71,0.313,10945.88,0.388,37.04
UPI03115,Delhi,Android,Full,2,0-6m,2,0.47,1,664.77,2216.45,775.28,0.591,0.473,1,0,0,0.0061,1,0.2,0.105,0.503,9,13,1.41,250,0.255,50,0.301,47.58
UPI03116,Chennai,iOS,Minimum,12,6-12m,23,7.19,151,300.96,946.17,38099.36,0.641,0.397,71,79,3,0.0339,0,0.003,0.061,0.242,49,78,4.87,0.2,0.292,1626.39,0.285,22.21
UPI03117,Kolkata,Android,Minimum,18,1-2y,13,3.8,63,4258.18,9151.37,268739.99,0.572,0.377,28,29,0,0.0015,0,0.0001,0.039,0.367,15,24,6.98,16.9,0.057,64413.82,0.268,8.66
UPI03118,Pune,Android,Full,21,1-2y,28,5.77,187,202.42,663.67,34194.95,0.546,0.458,72,117,4,0.0266,2,0.015,0.194,0.349,115,286,5.76,0.2,0.509,21857.1,0.267,36.63
UPI03119,Bengaluru,iOS,Full,22,1-2y,7,2.57,19,364.33,906.29,7407.95,0.33,0.718,0,19,0,0.0147,3,0.1675,0.042,0.363,10,16,2.42,36.28,0.301,4010.77,0.262,38.6
UPI03120,Hyderabad,Android,Premium,26,2y+,23,10.23,235,203.66,549.68,44646.83,0.534,0.436,108,125,3,0.0276,1,0.0043,0.203,0.329,66,120,4.55,5.89,0.363,6063.4,0.355,30.02
UPI03121,Ahmedabad,Android,Full,7,6-12m,25,4.64,85,334.28,1020.43,30848.77,0.932,0.039,70,16,2,0.0261,4,0.0562,0.085,0.375,69,141,5.31,8.76,0.49,5258.01,0.516,25.17
UPI03122,Ahmedabad,Android,Minimum,29,2y+,26,10.43,241,179.53,461.71,37985.29,0.705,0.285,145,96,8,0.0362,2,0.0153,0.171,0.361,84,156,9.01,0.2,0.177,28728.15,0.391,29.83
UPI03123,Mumbai,iOS,Full,22,1-2y,21,2.45,18,614.88,1477.34,9995.63,0.546,0.481,8,8,4,0.2284,2,0.1177,0.146,0.223,50,71,10.01,36.88,0.475,4246.39,0.379,71.39
UPI03124,Delhi,Android,Full,14,1-2y,17,1.7,18,851.11,2604.09,15703.16,0.571,0.396,10,9,0,0.0117,0,0.0044,0.069,0.255,30,47,5.06,38.62,0.344,2096.3,0.299,11.92
UPI03125,Hyderabad,Android,Premium,10,6-12m,24,8.54,197,120.94,312.04,27322.31,0.697,0.258,113,86,4,0.0316,2,0.014,0.145,0.304,79,143,8.87,6.3,0.22,20264.07,0.448,25.69
UPI03126,Kolkata,Android,Full,4,0-6m,17,6.19,100,593.78,1477.49,66149.88,0.822,0.174,75,24,4,0.0455,2,0.0226,0.146,0.244,59,114,4.44,9.3,0.464,7369.07,0.395,27.56
UPI03127,Pune,Android,Minimum,1,0-6m,24,5.5,102,183.6,536.53,20996.35,0.484,0.509,32,72,5,0.053,0,0.0084,0.098,0.263,87,137,6.28,8.79,0.273,8262.91,0.305,29.8
UPI03128,Chennai,Android,Full,22,1-2y,23,3.03,76,578.5,1293.97,36067.27,0.622,0.385,48,28,1,0.0165,0,0.0053,0.053,0.395,61,109,2.8,12.04,0.351,17083.85,0.406,10.07
UPI03129,Ahmedabad,iOS,Minimum,14,1-2y,24,2.92,42,141.63,324.04,5802.11,0.647,0.367,23,17,8,0.1947,1,0.0312,0.081,0.355,67,148,6.05,16.49,0.182,4236.38,0.368,53.26
UPI03130,Delhi,iOS,Premium,19,1-2y,18,5.54,116,637.2,2173.03,64504.71,0.944,0.05,115,0,3,0.0316,0,0.008,0.167,0.222,37,60,2.21,5.08,0.393,44259.87,0.419,26.4
UPI03131,Hyderabad,Android,Full,45,2y+,23,10.81,244,210.35,427.76,50545.75,0.499,0.453,95,146,5,0.0265,0,0.0064,0.162,0.276,63,77,6.95,7.5,0.266,15959.2,0.294,25.64
UPI03132,Mumbai,iOS,Full,21,1-2y,19,2.64,38,1228.28,4922.53,41749.23,0.527,0.483,17,25,6,0.1656,1,0.0296,0.085,0.208,47,73,5.2,18.14,0.48,11340.89,0.364,45.85
UPI03133,Chennai,Android,Full,20,1-2y,20,2.05,22,1983.18,4694.41,41130.3,0.74,0.275,14,10,0,0.0126,0,0.0086,0.143,0.192,37,61,3.94,32.45,0.281,14592.64,0.312,20.96
UPI03134,Kolkata,Android,Full,13,1-2y,9,4.51,50,5267.65,13056.11,260186.75,0.819,0.202,34,16,1,0.0346,1,0.0285,0.131,0.183,17,21,4.93,8.77,0.206,88157.3,0.378,27.2
UPI03135,Hyderabad,Android,Full,29,2y+,20,1.29,11,620.99,1216.31,7850.73,0.676,0.33,6,5,2,0.1836,0,0.0005,0.074,0.353,58,85,5.68,60.87,0.261,2598.02,0.446,38.33
UPI03136,Pune,Android,Full,1,0-6m,10,3.39,42,395.92,1171.5,15375.85,0.674,0.309,19,25,3,0.0755,3,0.0731,0.058,0.344,18,21,5.04,15.12,0.572,1647.21,0.393,35.63
UPI03137,Bengaluru,iOS,Full,27,2y+,8,1.41,8,409.5,1250.94,3496.29,0.338,0.692,3,5,2,0.262,1,0.1258,0.097,0.287,15,25,6.0,92.41,0.483,915.34,0.198,74.03
UPI03138,Ahmedabad,iOS,Full,14,1-2y,13,8.17,106,308.92,984.5,33102.82,0.702,0.318,53,50,4,0.044,1,0.0132,0.083,0.324,59,109,6.11,6.32,0.484,23625.39,0.338,17.54
UPI03139,Delhi,Android,Minimum,14,1-2y,20,0.5,1,1493.2,3821.63,1498.71,0.528,0.499,1,0,21,0.35,3,0.2,0.298,0.342,67,171,2.52,250,0.626,50,0.366,98.7
UPI03140,Chennai,Android,Full,1,0-6m,2,0.97,2,683.58,2129.95,1596.68,0.436,0.634,0,2,3,0.35,0,0.0047,0.093,0.495,5,5,4.91,250,0.391,99.84,0.273,77.58
UPI03141,Mumbai,Android,Full,12,6-12m,16,5.59,84,1296.36,2639.92,126098.13,0.801,0.179,58,20,6,0.0779,2,0.0296,0.17,0.297,31,62,6.55,12.47,0.381,81602.32,0.389,26.5
UPI03142,Delhi,iOS,Full,19,1-2y,1,2.34,2,229.3,545.75,434.32,0.448,0.525,0,0,3,0.35,0,0.0074,0.036,0.491,2,3,2.97,250,0.331,50,0.38,77.5
UPI03143,Kolkata,Android,Minimum,16,1-2y,3,0.63,3,146.81,335.43,381.97,0.575,0.365,3,2,1,0.3419,0,0.0074,0.115,0.249,3,4,2.72,238.43,0.358,50,0.34,75.32
UPI03144,Kolkata,Android,Minimum,27,2y+,24,4.56,97,63.79,155.71,6764.37,0.871,0.128,68,31,4,0.0547,2,0.0261,0.193,0.276,59,121,5.29,4.33,0.407,551.29,0.445,29.57
UPI03145,Ahmedabad,iOS,Minimum,19,1-2y,5,2.81,8,4302.26,6712.75,38477.48,0.802,0.241,0,8,3,0.35,1,0.128,0.147,0.224,11,17,1.98,92.36,0.05,11794.29,0.382,93.11
UPI03146,Delhi,Android,Full,25,2y+,24,5.98,148,134.8,358.68,17391.44,0.641,0.392,77,72,9,0.0664,2,0.0219,0.187,0.237,58,123,4.88,6.54,0.312,8767.52,0.31,27.66
UPI03147,Ahmedabad,Android,Minimum,15,1-2y,17,3.73,54,1077.43,2550.83,48543.8,0.888,0.095,41,14,4,0.0765,2,0.0395,0.113,0.22,54,99,6.06,10.93,0.135,28317.97,0.365,28.41
UPI03148,Ahmedabad,Android,Premium,17,1-2y,30,4.52,141,292.75,950.86,37167.34,0.711,0.312,103,39,4,0.0428,0,0.0018,0.087,0.368,62,87,4.05,5.42,0.305,15876.49,0.318,29.72
UPI03149,Hyderabad,Android,Full,16,1-2y,8,0.95,1,992.79,2457.36,976.37,0.576,0.352,0,1,2,0.35,0,0.003,0.085,0.183,8,12,2.36,250,0.315,729.17,0.346,74.52
UPI03150,Ahmedabad,iOS,Minimum,17,1-2y,4,1.34,7,522.14,1206.35,3338.41,0.513,0.55,7,5,2,0.2999,2,0.2,0.11,0.381,5,8,3.62,99.84,0.33,50,0.386,95.28
UPI03151,Mumbai,Android,Full,5,0-6m,2,1.4,5,363.95,1000.04,2121.14,0.645,0.359,0,5,0,0.0037,0,0.0048,0.042,0.221,2,3,3.59,144.81,0.343,1472.58,0.356,23.71
UPI03152,Mumbai,Android,Full,23,1-2y,4,0.76,1,33.36,72.37,100,0.338,0.644,0,1,2,0.35,0,0.0067,0.087,0.311,3,4,4.0,250,0.213,50,0.235,67.42
UPI03153,Bengaluru,Android,Minimum,23,1-2y,17,2.4,46,5039.25,12760.59,238768.69,0.723,0.27,24,19,0,0.0117,0,0.0046,0.177,0.286,37,46,4.27,15.88,0.291,78644.06,0.356,20.31
UPI03154,Delhi,Android,Full,19,1-2y,22,6.44,153,861.12,3111.43,128294.08,0.612,0.388,99,58,4,0.0269,3,0.0274,0.157,0.4,61,77,6.31,3.3,0.552,45122.46,0.292,34.37
UPI03155,Ahmedabad,iOS,Full,7,6-12m,11,3.17,31,604.08,2127.19,16382.68,0.927,0.064,24,8,4,0.1351,0,0.0025,0.05,0.339,25,46,4.81,25.27,0.448,11693.56,0.417,34.5
UPI03156,Delhi,iOS,Full,10,6-12m,5,1.75,12,385.14,1420.26,3830.1,0.344,0.646,2,9,4,0.3395,0,0.0015,0.14,0.346,10,15,3.31,61.13,0.316,2938.9,0.304,85.35
UPI03157,Ahmedabad,iOS,Minimum,14,1-2y,8,1.4,16,229.08,634.76,3324.62,0.418,0.623,8,10,0,0.0035,1,0.0665,0.082,0.476,8,10,2.69,42.76,0.368,938.64,0.296,16.93
UPI03158,Ahmedabad,Android,Full,18,1-2y,2,0.29,3,332.98,1113.62,943.43,0.611,0.399,3,2,0,0.012,0,0.0038,0.129,0.302,5,5,2.32,238.67,0.568,710.02,0.397,11.73
UPI03159,Chennai,Android,Minimum,13,1-2y,14,2.76,16,3998.82,10531.52,65565.87,0.563,0.447,0,15,1,0.0642,1,0.064,0.161,0.217,30,37,4.04,49.17,0.369,9018.33,0.326,39.02
UPI03160,Kolkata,iOS,Full,20,1-2y,24,5.37,131,242.89,719.21,31494.65,0.586,0.447,55,80,5,0.0431,3,0.0246,0.1,0.323,65,90,6.28,0.4,0.397,12185.66,0.412,24.46
UPI03161,Hyderabad,Android,Full,33,2y+,16,2.94,26,1625.19,5840.7,48148.09,0.445,0.474,6,20,12,0.35,3,0.1242,0.454,0.525,76,140,9.13,26.08,0.668,11867.74,0.315,98.68
UPI03162,Delhi,Android,Minimum,35,2y+,5,1.33,7,165.08,529.49,1322.37,0.522,0.41,0,7,2,0.2962,0,0.0007,0.138,0.304,11,11,5.58,99.18,0.436,343.43,0.271,66.2
UPI03163,Hyderabad,iOS,Full,17,1-2y,20,5.89,117,345.88,469.31,41033.44,0.888,0.122,62,53,2,0.0193,3,0.0341,0.188,0.222,39,56,7.0,5.59,0.295,18208.17,0.49,27.78
UPI03164,Mumbai,iOS,Premium,32,2y+,22,8.43,176,77.44,194.08,14123.96,0.543,0.477,72,105,1,0.0162,1,0.011,0.131,0.338,51,63,4.01,5.86,0.325,10149.22,0.351,25.75
UPI03165,Bengaluru,Android,Full,28,2y+,19,2.24,14,654.06,1976.7,8476.51,0.493,0.478,3,12,1,0.0753,2,0.1527,0.056,0.36,58,115,6.48,53.09,0.581,5651.68,0.386,37.88
UPI03166,Bengaluru,iOS,Premium,18,1-2y,9,0.88,11,324.51,967.86,3100.81,0.324,0.729,4,1,2,0.1902,0,0.0076,0.125,0.413,9,14,3.07,67.44,0.191,50,0.192,52.66
UPI03167,Mumbai,Android,Full,32,2y+,28,6.9,195,241.97,581.38,50873.63,0.536,0.43,96,99,0,0.0075,3,0.0241,0.166,0.343,86,151,4.26,3.6,0.26,22913.97,0.314,38.05
UPI03168,Bengaluru,Android,Full,9,6-12m,20,5.06,119,821.58,2449.64,114726.8,0.885,0.097,107,13,3,0.0263,3,0.033,0.112,0.22,47,63,5.02,4.67,0.393,32676.88,0.434,13.8
UPI03169,Mumbai,Android,Full,39,2y+,15,6.68,111,821.49,3241.87,102719.9,0.593,0.484,65,46,24,0.2317,10,0.0961,0.521,0.503,48,139,9.84,10.38,0.746,59931.79,0.433,91.06
UPI03170,Mumbai,iOS,Full,11,6-12m,20,5.18,103,213.08,565.08,24019.15,0.657,0.328,59,41,8,0.0894,2,0.0204,0.149,0.257,59,88,8.58,4.73,0.26,12804.57,0.322,39.54
UPI03171,Mumbai,Android,Minimum,8,6-12m,28,6.41,182,167.01,448.39,33738.61,0.481,0.506,66,114,1,0.0078,1,0.0141,0.054,0.307,96,118,6.53,0.2,0.103,23652.08,0.24,18.77
UPI03172,Mumbai,Android,Full,25,2y+,6,2.19,16,337.55,1184.37,5402.29,0.301,0.645,1,11,1,0.0681,1,0.0628,0.117,0.289,6,9,5.59,43.47,0.318,1275.69,0.17,37.56
UPI03173,Pune,Android,Premium,18,1-2y,28,7.06,161,158.39,401.93,21711.51,0.519,0.494,61,102,4,0.0284,1,0.0102,0.172,0.312,79,112,5.59,7.36,0.108,3869.8,0.266,32.14
UPI03174,Delhi,iOS,Premium,22,1-2y,19,3.3,40,727.89,1530.65,24269.03,0.502,0.455,17,24,4,0.1073,0,0.0019,0.077,0.391,44,67,4.6,18.4,0.073,15778.85,0.329,43.52
UPI03175,Bengaluru,Android,Full,15,1-2y,25,12.02,295,79.8,314.62,19684.76,0.212,0.714,49,248,7,0.0386,11,0.0448,0.621,0.695,61,99,7.06,1.88,0.696,3962.74,0.307,63.69
UPI03176,Hyderabad,Android,Minimum,29,2y+,7,3.93,29,514.35,1556.28,16082.24,0.49,0.545,7,24,4,0.1459,2,0.071,0.069,0.372,10,18,3.42,24.14,0.41,10692.71,0.305,51.19
UPI03177,Bengaluru,Android,Premium,26,2y+,13,10.23,132,809.68,2759.17,120827.77,0.431,0.476,43,90,10,0.0905,14,0.1131,0.456,0.415,63,175,10.51,4.5,0.52,32930.72,0.345,72.86
UPI03178,Delhi,Android,Full,18,1-2y,23,0.75,36,2360.02,4318.75,93729.82,0.666,0.348,24,15,1,0.031,1,0.0332,0.049,0.361,48,84,1.77,15.25,0.207,31048.51,0.35,13.44
UPI03179,Pune,Android,Minimum,12,6-12m,28,5.23,169,653.66,1724.95,98489.57,0.566,0.419,62,108,1,0.009,1,0.0125,0.056,0.287,89,161,6.83,0.2,0.506,23216.81,0.318,9.09
UPI03180,Chennai,iOS,Full,12,6-12m,9,7.79,62,2736.16,10869.32,156903.31,0.303,0.808,8,56,17,0.2877,0,0.0068,0.415,0.678,48,134,10.15,11.36,0.866,43584.13,0.293,84.61
UPI03181,Ahmedabad,Android,Minimum,1,0-6m,10,1.55,14,530.91,2042.69,6326.73,0.357,0.573,0,13,3,0.2212,0,0.0077,0.088,0.411,19,25,5.29,49.13,0.492,3214.57,0.316,62.95
UPI03182,Chennai,Android,Full,21,1-2y,28,8.2,181,119.15,249.33,22108.16,0.665,0.364,73,110,3,0.0283,4,0.0267,0.067,0.31,102,245,5.64,5.39,0.254,18682.95,0.31,20.0
UPI03183,Kolkata,Android,Minimum,2,0-6m,10,5.98,49,696.16,1404.88,35154.83,0.522,0.479,25,24,2,0.0441,1,0.0226,0.07,0.202,25,39,4.41,13.66,0.165,14439.57,0.315,32.58
UPI03184,Bengaluru,iOS,Full,13,1-2y,20,1.7,40,1806.43,5657.66,83169.4,0.766,0.283,22,16,2,0.0599,0,0.0038,0.124,0.356,47,58,3.44,16.82,0.332,51031.6,0.417,28.17
UPI03185,Mumbai,Android,Full,20,1-2y,2,1.52,1,635.09,1645.25,690.97,0.64,0.29,0,1,2,0.35,1,0.2,0.134,0.399,2,3,3.14,250,0.281,490.68,0.312,95.91
UPI03186,Kolkata,Android,Minimum,18,1-2y,20,8.54,175,158.73,470.3,31112.41,0.558,0.424,96,80,6,0.0364,1,0.0081,0.075,0.381,44,85,5.45,2.68,0.28,12566.9,0.352,35.19
UPI03187,Ahmedabad,iOS,Minimum,31,2y+,18,7.08,118,906.41,2805.69,117904.38,0.849,0.169,92,26,4,0.0451,0,0.0038,0.193,0.408,29,36,6.76,10.48,0.403,34038.5,0.514,35.18
UPI03188,Pune,Android,Full,23,1-2y,26,3.68,123,800.69,2106.44,90220.72,0.885,0.121,104,19,9,0.086,1,0.0126,0.053,0.375,53,84,3.47,6.87,0.05,54244.89,0.462,25.82
UPI03189,Kolkata,iOS,Premium,30,2y+,18,6.34,105,145.29,509.66,16552.84,0.481,0.511,39,61,3,0.033,1,0.0172,0.214,0.364,69,163,6.44,5.07,0.544,8985.13,0.307,31.99
UPI03190,Bengaluru,iOS,Full,12,6-12m,21,3.5,77,522.31,1459.76,47036.56,0.852,0.168,57,23,1,0.0196,2,0.0288,0.106,0.202,57,83,5.49,14.49,0.465,10729.31,0.417,14.53
UPI03191,Hyderabad,Android,Full,7,6-12m,13,10.2,129,2847.26,7665.2,433256.6,0.576,0.466,77,54,19,0.1632,4,0.0354,0.341,0.655,29,42,8.45,3.28,0.661,111621.03,0.374,76.18
UPI03192,Bengaluru,Android,Premium,19,1-2y,12,3.14,19,1051.56,3392.04,21584.06,0.702,0.32,10,9,0,0.0142,1,0.0535,0.078,0.361,27,32,3.96,40.24,0.361,13877.65,0.329,16.6
UPI03193,Kolkata,Android,Premium,16,1-2y,18,1.25,32,878.03,1986.78,23251.67,0.713,0.265,17,15,2,0.0686,5,0.1614,0.124,0.32,27,38,4.93,22.73,0.242,12475.73,0.316,35.98
UPI03194,Ahmedabad,Android,Full,1,0-6m,17,3.96,82,1587.1,3695.03,153542.4,0.617,0.343,32,50,2,0.0282,1,0.0136,0.044,0.224,24,41,6.43,4.37,0.31,18497.64,0.357,25.26
UPI03195,Kolkata,Android,Minimum,28,2y+,17,3.76,70,2567.33,6825.93,202398.42,0.674,0.36,36,33,5,0.085,1,0.019,0.151,0.35,35,59,5.1,11.17,0.211,105915.35,0.432,36.89
UPI03196,Pune,iOS,Full,5,0-6m,22,6.81,144,33.23,89.84,4475.47,0.519,0.523,63,81,0,0.0059,3,0.0289,0.131,0.254,89,163,5.21,0.2,0.42,3863.09,0.264,31.5
UPI03197,Pune,iOS,Minimum,9,6-12m,22,7.42,135,113.27,297.02,13918.51,0.502,0.48,65,71,4,0.0311,4,0.0317,0.133,0.286,85,199,5.56,4.39,0.401,8882.75,0.257,27.46
UPI03198,Delhi,iOS,Full,22,1-2y,23,6.05,167,199.78,689.25,30475.96,0.497,0.454,75,93,5,0.0393,3,0.0253,0.148,0.34,75,109,6.22,7.3,0.574,10331.68,0.245,33.46
UPI03199,Pune,Android,Minimum,28,2y+,21,11.82,258,2458.55,6392.79,610808.74,0.3,0.685,80,178,18,0.0827,4,0.0249,0.308,0.633,60,138,1,3.07,0.847,133878.43,0.248,58.19
UPI03200,Ahmedabad,Android,Full,2,0-6m,26,7.3,182,129.93,387.72,24647.92,0.57,0.397,76,101,6,0.0347,2,0.0168,0.156,0.289,102,170,4.91,2.78,0.438,4431.7,0.292,39.64
UPI03201,Kolkata,Android,Minimum,17,1-2y,18,5.51,89,207.79,590.19,19888.76,0.509,0.46,28,59,6,0.073,3,0.0412,0.172,0.238,72,135,4.47,10.06,0.596,7716.88,0.357,28.81
UPI03202,Kolkata,iOS,Minimum,10,6-12m,27,4.94,124,292.87,682.15,35710.8,0.808,0.201,67,56,4,0.0349,1,0.0118,0.078,0.44,66,134,5.27,8.34,0.386,7673.5,0.493,30.8
UPI03203,Pune,Android,Minimum,23,1-2y,9,1.44,20,312.45,991.53,5897.87,0.411,0.648,0,20,2,0.1044,0,0.0024,0.061,0.304,14,20,4.68,28.36,0.498,968.77,0.266,27.97
UPI03204,Hyderabad,Android,Minimum,16,1-2y,24,6.41,154,173.91,479.87,29186.41,0.652,0.319,76,79,1,0.0094,3,0.0265,0.051,0.281,70,118,3.62,10.97,0.324,18240.06,0.315,13.62
UPI03205,Delhi,Android,Minimum,7,6-12m,21,4.64,90,520.11,1612.33,45100.56,0.567,0.407,32,54,0,0.003,1,0.019,0.054,0.399,50,81,4.95,7.86,0.358,28061.26,0.396,15.99
UPI03206,Chennai,Android,Minimum,9,6-12m,11,6.01,64,2755.68,8551.27,145232.13,0.369,0.629,8,54,28,0.35,10,0.1579,0.414,0.449,51,88,9.11,14.6,0.774,48144.9,0.229,100
UPI03207,Bengaluru,Android,Minimum,17,1-2y,27,6.61,210,232.46,608.48,43910.08,0.5,0.488,97,116,3,0.0227,1,0.0111,0.129,0.319,94,221,4.84,0.2,0.307,27871.88,0.354,17.61
UPI03208,Ahmedabad,Android,Premium,14,1-2y,27,6.29,204,160.76,421.1,27444.06,0.507,0.542,82,121,5,0.0284,1,0.0116,0.188,0.359,105,239,2.11,0.2,0.381,5107.39,0.328,28.12
UPI03209,Kolkata,Android,Premium,20,1-2y,29,3.21,98,3433.39,7811.95,321463.47,0.607,0.357,59,42,0,0.0014,0,0.0036,0.109,0.247,79,146,5.29,4.06,0.358,80848.92,0.315,6.93
UPI03210,Delhi,Android,Full,25,2y+,25,3.32,62,3935.72,7837.83,236660.08,0.722,0.23,38,28,4,0.0718,0,0.0024,0.145,0.317,50,69,3.65,12.14,0.209,104910.67,0.399,32.26
UPI03211,Bengaluru,Android,Full,18,1-2y,18,8.19,130,20,44.82,2580.75,0.543,0.433,67,66,7,0.0631,1,0.0091,0.11,0.363,47,85,7.56,5.62,0.339,90.37,0.356,22.4
UPI03212,Delhi,Android,Minimum,11,6-12m,20,5.74,91,207.61,660.9,16890.95,0.652,0.325,56,37,4,0.0483,1,0.0149,0.186,0.267,59,144,11.94,0.65,0.302,11713.36,0.368,23.92
UPI03213,Delhi,Android,Premium,3,0-6m,31,7.6,202,150.5,347.63,27627.93,0.708,0.31,109,94,0,0.0132,1,0.0085,0.191,0.24,108,225,3.24,0.2,0.232,15437.89,0.364,30.06
UPI03214,Chennai,iOS,Full,26,2y+,22,5.21,106,1024.86,3019.53,102278.04,0.599,0.373,61,47,1,0.0181,0,0.0069,0.057,0.361,34,52,6.43,5.0,0.346,47136.41,0.386,9.41
UPI03215,Delhi,Android,Premium,9,6-12m,25,0.5,30,2580.53,7100.89,65923.85,0.211,0.848,11,18,31,0.35,8,0.2,0.406,0.566,86,199,8.43,27.78,0.47,7261.86,0.208,99.13
UPI03216,Mumbai,iOS,Full,14,1-2y,7,5.0,37,554.62,1440.14,17859.28,0.919,0.106,19,18,1,0.035,3,0.0837,0.133,0.242,21,43,5.62,18.46,0.362,9865.81,0.508,22.21
UPI03217,Bengaluru,Android,Premium,19,1-2y,1,0.06,1,76.07,243.29,100,0.35,0.667,0,0,2,0.35,0,0.0092,0.063,0.37,5,8,2.7,250,0.366,424.66,0.326,68.9
UPI03218,Ahmedabad,Android,Full,10,6-12m,16,1.9,20,874.83,2986.38,18959.8,0.707,0.288,20,0,2,0.1032,1,0.0544,0.162,0.291,41,46,1.31,34.49,0.517,13620.88,0.366,21.36
UPI03219,Bengaluru,iOS,Full,14,1-2y,19,7.72,143,137.39,430.47,20569.8,0.556,0.494,50,91,5,0.0464,0,0.0079,0.063,0.285,67,154,2.94,5.02,0.288,9910.35,0.281,33.88
UPI03220,Bengaluru,Android,Full,39,2y+,15,7.94,123,786.91,2968.49,92112.98,0.882,0.101,96,24,0,0.0097,1,0.0175,0.087,0.429,30,57,2.85,1.85,0.51,19620.19,0.518,17.91
UPI03221,Bengaluru,iOS,Minimum,32,2y+,10,3.06,34,1058.75,3597.66,34533.01,0.891,0.101,31,2,7,0.2122,1,0.033,0.076,0.435,37,72,2.15,19.21,0.361,16298.66,0.45,53.81
UPI03222,Bengaluru,Android,Minimum,14,1-2y,31,6.02,175,209.97,527.94,34121.39,0.585,0.412,64,115,0,0.0022,0,0.0002,0.155,0.338,126,204,7.41,3.95,0.461,19757.55,0.377,27.86
UPI03223,Hyderabad,Android,Full,30,2y+,12,1.3,10,716.46,1281.18,6009.28,0.576,0.459,3,3,0,0.0067,0,0.0059,0.078,0.19,21,24,4.78,73.02,0.051,2259.76,0.243,14.19
UPI03224,Mumbai,Android,Minimum,27,2y+,13,1.11,11,798.37,2044.92,7605.91,0.683,0.328,7,0,1,0.0996,1,0.0922,0.084,0.277,31,38,3.7,66.12,0.359,3404.38,0.433,35.6
UPI03225,Hyderabad,Android,Minimum,15,1-2y,20,13.31,279,2024.87,6442.8,534692.6,0.332,0.616,73,208,5,0.0341,1,0.0048,0.582,0.586,87,197,14.09,10.31,0.716,338595.22,0.289,53.64
UPI03226,Bengaluru,Android,Full,2,0-6m,27,6.24,183,900.84,2356.31,164734.71,0.535,0.495,104,78,4,0.0283,0,0.0008,0.058,0.363,61,109,5.69,2.45,0.279,42318.17,0.297,35.97
UPI03227,Delhi,Android,Full,19,1-2y,20,3.5,87,420.39,1247.66,43086.36,0.555,0.403,45,44,1,0.0245,0,0.0054,0.133,0.216,46,59,6.11,6.54,0.406,25563.12,0.244,21.66
UPI03228,Mumbai,Android,Full,17,1-2y,21,6.5,150,98.88,234.11,16445.42,0.462,0.498,72,79,0,0.0108,0,0.0076,0.149,0.209,33,37,7.56,5.69,0.291,6691.78,0.337,26.53
UPI03229,Kolkata,iOS,Full,14,1-2y,31,4.42,132,81.26,189.11,12451.9,0.653,0.397,90,40,8,0.0754,1,0.0148,0.203,0.31,82,161,5.83,3.91,0.286,7761.56,0.397,42.55
UPI03230,Pune,Android,Full,22,1-2y,16,9.02,145,40,153.9,6843.3,0.516,0.545,60,84,17,0.1206,8,0.0646,0.308,0.649,52,95,4.74,5.57,0.766,5042.09,0.431,66.2
UPI03231,Hyderabad,iOS,Full,15,1-2y,27,7.31,222,290.82,781.43,55070.73,0.547,0.41,121,102,4,0.0189,3,0.0201,0.108,0.295,106,260,5.44,3.77,0.279,34256.27,0.352,28.34
UPI03232,Mumbai,iOS,Premium,11,6-12m,20,3.97,84,679.57,2010.61,61050.82,0.471,0.496,41,36,4,0.0524,2,0.0308,0.14,0.367,37,66,4.36,4.35,0.427,32269.62,0.27,23.51
UPI03233,Mumbai,Android,Full,4,0-6m,23,5.92,117,136.57,324.78,17656.43,0.52,0.52,48,68,4,0.0443,1,0.0159,0.069,0.267,65,80,6.9,1.42,0.184,6000.19,0.376,43.94
UPI03234,Delhi,Android,Minimum,25,2y+,28,2.93,86,3634.98,10212.5,316024.41,0.61,0.331,37,44,1,0.0128,1,0.0197,0.113,0.257,48,78,3.9,5.8,0.604,133145.54,0.357,21.44
UPI03235,Ahmedabad,Android,Minimum,18,1-2y,7,1.17,18,498.6,1587.94,8147.75,0.482,0.537,10,15,3,0.181,0,0.009,0.05,0.387,12,12,2.93,42.22,0.491,4710.62,0.275,44.74
UPI03236,Hyderabad,Android,Full,17,1-2y,1,0.88,1,543.25,1262.65,633.34,0.568,0.423,1,0,2,0.35,1,0.2,0.136,0.291,5,8,2.66,250,0.133,50,0.355,97.74
UPI03237,Delhi,iOS,Premium,2,0-6m,13,2.5,48,709.61,2209.34,29678.21,0.539,0.479,23,27,5,0.1091,0,0.0007,0.062,0.253,34,49,4.2,16.12,0.46,20503.08,0.251,32.54
UPI03238,Kolkata,Android,Full,7,6-12m,10,0.69,16,167.14,321.25,2567.42,0.31,0.615,2,15,0,0.0099,0,0.0072,0.103,0.495,13,21,4.31,41.23,0.05,50,0.312,19.95
UPI03239,Chennai,Android,Premium,15,1-2y,10,2.05,38,517.36,1673.19,16963.42,0.576,0.414,21,20,3,0.0901,0,0.0074,0.153,0.391,33,61,2.51,12.2,0.516,11052.71,0.366,33.78
UPI03240,Bengaluru,Android,Full,17,1-2y,1,2.23,1,658.39,1144.21,553.51,0.616,0.39,1,0,0,0.0035,0,0.0041,0.08,0.311,5,6,3.43,250,0.166,50,0.412,17.57
UPI03241,Bengaluru,Android,Full,12,6-12m,3,1.36,4,280.38,714.33,1151.3,0.395,0.537,3,1,1,0.2605,0,0.0005,0.142,0.18,6,7,2.03,183.39,0.331,3397.3,0.224,52.42
UPI03242,Delhi,Android,Premium,15,1-2y,18,1.5,21,2062.67,4116.38,48316.72,0.711,0.267,12,9,0,0.0067,0,0.0059,0.04,0.264,41,71,4.48,35.44,0.258,29297.27,0.393,6.51
UPI03243,Chennai,Android,Minimum,9,6-12m,5,2.95,18,600,1078.93,9068.17,0.634,0.402,6,14,4,0.2266,0,0.0046,0.169,0.308,10,15,5.0,37.91,0.256,50,0.423,58.42
UPI03244,Delhi,Android,Full,13,1-2y,25,6.61,166,218.36,552.16,37059.04,0.651,0.369,70,100,5,0.0373,1,0.0101,0.188,0.223,96,214,6.74,9.44,0.225,18126.65,0.36,22.41
UPI03245,Bengaluru,iOS,Minimum,19,1-2y,10,4.06,33,783.25,3143.52,21563.74,0.669,0.353,23,9,2,0.0659,3,0.098,0.143,0.417,15,27,5.82,21.92,0.437,6769.92,0.326,26.69
UPI03246,Delhi,iOS,Minimum,12,6-12m,27,4.97,132,1459.74,3821.54,195696.3,0.818,0.19,87,46,2,0.0284,5,0.0393,0.126,0.313,57,104,6.53,6.81,0.362,136182.34,0.484,33.19
UPI03247,Chennai,Android,Minimum,23,1-2y,16,2.58,32,765.04,1997.15,24467.09,0.483,0.53,7,26,5,0.1588,1,0.0354,0.068,0.345,35,65,7.05,24.29,0.382,11967.87,0.329,41.03
UPI03248,Kolkata,Android,Minimum,28,2y+,19,6.11,115,309.41,718.53,40792.87,0.567,0.407,64,46,5,0.0435,2,0.0274,0.051,0.328,49,92,6.71,8.24,0.141,6004.52,0.361,34.87
UPI03249,Kolkata,Android,Full,23,1-2y,8,3.0,24,978.96,2968.47,19987.74,0.844,0.127,24,0,1,0.0509,0,0.0075,0.141,0.368,28,46,5.81,29.28,0.608,8063.73,0.427,13.05
UPI03250,Ahmedabad,Android,Full,10,6-12m,5,0.05,2,431.69,1234.66,966.82,0.476,0.452,1,0,2,0.35,1,0.2,0.142,0.502,6,9,6.99,250,0.418,1363.37,0.316,92.2
UPI03251,Pune,Android,Full,32,2y+,10,2.24,17,2287.47,6781.04,38055.02,0.587,0.471,9,8,5,0.3052,1,0.0672,0.17,0.281,28,41,5.12,40.15,0.335,19869.29,0.356,87.75
UPI03252,Pune,Android,Minimum,22,1-2y,24,1.84,36,649.0,1650.93,22344.52,0.473,0.551,11,28,4,0.1193,2,0.0639,0.12,0.366,73,127,4.89,16.56,0.412,3189.27,0.377,40.95
UPI03253,Kolkata,Android,Full,14,1-2y,28,5.1,167,236.83,579.55,34682.05,0.586,0.367,57,107,6,0.0379,0,0.0025,0.156,0.36,89,115,6.74,5.78,0.276,5110.07,0.356,24.33
UPI03254,Mumbai,Android,Full,28,2y+,25,3.05,88,1835.66,4813.99,138856.8,0.753,0.21,46,42,4,0.0571,0,0.0059,0.072,0.217,32,38,3.11,10.95,0.359,40958.45,0.329,18.14
UPI03255,Delhi,Android,Full,14,1-2y,19,3.53,78,638.7,2015.31,50282.12,0.508,0.501,34,40,1,0.0203,2,0.0305,0.077,0.341,35,65,4.93,8.43,0.345,13323.82,0.383,18.83
UPI03256,Delhi,Android,Full,28,2y+,22,4.89,89,658.76,1829.27,58660.5,0.53,0.517,34,53,5,0.0633,2,0.028,0.071,0.407,65,121,3.67,9.72,0.32,24675.94,0.399,18.29
UPI03257,Chennai,Android,Premium,27,2y+,6,3.74,27,246.32,610.84,6776.97,0.568,0.461,20,6,1,0.0443,0,0.003,0.175,0.363,12,15,3.98,25.49,0.212,3440.94,0.373,17.01
UPI03258,Kolkata,Android,Full,1,0-6m,25,6.56,158,60,132.84,8214.86,0.809,0.199,87,67,6,0.0401,5,0.0356,0.047,0.363,50,90,4.95,2.79,0.332,5360.06,0.467,24.24
UPI03259,Delhi,Android,Minimum,6,0-6m,22,7.76,179,31.09,86.65,6240.05,0.648,0.315,104,77,4,0.0376,1,0.009,0.188,0.354,78,122,3.94,1.09,0.324,630.0,0.321,35.43
UPI03260,Bengaluru,iOS,Minimum,27,2y+,15,3.75,29,492.15,1341.0,13438.44,0.904,0.101,17,11,6,0.21,0,0.0052,0.068,0.334,44,84,6.51,25.25,0.487,5099.11,0.469,42.57
UPI03261,Delhi,Android,Minimum,16,1-2y,21,5.54,99,568.59,1080.89,58481.64,0.891,0.13,78,19,1,0.0255,2,0.0251,0.194,0.396,52,92,3.88,9.95,0.248,35607.38,0.462,23.19
UPI03262,Chennai,Android,Minimum,29,2y+,17,4.53,62,1185.99,2869.22,79453.68,0.811,0.219,35,27,5,0.0914,2,0.039,0.105,0.337,36,69,5.17,9.17,0.299,26660.21,0.476,40.51
UPI03263,Delhi,iOS,Full,18,1-2y,13,4.37,51,4235.58,15257.22,209203.4,0.711,0.265,30,19,4,0.0891,0,0.0009,0.031,0.281,29,51,3.43,18.27,0.388,86456.97,0.431,21.3
UPI03264,Kolkata,Android,Full,21,1-2y,23,5.67,156,1206.91,3116.45,171627.66,0.862,0.126,102,53,1,0.0134,0,0.0029,0.141,0.247,46,84,3.24,6.5,0.198,39192.36,0.425,8.7
UPI03265,Mumbai,Android,Minimum,19,1-2y,24,6.46,174,1348.53,3567.29,227651.82,0.917,0.065,114,63,0,0.015,4,0.0249,0.143,0.427,67,105,5.4,6.27,0.277,92842.77,0.47,15.06
UPI03266,Chennai,Android,Full,23,1-2y,6,3.05,14,4021.83,9391.91,63168.95,0.746,0.265,11,2,2,0.1574,1,0.074,0.107,0.232,15,17,1.24,50.56,0.339,33293.43,0.339,27.16
UPI03267,Hyderabad,Android,Full,28,2y+,21,3.92,63,382.36,1191.38,23059.39,0.636,0.337,24,40,1,0.0189,2,0.0346,0.06,0.292,37,47,4.41,10.32,0.501,4269.87,0.284,30.66
UPI03268,Ahmedabad,Android,Minimum,17,1-2y,20,1.62,24,1067.97,2660.43,24925.56,0.84,0.185,15,5,2,0.0952,0,0.0053,0.164,0.344,61,76,4.28,30.17,0.402,3238.39,0.43,36.56
UPI03269,Hyderabad,iOS,Premium,17,1-2y,21,2.39,60,2516.95,4386.36,171250.25,0.793,0.213,33,23,4,0.0807,0,0.0094,0.075,0.181,36,57,5.71,12.09,0.24,86857.07,0.435,28.92
UPI03270,Bengaluru,Android,Full,21,1-2y,7,2.05,21,457.52,1002.38,8622.29,0.461,0.491,8,17,1,0.0593,0,0.0014,0.085,0.205,16,28,3.33,35.35,0.102,6619.48,0.227,25.36
UPI03271,Ahmedabad,Android,Premium,1,0-6m,25,7.87,201,214.05,472.48,45262.61,0.617,0.369,96,100,5,0.0281,0,0.0045,0.178,0.274,87,142,5.2,0.53,0.204,27124.61,0.297,43.63
UPI03272,Bengaluru,Android,Full,19,1-2y,15,3.13,62,629.26,1041.22,42287.5,0.496,0.532,19,43,6,0.1048,1,0.0207,0.152,0.394,39,59,4.92,6.69,0.211,20133.51,0.268,39.57
UPI03273,Ahmedabad,iOS,Premium,27,2y+,18,4.26,90,401.6,988.0,42247.58,0.55,0.433,40,46,4,0.0481,0,0.0088,0.081,0.407,52,82,3.4,13.12,0.121,9040.94,0.404,26.06
UPI03274,Delhi,Android,Premium,25,2y+,7,0.77,2,372.71,939.08,724.51,0.613,0.38,0,2,2,0.35,0,0.0012,0.132,0.198,15,25,2.57,250,0.282,594.17,0.387,80.76
UPI03275,Kolkata,Android,Premium,13,1-2y,1,1.71,1,527.7,1383.98,582.13,0.351,0.72,1,0,1,0.35,1,0.2,0.039,0.422,2,3,3.29,250,0.362,50,0.233,99.14
UPI03276,Ahmedabad,Android,Minimum,2,0-6m,11,2.74,32,2216.72,7872.05,81085.91,0.639,0.319,10,23,0,0.0141,2,0.0646,0.136,0.352,28,44,4.91,18.85,0.582,48817.64,0.411,32.17
UPI03277,Delhi,Android,Premium,9,6-12m,25,5.97,138,216.42,641.7,28659.01,0.697,0.351,62,74,5,0.0373,0,0.0067,0.219,0.337,64,128,6.02,8.54,0.412,16906.57,0.418,29.02
UPI03278,Pune,Android,Full,1,0-6m,6,0.52,4,121.96,399.31,565.0,0.599,0.344,2,1,2,0.35,1,0.2,0.058,0.264,10,10,4.38,182.36,0.367,1449.93,0.303,92.1
UPI03279,Pune,Android,Full,4,0-6m,13,4.19,55,661.1,2276.37,31255.78,0.951,0.058,27,30,2,0.04,3,0.0564,0.041,0.367,36,43,2.03,8.7,0.314,12652.11,0.404,20.85
UPI03280,Bengaluru,Android,Minimum,19,1-2y,8,1.83,8,227.56,587.89,1810.3,0.369,0.607,8,0,1,0.1398,1,0.1316,0.084,0.48,8,10,2.69,85.77,0.421,1838.07,0.331,49.96
UPI03281,Mumbai,Android,Full,23,1-2y,17,1.57,17,1768.02,4239.18,26942.44,0.813,0.23,12,4,4,0.2395,2,0.127,0.102,0.191,31,44,1.09,45.18,0.323,14306.11,0.454,69.34
UPI03282,Pune,Android,Full,25,2y+,14,2.92,39,3688.84,4940.12,119362.71,0.804,0.198,31,3,1,0.035,2,0.059,0.17,0.339,29,44,4.12,22.49,0.236,59727.0,0.377,19.42
UPI03283,Delhi,Android,Full,1,0-6m,8,1.85,7,849.84,2350.16,6436.86,0.517,0.512,7,0,1,0.1576,0,0.0059,0.148,0.388,17,20,2.64,100.84,0.159,3268.21,0.386,52.39
UPI03284,Ahmedabad,Android,Minimum,23,1-2y,23,9.0,218,145.52,411.96,33533.79,0.703,0.273,127,90,3,0.0158,0,0.0054,0.065,0.305,69,82,4.19,0.2,0.276,21061.1,0.451,21.48
UPI03285,Pune,Android,Minimum,5,0-6m,4,1.43,1,441.02,1132.39,472.72,0.329,0.607,1,0,2,0.35,1,0.2,0.046,0.378,3,5,3.94,250,0.345,1920.74,0.305,100
UPI03286,Delhi,iOS,Full,24,1-2y,8,5.01,40,60,136.18,2095.02,0.888,0.126,39,5,3,0.0792,3,0.083,0.147,0.352,15,25,7.54,19.34,0.381,50,0.391,31.3
UPI03287,Delhi,Android,Full,16,1-2y,11,4.4,38,853.18,1207.44,31380.83,0.817,0.211,18,20,3,0.0881,4,0.1089,0.138,0.342,29,56,3.87,20.31,0.124,14005.34,0.496,39.81
UPI03288,Kolkata,iOS,Minimum,6,0-6m,14,7.52,106,1509.91,3320.38,161719.28,0.902,0.128,98,4,4,0.0487,5,0.0519,0.119,0.394,39,70,6.14,4.57,0.229,20372.9,0.412,46.89
UPI03289,Chennai,Android,Full,8,6-12m,24,6.91,164,131.69,397.91,25100.48,0.542,0.43,88,75,4,0.0309,0,0.0022,0.17,0.304,67,99,4.78,4.13,0.255,18919.49,0.266,28.17
UPI03290,Kolkata,iOS,Premium,11,6-12m,13,1.75,3,3169.4,7794.13,9005.18,0.703,0.323,1,1,5,0.35,1,0.2,0.061,0.214,24,36,3.74,241.26,0.21,4849.65,0.386,84.99
UPI03291,Kolkata,Android,Full,1,0-6m,23,4.02,60,1182.17,3212.96,81315.41,0.844,0.132,38,21,1,0.0221,3,0.0558,0.05,0.417,51,76,4.78,16.7,0.247,48422.64,0.51,24.68
UPI03292,Kolkata,Android,Full,13,1-2y,22,3.28,111,882.49,2431.95,81584.28,0.935,0.052,74,31,9,0.0898,2,0.0248,0.195,0.364,66,91,6.79,6.92,0.623,28926.83,0.503,31.83
UPI03293,Ahmedabad,Android,Full,25,2y+,21,2.74,63,751.57,2513.33,39423.17,0.847,0.135,39,19,4,0.0685,0,0.0059,0.05,0.267,57,75,7.74,13.15,0.439,12180.29,0.392,15.0
UPI03294,Hyderabad,iOS,Full,31,2y+,13,3.15,23,1445.77,4229.47,34375.55,0.619,0.426,10,19,0,0.0021,0,0.001,0.144,0.241,27,31,4.2,30.45,0.453,20340.32,0.367,19.02
UPI03295,Ahmedabad,Android,Full,21,1-2y,21,6.11,147,50.57,163.65,8108.21,0.607,0.435,64,81,0,0.0017,1,0.0095,0.136,0.337,71,121,3.71,4.29,0.411,4810.38,0.305,13.33
UPI03296,Chennai,iOS,Minimum,20,1-2y,24,2.15,50,3829.51,8805.51,213603.01,0.581,0.444,25,23,3,0.0738,0,0.0038,0.092,0.204,39,71,4.11,18.14,0.462,146429.67,0.286,14.53
UPI03297,Kolkata,Android,Full,1,0-6m,15,2.28,36,2403.36,5339.33,81559.71,0.651,0.363,14,20,2,0.0627,0,0.002,0.083,0.326,38,50,2.7,19.78,0.355,50847.19,0.316,26.89
UPI03298,Hyderabad,Android,Full,42,2y+,25,8.49,202,201.53,520.94,46853.9,0.576,0.411,115,85,0,0.0145,1,0.0121,0.094,0.388,86,132,4.06,1.49,0.204,19448.61,0.37,21.95
UPI03299,Hyderabad,Android,Minimum,26,2y+,6,1.14,4,730.86,1967.18,2651.22,0.934,0.061,0,4,6,0.35,2,0.2,0.083,0.272,15,30,6.69,181.54,0.349,1455.71,0.463,82.24
UPI03300,Hyderabad,Android,Minimum,20,1-2y,31,4.75,128,179.68,288.66,22331.48,0.617,0.402,69,58,6,0.0557,3,0.0244,0.189,0.361,67,142,6.25,4.64,0.15,2348.07,0.329,31.17
UPI03301,Kolkata,iOS,Minimum,12,6-12m,6,0.54,8,20,60.18,176.11,0.462,0.567,4,0,0,0.0094,1,0.1275,0.043,0.483,7,11,2.87,91.19,0.287,976.94,0.39,31.61
UPI03302,Pune,Android,Full,10,6-12m,3,0.5,1,1800.47,6391.04,2115.58,0.218,0.683,0,1,6,0.35,5,0.2,0.756,0.664,14,28,7.45,250,0.7,50,0.331,98.79
UPI03303,Chennai,Android,Minimum,6,0-6m,11,15.26,172,1276.64,4546.08,249097.49,0.38,0.716,57,111,22,0.1414,0,0.008,0.676,0.655,27,61,10.01,0.2,0.681,42123.87,0.363,79.92
UPI03304,Kolkata,Android,Full,20,1-2y,15,5.52,70,781.59,2326.39,45509.54,0.602,0.395,42,25,2,0.0429,0,0.0073,0.109,0.293,42,54,8.15,5.99,0.319,10763.03,0.335,22.35
UPI03305,Mumbai,iOS,Full,8,6-12m,22,5.65,142,673.48,1599.98,94239.51,0.845,0.181,97,50,1,0.0143,6,0.0462,0.183,0.313,42,63,5.23,5.08,0.055,19845.13,0.399,17.79
UPI03306,Mumbai,Android,Full,24,1-2y,12,3.65,45,3558.74,9879.8,139034.15,0.612,0.446,30,11,3,0.0668,1,0.024,0.077,0.297,19,26,3.93,18.36,0.343,64498.11,0.365,29.37
UPI03307,Mumbai,Android,Full,19,1-2y,31,5.16,167,209.25,768.69,34140.51,0.668,0.323,71,99,7,0.0533,0,0.0007,0.063,0.384,102,254,2.3,4.64,0.58,6872.27,0.428,19.5
UPI03308,Mumbai,Android,Full,2,0-6m,23,8.06,210,101.33,213.47,18803.09,0.484,0.536,75,133,6,0.0311,1,0.0144,0.091,0.27,60,137,7.26,6.03,0.199,9657.12,0.25,43.06
UPI03309,Hyderabad,Android,Premium,13,1-2y,3,1.54,8,469.84,1387.41,4428.44,0.612,0.433,6,3,1,0.1349,1,0.1315,0.084,0.236,12,15,2.43,88.64,0.398,2000.17,0.307,53.31
UPI03310,Bengaluru,Android,Minimum,32,2y+,12,3.67,41,2787.0,7969.15,95953.51,0.556,0.422,19,24,7,0.1787,0,0.0071,0.051,0.259,24,29,3.35,21.24,0.13,52121.06,0.324,43.55
UPI03311,Pune,Android,Full,17,1-2y,9,0.45,1,114.52,364.93,100,0.512,0.563,1,1,4,0.35,0,0.0035,0.112,0.364,20,20,4.62,250,0.488,50,0.274,69.08
UPI03312,Bengaluru,iOS,Full,16,1-2y,9,0.57,12,20,52.46,258.64,0.579,0.361,0,12,1,0.0905,1,0.0894,0.131,0.31,17,29,2.57,60.63,0.206,1066.68,0.317,45.45
UPI03313,Delhi,Android,Minimum,28,2y+,22,7.34,143,142.94,361.59,21327.86,0.6,0.363,54,82,2,0.0285,0,0.0098,0.179,0.298,80,111,4.62,5.58,0.231,5996.32,0.279,37.21
UPI03314,Chennai,Android,Minimum,26,2y+,5,0.56,3,672.81,1957.51,1873.06,0.42,0.631,3,0,2,0.35,0,0.0089,0.118,0.243,6,7,4.4,242.1,0.286,2368.21,0.242,79.72
UPI03315,Bengaluru,iOS,Full,5,0-6m,14,6.97,108,878.08,2895.46,110461.78,0.934,0.079,108,2,2,0.0331,3,0.0377,0.163,0.388,36,72,4.96,8.72,0.584,11988.99,0.538,22.94
UPI03316,Chennai,Android,Full,19,1-2y,1,0.79,1,20,40.7,100,0.582,0.491,0,1,1,0.35,1,0.2,0.11,0.181,4,4,4.39,250,0.258,50,0.274,88.68
UPI03317,Delhi,Android,Full,43,2y+,10,4.35,50,3918.9,11555.97,230304.0,0.663,0.371,24,28,3,0.0678,1,0.0259,0.073,0.273,14,26,3.59,11.87,0.377,98706.97,0.428,31.7
UPI03318,Pune,Android,Minimum,37,2y+,25,5.67,157,735.78,1495.6,136087.35,0.511,0.439,56,105,9,0.0635,1,0.0096,0.051,0.254,62,101,4.82,1.6,0.337,66174.17,0.334,28.99
UPI03319,Mumbai,Android,Full,25,2y+,22,3.32,72,294.91,911.58,21255.99,0.839,0.184,50,19,4,0.069,3,0.05,0.114,0.318,56,108,6.98,8.75,0.401,2819.81,0.491,15.22
UPI03320,Kolkata,Android,Minimum,10,6-12m,26,6.13,154,1048.91,3509.09,161241.14,0.444,0.592,64,84,5,0.0415,6,0.0391,0.41,0.388,136,256,6.94,5.44,0.666,99773.92,0.302,30.84
UPI03321,Chennai,iOS,Full,29,2y+,19,3.89,66,2406.82,5499.62,147420.89,0.601,0.424,42,25,2,0.0327,1,0.0228,0.125,0.216,51,85,3.93,12.11,0.374,61762.94,0.296,35.42
UPI03322,Mumbai,Android,Full,18,1-2y,18,3.68,69,613.83,1641.11,40426.01,0.878,0.145,61,0,4,0.0625,3,0.0444,0.148,0.274,49,66,4.15,4.63,0.391,7245.06,0.436,25.0
UPI03323,Hyderabad,Android,Minimum,11,6-12m,16,2.25,35,1082.57,3438.71,34598.16,0.875,0.109,22,9,8,0.23,0,0.0057,0.184,0.253,51,79,5.62,22.13,0.497,20188.64,0.485,60.01
UPI03324,Ahmedabad,Android,Minimum,3,0-6m,14,7.46,117,2170.33,6655.2,279352.26,0.463,0.532,36,80,6,0.0726,7,0.0616,0.687,0.439,35,100,5.79,6.88,0.703,48800.36,0.357,63.8
UPI03325,Bengaluru,Android,Minimum,7,6-12m,20,4.09,104,2901.85,6286.01,304207.49,0.638,0.394,53,52,0,0.0023,0,0.0032,0.055,0.216,49,78,5.59,6.31,0.291,89894.89,0.332,7.94
UPI03326,Kolkata,Android,Minimum,28,2y+,14,2.79,52,471.32,1166.84,23324.66,0.697,0.32,32,22,3,0.0701,3,0.0654,0.05,0.238,31,50,3.7,14.34,0.151,8338.08,0.366,41.88
UPI03327,Delhi,iOS,Full,26,2y+,1,1.62,1,362.45,678.32,359.29,0.393,0.647,0,0,0,0.0023,0,0.0082,0.14,0.483,2,3,3.08,250,0.301,50,0.275,15.31
UPI03328,Delhi,Android,Full,11,6-12m,18,2.97,51,1902.84,5954.24,99771.89,0.576,0.428,12,40,4,0.089,2,0.0428,0.12,0.25,37,43,5.11,13.64,0.355,46660.62,0.359,41.14
UPI03329,Kolkata,Android,Premium,35,2y+,27,5.83,178,202.47,560.96,31120.45,0.875,0.117,104,76,3,0.0248,3,0.0205,0.078,0.207,61,94,5.17,5.3,0.487,14716.86,0.458,29.21
UPI03330,Ahmedabad,Android,Full,6,0-6m,17,1.31,1,649.78,1711.32,707.41,0.847,0.138,0,1,3,0.35,4,0.2,0.129,0.298,40,63,4.89,250,0.228,50,0.382,84.84
UPI03331,Pune,Android,Premium,20,1-2y,4,2.02,8,32.93,81.56,283.6,0.314,0.753,8,0,1,0.1322,0,0.0034,0.059,0.416,9,11,1.44,91.91,0.531,2345.6,0.245,42.59
UPI03332,Hyderabad,Android,Full,5,0-6m,3,1.63,7,441.74,933.17,3308.97,0.408,0.65,0,7,0,0.0044,0,0.0013,0.065,0.222,3,3,4.17,102.21,0.295,4647.72,0.286,25.46
UPI03333,Bengaluru,Android,Full,21,1-2y,18,2.78,58,3592.73,11740.6,197652.76,0.682,0.333,32,25,4,0.0718,0,0.0095,0.035,0.379,44,72,4.18,9.0,0.453,60547.63,0.44,31.2
UPI03334,Mumbai,Android,Premium,31,2y+,22,6.62,146,166.89,447.82,20162.98,0.55,0.431,47,99,2,0.0237,1,0.0086,0.115,0.276,70,110,7.02,5.06,0.519,2733.39,0.39,20.03
UPI03335,Bengaluru,Android,Minimum,25,2y+,24,6.26,129,280.42,758.34,41002.15,0.593,0.424,73,52,10,0.0864,0,0.0021,0.187,0.385,50,105,6.71,1.9,0.133,18573.17,0.334,25.23
UPI03336,Chennai,Android,Full,25,2y+,29,3.41,97,757.64,2173.2,71961.53,0.503,0.506,42,54,4,0.0551,2,0.0227,0.052,0.237,78,154,6.61,8.37,0.394,22523.87,0.3,21.73
UPI03337,Chennai,Android,Full,13,1-2y,31,3.06,66,791.17,1142.77,59156.52,0.897,0.131,56,10,1,0.0237,4,0.0685,0.093,0.355,83,114,7.23,12.51,0.211,21771.71,0.475,8.22
UPI03338,Mumbai,Android,Full,16,1-2y,19,5.75,125,922.22,2996.72,120645.51,0.332,0.7,25,104,16,0.1462,10,0.0885,0.529,0.626,91,244,1,3.34,0.739,59944.03,0.361,66.56
UPI03339,Chennai,Android,Full,39,2y+,19,9.71,157,260.61,443.7,35786.95,0.495,0.487,48,111,3,0.0269,1,0.0144,0.086,0.371,80,138,1.99,2.35,0.237,24080.57,0.34,34.6
UPI03340,Ahmedabad,iOS,Full,20,1-2y,29,6.73,178,268.78,486.77,51896.35,0.623,0.375,71,104,3,0.0314,2,0.0133,0.053,0.238,111,227,10.56,2.77,0.304,34139.66,0.301,29.26
UPI03341,Hyderabad,Android,Full,39,2y+,26,3.69,84,1209.57,2399.95,114336.29,0.955,0.02,55,25,4,0.06,0,0.0016,0.183,0.341,54,86,5.69,6.98,0.182,33525.06,0.516,21.91
UPI03342,Mumbai,Android,Full,16,1-2y,19,5.2,68,1115.94,3260.81,87548.27,0.807,0.172,53,12,2,0.0378,2,0.0334,0.109,0.35,46,83,4.88,11.79,0.441,52733.4,0.444,18.31
UPI03343,Delhi,iOS,Full,16,1-2y,4,1.07,1,24.15,52.11,100,0.504,0.511,1,0,2,0.35,2,0.2,0.055,0.293,2,3,1.81,250,0.05,1305.2,0.262,92.79
UPI03344,Hyderabad,iOS,Full,32,2y+,14,3.87,69,264.9,637.32,20665.84,0.676,0.31,25,44,0,0.0128,1,0.0243,0.09,0.387,29,36,4.63,11.04,0.243,15900.94,0.4,18.26
UPI03345,Kolkata,iOS,Full,18,1-2y,19,11.46,216,3022.35,6875.58,717878.4,0.204,0.821,28,188,22,0.1059,5,0.0324,0.32,0.623,107,260,10.9,5.5,0.567,276367.16,0.199,49.34
UPI03346,Kolkata,Android,Full,14,1-2y,21,4.03,118,4553.97,9552.28,447525.57,0.685,0.34,86,30,2,0.0241,0,0.0073,0.142,0.299,42,75,2.29,6.58,0.3,212724.39,0.324,18.92
UPI03347,Kolkata,Android,Minimum,3,0-6m,21,3.35,74,999.53,2942.29,64084.15,0.869,0.13,50,23,8,0.1155,0,0.0068,0.131,0.392,64,122,6.69,13.95,0.413,41388.72,0.475,27.77
UPI03348,Ahmedabad,Android,Minimum,12,6-12m,23,5.39,145,1059.5,2024.99,143603.67,0.473,0.561,69,73,3,0.031,1,0.0083,0.136,0.29,42,78,3.12,5.21,0.128,104043.64,0.349,28.59
UPI03349,Delhi,iOS,Premium,28,2y+,27,3.68,97,244.86,908.25,19666.1,0.508,0.459,35,64,4,0.0514,1,0.0118,0.067,0.336,91,182,4.42,0.2,0.526,568.71,0.306,25.51
UPI03350,Kolkata,Android,Full,5,0-6m,31,7.78,298,233.1,590.75,66978.47,0.686,0.363,148,148,6,0.0269,0,0.0002,0.107,0.36,92,220,7.27,3.14,0.376,12237.7,0.444,28.76
UPI03351,Mumbai,Android,Minimum,18,1-2y,28,11.76,385,244.73,592.92,100599.14,0.547,0.429,155,226,6,0.0207,0,0.0028,0.188,0.368,70,168,9.59,0.2,0.309,39641.21,0.407,25.67
UPI03352,Chennai,Android,Premium,3,0-6m,23,2.02,56,204.51,460.99,9908.46,0.612,0.364,25,29,3,0.0622,3,0.0632,0.119,0.414,53,78,3.44,15.06,0.145,3594.13,0.336,42.07
UPI03353,Bengaluru,iOS,Full,11,6-12m,25,2.76,58,208.8,589.46,10088.49,0.639,0.396,25,38,4,0.0747,0,0.0092,0.07,0.274,103,257,6.05,10.17,0.09,6435.01,0.406,29.44
UPI03354,Hyderabad,Android,Minimum,29,2y+,24,3.62,105,883.47,3294.16,101146.99,0.473,0.484,39,64,2,0.0216,1,0.0145,0.079,0.263,61,118,1.88,5.85,0.419,12707.72,0.243,8.74
UPI03355,Delhi,Android,Minimum,24,1-2y,9,0.98,24,242.33,562.24,5712.17,0.463,0.536,10,14,1,0.0481,1,0.0489,0.103,0.222,17,21,3.4,31.47,0.355,2772.97,0.345,26.56
UPI03356,Mumbai,Android,Full,13,1-2y,5,0.55,1,320.95,528.97,357.5,0.524,0.402,1,1,2,0.35,0,0.0054,0.118,0.294,10,15,3.19,250,0.369,2885.36,0.359,70.29
UPI03357,Hyderabad,Android,Full,15,1-2y,6,0.05,1,284.45,874.88,305.96,0.523,0.452,1,0,0,0.0015,0,0.0034,0.043,0.293,7,7,1.74,250,0.418,1678.1,0.253,10.68
UPI03358,Delhi,Android,Full,6,0-6m,1,0.05,1,20,53.44,100,0.374,0.63,1,1,1,0.35,3,0.2,0.136,0.471,8,11,3.06,250,0.428,50,0.311,100
UPI03359,Mumbai,Android,Full,22,1-2y,22,2.52,84,464.21,1121.74,34664.59,0.47,0.508,36,46,3,0.0428,2,0.0254,0.063,0.419,38,55,2.81,4.89,0.375,16475.87,0.315,23.19
UPI03360,Delhi,iOS,Minimum,20,1-2y,20,1.34,80,862.52,2299.58,63486.79,0.896,0.107,55,19,4,0.0652,1,0.0172,0.198,0.238,43,67,4.43,9.94,0.285,41964.05,0.396,16.46
UPI03361,Hyderabad,Android,Minimum,31,2y+,14,2.91,49,465.79,1702.93,23022.28,0.904,0.123,31,19,1,0.0243,2,0.0459,0.15,0.298,42,64,6.94,8.83,0.561,16460.12,0.421,18.67
UPI03362,Bengaluru,Android,Minimum,14,1-2y,15,8.94,132,761.66,2030.03,110789.8,0.36,0.701,41,90,15,0.1331,8,0.0633,0.726,0.431,39,82,11.81,10.25,0.499,59759.96,0.328,80.87
UPI03363,Ahmedabad,Android,Premium,44,2y+,2,10.9,20,2697.65,7689.42,53396.76,0.576,0.368,9,11,11,0.35,11,0.2,0.778,0.5,10,26,5.55,36.76,0.698,31828.88,0.434,99.29
UPI03364,Ahmedabad,Android,Premium,27,2y+,25,9.54,203,299.5,576.09,58135.86,0.523,0.479,97,104,2,0.016,0,0.0039,0.207,0.347,89,113,7.49,5.13,0.489,32836.47,0.346,34.95
UPI03365,Pune,Android,Full,15,1-2y,16,4.19,72,1655.48,4550.83,136167.58,0.79,0.181,43,33,3,0.0471,1,0.023,0.091,0.211,47,88,4.61,12.87,0.311,99232.3,0.427,22.63
UPI03366,Kolkata,Android,Minimum,20,1-2y,18,3.95,85,490.46,1211.23,47214.79,0.601,0.405,57,27,1,0.025,1,0.0138,0.148,0.25,34,47,2.61,8.55,0.39,15020.68,0.286,25.7
UPI03367,Mumbai,Android,Minimum,17,1-2y,17,4.08,68,1282.71,3180.49,86039.29,0.887,0.122,42,28,8,0.1273,2,0.0349,0.184,0.292,34,65,3.87,9.55,0.32,11558.88,0.473,29.15
UPI03368,Pune,Android,Premium,35,2y+,21,5.31,122,875.07,2308.85,116652.85,0.639,0.387,78,45,5,0.0509,0,0.004,0.118,0.297,51,57,4.31,3.16,0.274,24761.86,0.326,13.81
UPI03369,Chennai,Android,Minimum,10,6-12m,24,6.39,92,239.35,652.16,19019.11,0.62,0.367,57,31,3,0.0451,0,0.0095,0.13,0.388,56,80,3.57,5.71,0.36,4497.62,0.403,30.68
UPI03370,Mumbai,iOS,Minimum,17,1-2y,16,4.69,81,549.0,1405.11,50339.61,0.956,0.066,74,7,3,0.0519,4,0.0523,0.09,0.26,32,40,5.88,10.92,0.479,18090.62,0.491,22.4
UPI03371,Bengaluru,Android,Minimum,18,1-2y,22,3.01,70,3042.48,7822.19,209375.54,0.661,0.392,51,19,2,0.033,1,0.0224,0.091,0.355,51,81,5.92,11.14,0.278,125213.61,0.391,13.25
UPI03372,Pune,Android,Full,1,0-6m,5,1.03,6,46.04,76.07,235.9,0.588,0.452,2,2,1,0.1705,1,0.1669,0.112,0.32,8,11,3.93,116.48,0.193,690.47,0.359,71.64
UPI03373,Ahmedabad,Android,Premium,25,2y+,25,5.5,164,289.85,878.14,44688.11,0.716,0.307,120,43,5,0.0382,0,0.0092,0.158,0.382,89,210,7.28,7.61,0.435,10649.53,0.373,27.78
UPI03374,Mumbai,Android,Full,13,1-2y,22,4.31,89,919.34,1621.98,91278.99,0.929,0.074,54,36,1,0.0138,1,0.0135,0.118,0.202,70,100,4.4,8.85,0.14,66339.94,0.387,5.33
UPI03375,Chennai,Android,Minimum,16,1-2y,12,2.87,30,970.04,3178.76,27720.61,0.881,0.132,27,4,5,0.1755,2,0.0695,0.159,0.33,28,39,3.61,26.13,0.571,8235.67,0.396,50.66
UPI03376,Ahmedabad,Android,Full,22,1-2y,31,3.14,129,149.38,383.63,19109.77,0.705,0.27,92,40,3,0.0248,0,0.0,0.094,0.345,110,204,5.43,8.55,0.184,13376.38,0.446,12.13
UPI03377,Ahmedabad,iOS,Full,23,1-2y,15,6.17,66,1424.49,4896.52,90484.58,0.362,0.688,20,47,23,0.35,1,0.0173,0.675,0.44,59,97,2.6,13.64,0.59,19861.71,0.314,96.04
UPI03378,Kolkata,Android,Minimum,11,6-12m,22,9.16,206,170.92,400.1,37701.22,0.708,0.292,128,77,4,0.0288,0,0.0034,0.187,0.325,91,216,7.53,0.2,0.29,21106.65,0.431,38.3
UPI03379,Chennai,Android,Full,23,1-2y,5,0.25,8,470.93,1120.55,4117.03,0.35,0.693,4,1,2,0.2652,2,0.2,0.131,0.217,11,16,3.84,86.85,0.246,2034.47,0.272,78.0
UPI03380,Chennai,iOS,Full,9,6-12m,22,7.55,179,326.47,538.13,63491.2,0.641,0.322,89,88,5,0.0377,0,0.0045,0.107,0.288,85,128,7.43,7.3,0.226,44600.68,0.329,34.39
UPI03381,Pune,Android,Full,24,1-2y,18,7.81,151,238.77,541.18,32956.14,0.625,0.397,77,73,7,0.0579,0,0.0021,0.104,0.263,59,128,7.49,4.8,0.296,12135.41,0.286,25.7
UPI03382,Kolkata,iOS,Premium,19,1-2y,19,2.21,48,228.09,665.43,11266.55,0.675,0.277,29,25,3,0.0644,3,0.0641,0.119,0.349,33,71,6.34,16.61,0.46,1447.6,0.325,26.53
UPI03383,Chennai,Android,Full,13,1-2y,23,3.75,93,1301.09,3593.93,126205.51,0.835,0.19,74,17,2,0.024,0,0.0018,0.13,0.265,70,84,6.78,5.98,0.469,69095.66,0.462,19.71
UPI03384,Kolkata,Android,Full,6,0-6m,11,4.81,49,518.95,1728.45,21481.34,0.348,0.728,3,45,20,0.35,4,0.0915,0.495,0.616,30,46,9.82,13.27,0.544,8823.39,0.32,100
UPI03385,Delhi,iOS,Minimum,19,1-2y,30,4.75,123,209.09,448.99,24736.44,0.712,0.282,65,56,6,0.0525,2,0.0171,0.051,0.382,88,200,7.02,6.64,0.439,7992.91,0.438,20.33
UPI03386,Bengaluru,iOS,Full,26,2y+,13,6.68,82,526.93,627.73,49422.9,0.688,0.359,54,22,4,0.0514,0,0.0087,0.133,0.273,22,32,4.21,7.79,0.068,37245.53,0.381,27.57
UPI03387,Kolkata,iOS,Full,18,1-2y,17,4.03,70,474.53,1329.53,34940.43,0.619,0.384,33,33,0,0.008,2,0.0366,0.054,0.288,24,43,2.09,9.2,0.308,11963.23,0.31,17.35
UPI03388,Chennai,Android,Full,23,1-2y,23,4.5,97,135.69,327.33,13627.34,0.7,0.334,50,47,0,0.0115,3,0.0332,0.153,0.255,66,113,6.7,3.13,0.327,3618.54,0.318,15.88
UPI03389,Chennai,Android,Premium,17,1-2y,21,6.72,115,141.39,308.12,14385.04,0.531,0.452,60,55,8,0.0846,5,0.0479,0.202,0.338,78,150,5.46,5.86,0.148,729.19,0.27,40.12
UPI03390,Ahmedabad,Android,Minimum,28,2y+,31,5.82,157,188.52,498.42,31538.0,0.562,0.473,82,76,6,0.0506,0,0.0031,0.192,0.343,88,126,5.4,7.13,0.392,16915.98,0.399,30.3
UPI03391,Ahmedabad,Android,Full,1,0-6m,26,4.81,111,629.9,2197.3,59660.64,0.551,0.468,59,51,1,0.0131,0,0.0012,0.058,0.316,68,130,4.86,1.56,0.498,38457.78,0.333,12.31
UPI03392,Pune,Android,Full,23,1-2y,17,1.92,60,1086.83,2974.7,63701.91,0.869,0.146,56,2,9,0.1564,2,0.0423,0.044,0.339,34,54,4.3,12.48,0.298,43245.84,0.375,42.86
UPI03393,Chennai,Android,Premium,3,0-6m,24,7.22,201,83.39,240.4,18395.69,0.668,0.317,96,107,5,0.0271,1,0.0107,0.21,0.295,67,122,4.66,6.14,0.436,1559.44,0.294,40.45
UPI03394,Kolkata,Android,Full,20,1-2y,11,10.2,113,40,146.46,3953.26,0.37,0.736,37,76,18,0.165,3,0.032,0.367,0.61,28,73,5.49,7.45,0.617,2465.2,0.381,71.8
UPI03395,Ahmedabad,Android,Full,26,2y+,23,19.18,411,485.1,1342.56,196077.5,0.37,0.664,122,288,11,0.0406,2,0.0106,0.32,0.374,105,239,8.46,1.21,0.613,44583.51,0.324,57.16
UPI03396,Kolkata,Android,Premium,25,2y+,10,1.16,1,337.12,1223.33,302.31,0.451,0.58,0,0,2,0.35,0,0.0077,0.03,0.279,17,20,4.38,250,0.551,2420.25,0.249,63.42
UPI03397,Hyderabad,Android,Premium,3,0-6m,26,10.66,257,3204.79,10779.65,772704.79,0.21,0.759,41,212,20,0.0837,9,0.0382,0.457,0.385,102,219,7.16,1.4,0.692,229026.55,0.239,57.84
UPI03398,Pune,iOS,Minimum,10,6-12m,18,3.46,53,197.2,581.92,11099.62,0.545,0.472,23,29,8,0.1577,1,0.0253,0.147,0.339,29,47,7.5,15.16,0.341,7791.02,0.274,44.63
UPI03399,Bengaluru,iOS,Minimum,11,6-12m,11,3.2,34,859.81,2649.03,26538.25,0.896,0.121,18,17,4,0.1182,2,0.0682,0.059,0.35,39,58,6.58,17.8,0.608,11498.93,0.438,41.54
UPI03400,Pune,Android,Minimum,35,2y+,22,3.81,94,490.56,1457.7,40606.3,0.453,0.556,36,59,1,0.0203,1,0.0122,0.151,0.303,47,92,5.91,2.99,0.422,22159.33,0.245,18.26
UPI03401,Pune,Android,Full,19,1-2y,12,4.53,47,5936.49,14960.63,313490.51,0.633,0.384,31,15,3,0.0669,0,0.0058,0.084,0.274,29,35,3.14,14.54,0.407,135385.98,0.305,28.79
UPI03402,Pune,iOS,Minimum,1,0-6m,3,0.81,4,564.58,1589.94,2206.44,0.377,0.665,4,4,1,0.2638,0,0.0009,0.117,0.377,5,5,4.58,182.49,0.475,50,0.327,53.28
UPI03403,Ahmedabad,Android,Minimum,17,1-2y,17,5.11,76,618.63,913.06,45614.47,0.614,0.372,37,40,2,0.0379,2,0.0281,0.151,0.259,42,69,5.0,10.81,0.314,8669.23,0.344,30.84
UPI03404,Hyderabad,Android,Full,17,1-2y,22,10.36,236,110.14,335.63,28947.24,0.706,0.256,125,108,4,0.0255,2,0.0139,0.171,0.362,44,65,5.08,6.28,0.396,9865.02,0.371,31.69
UPI03405,Mumbai,iOS,Full,12,6-12m,7,0.98,1,360.33,1062.58,362.81,0.519,0.423,1,0,1,0.35,2,0.2,0.083,0.344,7,9,3.44,250,0.318,50,0.347,95.45
UPI03406,Bengaluru,Android,Full,15,1-2y,18,4.19,78,4689.4,9655.6,362126.23,0.559,0.459,22,61,3,0.0471,0,0.0014,0.055,0.267,37,45,4.13,4.12,0.201,219237.65,0.281,15.1
UPI03407,Delhi,Android,Full,2,0-6m,27,9.82,245,279.26,576.59,77235.79,0.503,0.485,123,122,1,0.0063,1,0.0139,0.187,0.241,107,178,1.49,3.68,0.107,53396.4,0.277,30.47
UPI03408,Pune,Android,Full,16,1-2y,20,4.87,125,2227.61,5054.97,277262.28,0.755,0.299,62,65,5,0.0515,0,0.005,0.157,0.224,46,51,6.67,7.8,0.238,63591.53,0.381,27.04
UPI03409,Ahmedabad,iOS,Minimum,24,1-2y,27,2.98,89,737.29,1980.72,57412.99,0.5,0.518,41,42,7,0.0793,1,0.0184,0.158,0.398,46,78,3.13,6.92,0.11,23223.56,0.321,29.08
UPI03410,Pune,Android,Premium,32,2y+,20,4.79,110,748.21,1740.82,79557.06,0.675,0.341,79,36,2,0.0272,0,0.0047,0.054,0.352,52,96,5.53,5.84,0.18,43570.9,0.324,17.51
UPI03411,Mumbai,Android,Full,5,0-6m,26,12.41,322,2068.26,7244.85,601498.78,0.526,0.555,121,202,15,0.067,8,0.0342,0.561,0.52,136,241,10.56,1.42,0.755,310728.4,0.287,69.56
UPI03412,Kolkata,Android,Full,32,2y+,10,15.27,150,1726.11,6480.83,268913.85,0.523,0.587,63,85,17,0.1216,6,0.0492,0.597,0.584,37,68,9.0,12.13,0.706,185270.56,0.309,78.84
UPI03413,Pune,Android,Full,24,1-2y,28,5.8,178,173.11,470.97,35780.05,0.679,0.297,82,95,5,0.0355,1,0.0139,0.155,0.242,110,182,5.44,0.2,0.521,12645.76,0.306,23.38
UPI03414,Kolkata,Android,Premium,8,6-12m,30,7.08,205,301.78,733.15,52674.28,0.493,0.485,86,120,5,0.0252,2,0.018,0.072,0.343,85,185,5.54,4.48,0.353,38999.37,0.255,29.17
UPI03415,Pune,Android,Full,15,1-2y,22,8.91,210,336.22,866.0,67219.0,0.718,0.246,122,88,2,0.0183,2,0.0118,0.161,0.269,42,54,5.92,6.3,0.405,8974.21,0.415,22.26
UPI03416,Pune,iOS,Full,10,6-12m,23,4.24,95,3377.4,9778.75,356340.65,0.741,0.254,47,52,3,0.0452,0,0.0048,0.138,0.213,57,89,3.86,6.17,0.474,67779.32,0.38,20.09
UPI03417,Mumbai,Android,Premium,17,1-2y,18,4.46,87,905.36,2654.3,89454.88,0.528,0.45,46,47,1,0.0208,0,0.0023,0.1,0.213,21,31,4.46,11.81,0.499,67455.4,0.246,16.72
UPI03418,Ahmedabad,Android,Premium,44,2y+,24,5.74,123,866.24,3035.88,111580.36,0.345,0.547,48,77,20,0.1676,5,0.0489,0.42,0.585,63,106,1,6.36,0.693,71917.06,0.312,66.82
UPI03419,Chennai,iOS,Minimum,20,1-2y,26,3.61,67,301.85,783.62,16842.95,0.684,0.321,45,23,4,0.0706,0,0.0068,0.102,0.257,89,167,6.52,9.66,0.457,4877.71,0.377,21.27
UPI03420,Hyderabad,iOS,Minimum,14,1-2y,22,5.55,106,597.85,1509.56,69626.32,0.884,0.12,59,49,1,0.019,2,0.0218,0.153,0.433,50,79,1.89,8.28,0.146,41684.45,0.487,22.54
UPI03421,Mumbai,Android,Full,35,2y+,4,4.65,14,790.79,2119.68,9575.38,0.286,0.747,0,14,7,0.35,0,0.0023,0.489,0.666,10,23,13.65,50.6,0.362,6197.03,0.342,97.06
UPI03422,Hyderabad,iOS,Full,17,1-2y,25,7.17,210,127.23,311.08,26015.67,0.562,0.436,86,122,6,0.0338,1,0.0057,0.2,0.245,101,166,7.32,4.78,0.123,5143.74,0.327,34.75
UPI03423,Bengaluru,Android,Full,13,1-2y,18,2.16,73,751.55,1461.03,57251.46,0.589,0.412,31,40,3,0.0516,2,0.0297,0.075,0.333,45,58,5.3,4.21,0.146,44159.37,0.394,32.03
UPI03424,Hyderabad,Android,Premium,15,1-2y,26,3.45,110,518.09,1472.73,52188.01,0.616,0.367,55,56,0,0.0066,3,0.0328,0.089,0.342,38,56,4.18,7.02,0.385,30403.07,0.419,25.42
UPI03425,Pune,Android,Minimum,18,1-2y,15,3.17,57,1083.45,2085.46,65683.55,0.497,0.525,28,27,0,0.0016,0,0.0063,0.054,0.409,29,43,5.87,10.77,0.227,25174.36,0.263,7.63
UPI03426,Ahmedabad,iOS,Full,20,1-2y,15,4.75,69,1050.14,3808.58,72575.77,0.933,0.076,38,31,7,0.1084,0,0.0024,0.165,0.292,47,96,5.37,10.82,0.435,27173.69,0.506,24.52
UPI03427,Pune,Android,Full,2,0-6m,26,7.4,171,180.31,600.98,27246.25,0.673,0.373,120,53,5,0.0314,0,0.0004,0.21,0.242,91,175,3.91,4.15,0.535,10323.41,0.383,35.75
UPI03428,Delhi,Android,Full,27,2y+,20,3.89,61,818.85,1775.71,56314.07,0.885,0.129,47,11,5,0.0839,3,0.059,0.178,0.262,50,88,6.31,11.71,0.191,13497.65,0.501,34.32
UPI03429,Pune,Android,Full,21,1-2y,11,0.05,2,317.75,1029.11,731.76,0.427,0.651,2,0,0,0.0143,0,0.0091,0.134,0.381,18,31,5.17,250,0.581,3467.37,0.309,15.86
UPI03430,Pune,Android,Premium,10,6-12m,18,5.21,96,393.89,1096.41,37440.48,0.671,0.344,48,44,4,0.0518,0,0.0022,0.141,0.246,42,47,2.15,6.31,0.336,7482.11,0.29,35.75
UPI03431,Hyderabad,Android,Full,16,1-2y,24,4.25,79,224.41,582.86,18321.32,0.676,0.349,54,25,2,0.0354,2,0.0315,0.08,0.214,44,50,5.84,8.86,0.218,8848.44,0.296,28.81
UPI03432,Chennai,Android,Premium,15,1-2y,24,5.87,114,167.75,281.14,21950.84,0.51,0.441,35,75,4,0.0416,0,0.0073,0.217,0.247,94,227,2.93,5.38,0.125,12120.5,0.256,26.77
UPI03433,Mumbai,Android,Full,13,1-2y,17,3.43,83,550.41,1314.75,49854.15,0.885,0.106,79,6,4,0.052,2,0.0305,0.065,0.433,50,68,5.99,11.41,0.244,13843.36,0.498,21.19
UPI03434,Chennai,Android,Full,16,1-2y,22,6.27,107,992.67,2300.84,100250.07,0.87,0.139,68,44,5,0.0593,4,0.0387,0.132,0.23,60,82,4.91,8.53,0.459,49393.95,0.421,24.25
UPI03435,Delhi,iOS,Minimum,25,2y+,9,4.2,30,454.25,1241.38,12392.75,0.69,0.297,20,10,4,0.1442,0,0.0,0.174,0.253,27,53,5.72,23.82,0.419,7163.23,0.396,38.06
UPI03436,Delhi,Android,Minimum,26,2y+,14,5.51,60,873.97,1506.39,56221.6,0.783,0.197,39,21,2,0.0406,1,0.0175,0.164,0.382,27,51,5.99,9.54,0.28,20454.08,0.487,27.47
UPI03437,Delhi,Android,Full,13,1-2y,17,4.43,81,776.45,2455.05,72913.28,0.467,0.518,22,61,1,0.0136,2,0.0249,0.063,0.242,20,39,3.49,10.56,0.388,11699.41,0.354,24.78
UPI03438,Ahmedabad,Android,Minimum,16,1-2y,19,5.19,81,118.93,275.15,10967.44,0.662,0.313,39,40,5,0.066,1,0.0126,0.066,0.406,50,88,6.33,9.49,0.385,6512.02,0.359,26.89
UPI03439,Mumbai,Android,Full,11,6-12m,5,1.02,7,515.85,1504.68,3325.01,0.352,0.724,0,6,0,0.003,0,0.0041,0.12,0.222,2,3,5.49,105.46,0.42,2176.38,0.233,12.49
UPI03440,Pune,iOS,Premium,21,1-2y,20,6.48,139,121.11,361.26,13965.5,0.69,0.332,79,59,4,0.0392,0,0.002,0.114,0.333,85,107,7.0,9.25,0.435,5323.48,0.334,19.75
UPI03441,Delhi,iOS,Full,31,2y+,31,6.56,186,970.3,3016.06,204873.77,0.84,0.136,127,54,4,0.033,0,0.002,0.102,0.298,75,155,4.88,9.65,0.463,85148.42,0.386,13.23
UPI03442,Bengaluru,Android,Minimum,14,1-2y,17,0.75,16,585.81,1441.31,8079.78,0.666,0.319,12,0,2,0.1261,2,0.1319,0.142,0.308,50,86,5.54,50.46,0.357,6616.1,0.397,37.37
UPI03443,Kolkata,Android,Premium,2,0-6m,20,1.24,45,630.26,1523.83,23461.69,0.646,0.357,21,23,3,0.0805,0,0.0015,0.092,0.289,52,73,7.06,13.48,0.456,12912.41,0.32,25.93
UPI03444,Bengaluru,Android,Minimum,16,1-2y,20,3.02,51,928.43,2840.11,45144.71,0.858,0.114,39,11,8,0.1703,3,0.0624,0.101,0.367,40,82,5.39,10.97,0.156,23987.22,0.436,49.5
UPI03445,Chennai,Android,Minimum,21,1-2y,15,4.32,51,4009.78,10851.57,222271.37,0.792,0.152,39,12,4,0.0856,1,0.023,0.105,0.314,19,28,2.37,13.11,0.433,126484.85,0.438,18.11
UPI03446,Delhi,Android,Full,26,2y+,26,4.42,95,530.88,1300.22,50267.15,0.533,0.443,40,55,5,0.0539,5,0.0621,0.113,0.348,47,59,5.2,4.74,0.28,33506.12,0.327,31.23
UPI03447,Mumbai,Android,Full,24,1-2y,27,1.9,64,564.11,1391.12,29958.77,0.528,0.486,18,45,1,0.0238,0,0.0041,0.132,0.212,56,77,3.84,12.98,0.374,12605.94,0.328,14.82
UPI03448,Hyderabad,iOS,Full,9,6-12m,14,15.99,221,2218.11,6053.56,555421.62,0.457,0.445,81,140,3,0.0326,2,0.0186,0.715,0.364,70,125,9.49,4.88,0.279,289768.27,0.247,64.36
UPI03449,Ahmedabad,Android,Full,9,6-12m,13,2.24,30,3523.54,5645.59,115874.5,0.602,0.346,11,16,3,0.1055,0,0.001,0.108,0.263,24,36,4.86,20.78,0.05,45537.35,0.297,30.87
UPI03450,Kolkata,Android,Premium,16,1-2y,25,4.56,125,571.58,1873.15,61613.34,0.597,0.366,67,60,4,0.0411,2,0.0227,0.126,0.231,72,94,3.41,7.44,0.495,38596.88,0.319,25.79
UPI03451,Delhi,Android,Full,28,2y+,28,6.44,182,23.25,52.95,4507.19,0.67,0.306,111,67,2,0.0173,2,0.014,0.179,0.317,76,150,7.01,1.98,0.339,2840.18,0.36,22.58
UPI03452,Hyderabad,Android,Full,21,1-2y,3,1.58,1,844.27,2454.85,738.01,0.465,0.544,1,0,1,0.35,3,0.2,0.147,0.402,8,11,3.29,250,0.398,1148.8,0.312,100
UPI03453,Ahmedabad,Android,Full,42,2y+,22,4.09,97,411.79,1153.97,45178.7,0.676,0.309,64,37,3,0.0378,3,0.0381,0.169,0.238,37,68,6.82,4.62,0.268,21733.09,0.356,25.57
UPI03454,Chennai,Android,Full,28,2y+,14,2.85,38,3178.25,9041.52,105826.4,0.808,0.157,22,14,0,0.0103,1,0.0292,0.088,0.36,28,45,3.42,17.87,0.53,75918.79,0.456,15.42
UPI03455,Pune,Android,Minimum,13,1-2y,28,6.08,218,96.56,286.17,24737.53,0.634,0.41,91,121,4,0.0293,0,0.0015,0.124,0.364,62,81,5.72,7.29,0.353,3671.99,0.337,22.7
UPI03456,Hyderabad,iOS,Full,15,1-2y,3,1.48,1,493.75,1471.94,534.29,0.343,0.589,0,1,0,0.0075,0,0.007,0.132,0.425,4,4,2.66,250,0.405,441.75,0.262,29.78
UPI03457,Chennai,iOS,Minimum,15,1-2y,24,5.27,145,227.31,627.75,36811.8,0.629,0.386,60,88,6,0.0548,1,0.0087,0.132,0.324,81,167,3.9,0.2,0.372,14054.31,0.319,27.61
UPI03458,Pune,iOS,Full,12,6-12m,9,1.21,11,92.42,238.81,884.77,0.364,0.557,5,5,2,0.1916,1,0.1001,0.098,0.283,18,18,4.79,66.87,0.306,50,0.205,63.52
UPI03459,Ahmedabad,Android,Full,5,0-6m,21,2.8,45,3900.26,8024.13,178132.53,0.596,0.401,21,27,6,0.1426,0,0.0037,0.044,0.258,49,71,4.68,11.77,0.184,32255.5,0.368,37.56
UPI03460,Pune,iOS,Full,10,6-12m,11,16.78,190,1735.16,6225.02,323548.7,0.425,0.549,52,142,9,0.0614,7,0.0437,0.774,0.396,30,66,3.13,7.85,0.642,110521.03,0.238,79.3
UPI03461,Chennai,Android,Full,32,2y+,9,0.48,1,573.15,1797.18,558.15,0.614,0.388,1,1,1,0.35,0,0.0075,0.117,0.219,18,31,3.71,250,0.421,1240.13,0.398,83.15
UPI03462,Pune,Android,Full,9,6-12m,14,4.33,46,865.76,982.41,35277.36,0.838,0.167,32,13,0,0.0035,0,0.0093,0.048,0.391,41,76,3.24,13.01,0.264,23622.12,0.444,12.4
UPI03463,Bengaluru,Android,Full,14,1-2y,26,3.63,137,714.19,2390.11,106904.57,0.797,0.175,60,79,3,0.0331,2,0.0234,0.181,0.235,57,97,2.49,4.66,0.425,19998.27,0.42,17.41
UPI03464,Hyderabad,Android,Minimum,35,2y+,8,1.65,8,591.12,1787.49,4883.38,0.411,0.559,1,6,1,0.1396,0,0.005,0.108,0.372,16,27,4.51,87.78,0.271,50,0.337,45.01
UPI03465,Hyderabad,iOS,Full,20,1-2y,24,4.44,102,581.24,1660.17,59332.31,0.658,0.391,63,43,4,0.0491,2,0.0284,0.061,0.386,60,77,5.08,8.4,0.329,38427.95,0.436,21.61
UPI03466,Hyderabad,Android,Full,24,1-2y,20,2.51,56,583.65,1395.66,37883.66,0.609,0.374,30,29,3,0.0646,3,0.0619,0.088,0.279,46,75,2.65,11.16,0.37,13073.21,0.373,39.43
UPI03467,Chennai,iOS,Minimum,25,2y+,9,1.92,22,209.93,373.81,5262.91,0.37,0.633,6,12,1,0.0537,0,0.0097,0.028,0.278,16,16,3.31,34.53,0.376,2216.43,0.269,19.32
UPI03468,Ahmedabad,iOS,Full,11,6-12m,24,3.55,100,2744.84,4874.0,290846.54,0.595,0.461,58,39,5,0.0525,0,0.0023,0.14,0.206,54,60,5.81,2.58,0.111,81314.92,0.273,11.8
UPI03469,Delhi,iOS,Minimum,19,1-2y,9,0.96,8,194.93,456.85,1518.35,0.474,0.548,3,4,1,0.1341,1,0.1278,0.074,0.217,11,19,3.53,90.97,0.195,1088.52,0.346,56.79
UPI03470,Hyderabad,Android,Full,28,2y+,31,3.9,88,450.08,810.27,38424.91,0.52,0.493,36,50,5,0.0582,0,0.0023,0.117,0.351,80,132,6.69,3.93,0.312,12759.04,0.337,19.2
UPI03471,Kolkata,iOS,Minimum,20,1-2y,13,2.91,37,2952.14,9777.43,99231.82,0.644,0.334,19,19,3,0.0877,0,0.0089,0.075,0.355,26,39,3.87,16.85,0.432,52038.07,0.369,30.34
UPI03472,Delhi,Android,Full,6,0-6m,10,3.36,33,774.82,1703.21,21474.48,0.481,0.517,16,23,3,0.0976,0,0.007,0.177,0.229,19,21,4.41,22.55,0.48,13518.53,0.236,54.89
UPI03473,Chennai,Android,Full,9,6-12m,14,4.8,68,1796.16,3619.18,104799.34,0.622,0.435,45,20,7,0.1104,1,0.018,0.037,0.322,29,47,5.82,11.19,0.272,25220.87,0.372,44.03
UPI03474,Pune,Android,Minimum,32,2y+,18,1.86,43,5552.54,13682.05,256550.43,0.807,0.236,34,6,5,0.1191,2,0.0511,0.103,0.233,41,68,3.91,20.65,0.196,89999.63,0.419,36.54
UPI03475,Chennai,Android,Full,15,1-2y,23,3.78,72,6227.75,12731.93,384896.64,0.611,0.414,27,46,4,0.0629,2,0.0354,0.134,0.25,54,70,5.5,11.47,0.316,83963.26,0.343,29.74
UPI03476,Ahmedabad,Android,Full,21,1-2y,25,3.56,112,3647.88,8135.02,385708.66,0.568,0.373,56,53,1,0.0132,0,0.0071,0.103,0.202,63,92,6.08,10.58,0.185,161902.83,0.352,22.85
UPI03477,Bengaluru,Android,Full,20,1-2y,22,4.58,91,316.13,782.6,29060.75,0.652,0.349,62,30,4,0.0473,0,0.0004,0.153,0.268,28,36,4.27,11.1,0.229,4335.31,0.356,20.99
UPI03478,Pune,Android,Full,11,6-12m,22,6.36,188,157.21,452.43,28966.38,0.69,0.34,120,66,3,0.0175,1,0.0122,0.194,0.373,74,179,1,8.05,0.309,22467.8,0.355,22.25
UPI03479,Delhi,Android,Full,32,2y+,14,5.37,68,1038.14,2676.85,74530.65,0.868,0.107,48,19,4,0.069,1,0.0154,0.163,0.287,15,20,5.58,11.21,0.26,48572.08,0.445,33.13
UPI03480,Mumbai,iOS,Full,13,1-2y,25,6.13,135,1468.68,3866.51,205098.56,0.814,0.201,75,64,5,0.0433,3,0.0305,0.135,0.21,61,101,6.38,4.31,0.34,38737.39,0.418,28.71
UPI03481,Chennai,Android,Minimum,18,1-2y,29,7.79,221,46.34,154.97,9473.1,0.612,0.321,128,92,30,0.1486,1,0.0049,0.498,0.556,98,239,3.57,5.33,0.395,4324.8,0.435,56.45
UPI03482,Kolkata,iOS,Full,25,2y+,10,9.01,100,2489.68,7327.69,281109.88,0.235,0.705,19,81,2,0.0301,1,0.0162,0.639,0.412,35,58,4.85,10.71,0.397,171574.48,0.239,62.57
UPI03483,Chennai,Android,Full,12,6-12m,16,2.12,30,331.3,936.33,11549.9,0.893,0.094,28,2,2,0.0687,2,0.073,0.132,0.277,48,82,6.9,24.17,0.433,634.17,0.387,28.85
UPI03484,Mumbai,Android,Full,32,2y+,17,2.67,44,1480.05,3588.6,64644.28,0.831,0.167,32,13,0,0.0089,2,0.0463,0.158,0.325,43,60,4.95,15.55,0.268,8296.19,0.414,21.45
UPI03485,Bengaluru,Android,Minimum,17,1-2y,13,6.27,93,874.17,2401.37,83477.27,0.895,0.119,79,16,2,0.0316,0,0.0022,0.171,0.386,33,46,5.59,9.13,0.253,38458.51,0.417,15.69
UPI03486,Ahmedabad,Android,Full,12,6-12m,10,6.09,51,1409.33,2811.83,82150.99,0.843,0.159,32,18,3,0.0691,1,0.0228,0.056,0.359,24,44,5.89,11.51,0.101,11879.97,0.393,14.79
UPI03487,Ahmedabad,iOS,Minimum,19,1-2y,6,0.67,1,701.05,1477.7,577.44,0.559,0.46,0,1,1,0.35,1,0.2,0.147,0.201,7,11,6.36,250,0.223,50,0.288,97.92
UPI03488,Kolkata,Android,Minimum,22,1-2y,22,3.91,71,195.19,618.11,13319.1,0.538,0.464,34,40,5,0.0751,0,0.0065,0.214,0.312,84,138,1,10.01,0.234,3961.78,0.377,30.88
UPI03489,Mumbai,Android,Minimum,6,0-6m,25,8.0,210,170.63,443.22,36046.78,0.482,0.539,77,131,7,0.0425,0,0.0064,0.164,0.223,50,97,6.18,4.3,0.366,18394.41,0.312,41.2
UPI03490,Ahmedabad,iOS,Minimum,7,6-12m,20,5.92,127,808.75,2109.65,88585.83,0.926,0.052,102,25,5,0.0428,4,0.036,0.134,0.377,69,108,4.49,8.45,0.4,36465.08,0.431,23.09
UPI03491,Mumbai,Android,Full,27,2y+,27,4.38,143,365.55,783.21,56374.33,0.823,0.196,110,36,4,0.0382,0,0.0034,0.044,0.211,54,83,5.6,4.82,0.421,37156.64,0.395,15.49
UPI03492,Ahmedabad,iOS,Full,15,1-2y,9,5.79,50,792.76,2091.04,45109.9,0.806,0.207,43,5,6,0.1219,2,0.0461,0.188,0.298,15,24,3.38,11.72,0.302,32664.93,0.438,31.09
UPI03493,Chennai,Android,Minimum,31,2y+,27,3.61,114,1087.82,2324.61,105613.72,0.832,0.176,98,13,1,0.0154,0,0.0076,0.157,0.395,77,97,6.75,3.17,0.25,59105.91,0.436,11.89
UPI03494,Hyderabad,iOS,Premium,31,2y+,17,3.22,32,608.69,2133.1,22949.03,0.532,0.464,13,16,7,0.223,0,0.0023,0.108,0.399,46,58,3.04,28.02,0.548,16763.25,0.373,48.51
UPI03495,Hyderabad,Android,Premium,11,6-12m,1,1.16,1,574.21,1000.3,481.8,0.519,0.525,1,1,6,0.35,1,0.2,0.099,0.512,7,9,2.58,250,0.335,50,0.375,100
UPI03496,Bengaluru,Android,Premium,16,1-2y,3,0.52,1,289.2,725.88,237.76,0.558,0.404,1,1,1,0.35,1,0.2,0.023,0.51,5,6,4.01,250,0.378,50,0.422,94.91
UPI03497,Kolkata,Android,Full,32,2y+,22,5.62,140,217.87,654.01,30341.33,0.491,0.507,56,85,3,0.0363,1,0.0078,0.124,0.26,77,186,6.49,5.41,0.343,9658.55,0.367,24.76
UPI03498,Kolkata,Android,Premium,8,6-12m,17,5.72,82,1048.26,3611.13,83218.77,0.476,0.523,36,43,3,0.0389,3,0.0441,0.168,0.252,36,40,6.54,9.63,0.574,16795.03,0.301,43.58
UPI03499,Kolkata,Android,Premium,18,1-2y,5,1.52,6,60.68,102.43,383.43,0.636,0.348,3,0,1,0.1717,1,0.1688,0.142,0.381,6,10,3.06,120.62,0.101,392.48,0.429,68.8
UPI03500,Bengaluru,Android,Full,17,1-2y,21,7.94,189,191.71,500.43,42365.01,0.693,0.275,99,88,3,0.018,1,0.0104,0.186,0.255,56,96,4.48,1.11,0.384,11485.99,0.37,26.69
UPI03501,Mumbai,Android,Full,4,0-6m,4,0.63,3,524.46,1938.16,1663.12,0.348,0.648,3,0,0,0.0068,1,0.2,0.025,0.189,5,8,3.73,239.3,0.386,1372.3,0.298,32.51
UPI03502,Ahmedabad,iOS,Full,31,2y+,17,4.43,79,4610.56,12898.32,389376.22,0.603,0.39,31,45,1,0.0227,1,0.013,0.095,0.253,39,53,2.44,7.67,0.372,175367.25,0.295,21.19
UPI03503,Hyderabad,iOS,Full,25,2y+,12,2.77,30,692.31,1590.9,23436.52,0.456,0.552,19,11,2,0.0679,0,0.0098,0.154,0.375,17,29,5.04,21.87,0.189,12235.28,0.369,25.39
UPI03504,Delhi,Android,Premium,21,1-2y,26,2.32,38,1910.68,6136.12,65704.99,0.645,0.347,23,5,2,0.0569,3,0.0857,0.047,0.239,52,80,5.33,17.43,0.378,22597.55,0.391,23.41
UPI03505,Mumbai,Android,Full,24,1-2y,21,7.67,186,404.0,864.26,69167.22,0.54,0.43,67,112,4,0.0267,0,0.0085,0.178,0.361,74,143,3.44,5.72,0.399,22022.79,0.402,33.57
UPI03506,Chennai,Android,Minimum,14,1-2y,19,3.94,70,562.25,1652.04,38674.48,0.531,0.472,29,40,6,0.0933,0,0.0082,0.093,0.382,19,37,5.59,15.48,0.464,14672.78,0.363,35.51
UPI03507,Mumbai,Android,Full,31,2y+,20,7.4,179,594.1,1415.82,112358.46,0.462,0.559,80,96,1,0.0156,0,0.001,0.165,0.409,58,96,6.56,8.47,0.324,70670.88,0.317,25.79
UPI03508,Pune,iOS,Full,25,2y+,14,1.98,21,3368.55,3981.63,77167.06,0.755,0.207,16,2,2,0.0976,0,0.0067,0.174,0.187,21,37,6.41,32.88,0.076,13097.74,0.396,26.59
UPI03509,Kolkata,iOS,Full,5,0-6m,5,1.64,5,456.19,952.51,2407.87,0.399,0.551,5,0,1,0.2034,0,0.0067,0.062,0.419,12,13,2.95,144.04,0.064,2525.89,0.293,64.95
UPI03510,Delhi,iOS,Minimum,1,0-6m,15,3.66,48,779.91,1885.62,43152.25,0.849,0.166,25,31,0,0.0087,0,0.0034,0.139,0.407,45,69,5.46,16.04,0.235,32125.92,0.464,19.57
UPI03511,Chennai,Android,Minimum,8,6-12m,21,6.0,143,20,57.15,3076.85,0.55,0.401,59,81,1,0.0083,1,0.0159,0.134,0.301,58,97,3.27,3.33,0.405,407.71,0.34,24.34
UPI03512,Mumbai,Android,Full,16,1-2y,16,4.04,42,460.76,1356.66,16923.61,0.617,0.391,21,24,2,0.0509,0,0.0014,0.102,0.332,45,59,6.65,20.39,0.322,4910.85,0.413,18.02
UPI03513,Pune,iOS,Premium,16,1-2y,16,3.85,66,803.78,1936.25,58213.18,0.826,0.179,45,17,7,0.1131,1,0.0221,0.193,0.335,44,80,8.1,13.28,0.094,12816.55,0.463,35.83
UPI03514,Ahmedabad,Android,Minimum,16,1-2y,21,4.29,105,144.46,296.44,15152.5,0.484,0.486,37,65,3,0.0342,1,0.0182,0.196,0.33,69,99,4.91,9.86,0.286,5747.79,0.238,22.72
UPI03515,Hyderabad,Android,Full,9,6-12m,29,9.4,250,100.42,206.94,28129.03,0.656,0.315,133,110,0,0.009,1,0.0122,0.108,0.262,82,173,7.56,0.2,0.472,9069.17,0.415,24.85
UPI03516,Delhi,Android,Full,4,0-6m,18,7.6,153,197.31,463.92,27825.0,0.641,0.354,102,52,6,0.0516,2,0.0147,0.054,0.227,70,138,8.34,5.07,0.284,4770.46,0.269,41.37
UPI03517,Delhi,iOS,Full,17,1-2y,23,3.47,76,2307.89,8017.45,171517.11,0.569,0.38,43,30,1,0.0189,2,0.0321,0.142,0.268,54,76,5.61,8.51,0.496,55560.27,0.295,28.58
UPI03518,Ahmedabad,Android,Premium,50,2y+,8,15.34,118,3321.64,15012.08,456711.2,0.498,0.442,57,58,23,0.2028,12,0.104,0.3,0.43,45,89,9.1,13.37,0.819,102752.09,0.281,81.8
UPI03519,Chennai,Android,Full,4,0-6m,20,6.37,123,224.85,528.43,32074.9,0.7,0.302,87,36,2,0.0171,1,0.012,0.189,0.36,55,133,5.19,0.43,0.075,8783.17,0.425,33.32
UPI03520,Mumbai,Android,Minimum,28,2y+,22,4.31,140,68.93,163.36,9314.59,0.589,0.433,79,58,2,0.02,0,0.0099,0.138,0.234,47,85,5.63,0.4,0.33,669.45,0.343,22.85
UPI03521,Mumbai,Android,Full,8,6-12m,10,4.42,27,234.71,647.61,5474.6,0.7,0.269,16,13,2,0.0816,1,0.0437,0.082,0.357,17,25,6.23,26.3,0.335,2644.39,0.456,29.33
UPI03522,Hyderabad,Android,Minimum,10,6-12m,21,6.49,140,192.13,550.82,27365.34,0.54,0.443,57,82,2,0.0221,2,0.0195,0.172,0.279,37,68,8.93,0.2,0.681,4916.96,0.263,26.32
UPI03523,Bengaluru,iOS,Full,17,1-2y,8,2.13,14,390.69,1421.79,4992.88,0.465,0.503,2,13,4,0.2939,1,0.0718,0.13,0.276,12,16,2.15,55.48,0.813,499.69,0.252,79.63
UPI03524,Ahmedabad,Android,Full,11,6-12m,24,3.42,76,1454.51,4312.94,94316.14,0.792,0.22,54,23,3,0.0422,3,0.0474,0.155,0.414,76,128,5.7,8.07,0.286,25465.77,0.367,18.77
UPI03525,Chennai,Android,Full,18,1-2y,8,7.84,58,3245.62,10170.5,210744.55,0.277,0.749,9,48,13,0.2377,9,0.159,0.472,0.563,25,35,3.09,13.59,0.574,89943.18,0.215,99.57
UPI03526,Pune,iOS,Minimum,1,0-6m,17,2.69,36,20,59.36,741.03,0.642,0.378,25,14,5,0.1416,0,0.0001,0.11,0.33,31,56,4.47,24.01,0.391,50,0.431,45.18
UPI03527,Chennai,Android,Premium,39,2y+,21,7.81,158,63.34,175.13,10214.57,0.491,0.51,61,102,5,0.0338,1,0.0085,0.113,0.265,58,100,4.95,1.53,0.288,6079.16,0.233,32.17
UPI03528,Pune,Android,Full,33,2y+,23,4.48,117,2564.49,8656.43,251923.74,0.582,0.446,66,49,2,0.0245,0,0.0017,0.117,0.256,51,64,5.62,5.64,0.504,181681.46,0.392,10.22
UPI03529,Mumbai,iOS,Full,10,6-12m,30,3.85,119,263.47,715.68,26053.73,0.598,0.363,62,58,3,0.0342,3,0.0262,0.15,0.308,109,247,3.39,5.71,0.265,7535.15,0.315,34.0
UPI03530,Mumbai,Android,Full,5,0-6m,18,6.46,133,88.73,224.81,9886.6,0.49,0.502,67,64,6,0.05,2,0.0197,0.126,0.35,54,67,7.49,5.45,0.311,2691.45,0.364,31.93
UPI03531,Delhi,Android,Minimum,19,1-2y,21,5.11,117,905.34,2781.53,100205.45,0.552,0.477,53,69,1,0.0212,0,0.0044,0.166,0.295,52,71,5.59,6.52,0.248,10828.49,0.247,26.31
UPI03532,Chennai,Android,Minimum,8,6-12m,6,1.37,5,353.55,1161.51,1881.1,0.452,0.501,0,5,0,0.0047,1,0.2,0.046,0.365,7,11,3.49,148.87,0.47,3294.51,0.325,23.38
UPI03533,Hyderabad,iOS,Full,13,1-2y,19,6.29,131,603.51,1703.46,70886.89,0.479,0.542,58,71,2,0.0251,0,0.0076,0.139,0.412,53,64,4.11,4.63,0.43,41349.99,0.296,27.5
UPI03534,Mumbai,Android,Full,27,2y+,20,10.72,187,183.61,389.62,34566.31,0.49,0.524,89,99,3,0.0261,0,0.0046,0.093,0.289,78,154,7.12,7.03,0.103,18955.89,0.321,33.94
UPI03535,Bengaluru,iOS,Minimum,23,1-2y,14,4.06,41,4591.72,8680.86,186778.95,0.63,0.352,32,7,2,0.0545,0,0.0064,0.074,0.279,30,54,3.89,14.6,0.194,115737.99,0.409,27.15
UPI03536,Ahmedabad,iOS,Minimum,18,1-2y,17,8.12,121,172.79,333.99,18027.53,0.713,0.241,78,42,5,0.049,2,0.0265,0.197,0.383,58,130,6.54,7.21,0.113,8495.86,0.371,39.71
UPI03537,Pune,Android,Full,25,2y+,27,5.95,190,653.88,2197.01,103351.4,0.482,0.545,75,115,5,0.0334,0,0.0011,0.061,0.244,53,83,5.78,0.47,0.318,38643.67,0.231,26.66
UPI03538,Chennai,Android,Full,23,1-2y,23,6.24,183,775.22,2260.97,160456.96,0.532,0.511,69,119,3,0.0283,3,0.0223,0.17,0.27,56,83,6.39,3.28,0.29,57571.91,0.341,28.29
UPI03539,Ahmedabad,iOS,Full,17,1-2y,24,12.42,303,2112.85,7719.95,539395.33,0.476,0.435,150,152,17,0.0653,3,0.0169,0.461,0.338,44,61,3.95,0.93,0.665,133254.47,0.248,51.11
UPI03540,Delhi,Android,Premium,22,1-2y,22,8.52,160,123.35,320.45,18977.58,0.671,0.342,81,81,2,0.0185,0,0.0003,0.087,0.377,47,97,6.6,4.83,0.492,5493.89,0.309,17.93
UPI03541,Ahmedabad,iOS,Full,1,0-6m,21,5.23,104,671.46,1862.3,67474.41,0.484,0.498,27,74,2,0.0226,0,0.0043,0.149,0.316,45,76,5.84,4.36,0.651,30727.99,0.323,35.01
UPI03542,Hyderabad,iOS,Full,26,2y+,8,0.54,5,52.72,135.11,229.27,0.348,0.714,4,0,2,0.35,0,0.0026,0.044,0.21,11,15,2.85,147.25,0.386,50,0.19,78.28
UPI03543,Mumbai,iOS,Full,13,1-2y,17,2.87,37,732.17,1865.51,29669.62,0.478,0.558,11,25,6,0.1729,1,0.0308,0.054,0.215,51,87,3.4,17.52,0.42,4979.38,0.312,54.49
UPI03544,Delhi,Android,Full,23,1-2y,13,5.43,72,1009.66,1954.17,60260.8,0.864,0.145,54,15,8,0.1187,0,0.0026,0.148,0.439,41,49,4.32,9.28,0.177,31427.32,0.514,44.16
UPI03545,Hyderabad,Android,Full,1,0-6m,6,1.05,16,459.81,1061.85,7073.05,0.322,0.714,9,4,0,0.0077,0,0.0097,0.135,0.232,7,7,3.64,43.61,0.397,382.28,0.296,28.97
UPI03546,Chennai,Android,Minimum,12,6-12m,11,0.56,14,614.94,1667.0,9348.05,0.47,0.48,6,3,2,0.1548,0,0.0052,0.101,0.422,16,28,1.71,51.29,0.319,5260.83,0.295,33.29
UPI03547,Chennai,Android,Full,20,1-2y,6,2.1,5,499.41,1138.78,2705.66,0.463,0.458,0,5,0,0.0059,0,0.0008,0.038,0.257,8,9,4.92,143.54,0.255,487.27,0.267,17.19
UPI03548,Delhi,Android,Full,8,6-12m,16,14.18,231,40,136.23,9447.24,0.297,0.772,49,183,8,0.0492,5,0.0286,0.39,0.36,49,111,7.91,5.27,0.488,3036.92,0.311,57.16
UPI03549,Delhi,Android,Full,27,2y+,12,0.4,6,215.63,710.82,1099.86,0.412,0.635,0,6,1,0.1704,1,0.1755,0.101,0.265,18,28,4.86,118.28,0.52,137.61,0.339,62.73
UPI03550,Delhi,Android,Minimum,31,2y+,2,2.14,3,501.94,1311.56,1424.75,0.494,0.525,2,0,0,0.0086,0,0.007,0.091,0.442,8,12,6.29,242.19,0.223,2505.49,0.344,12.55
UPI03551,Ahmedabad,Android,Full,42,2y+,7,4.9,32,830.37,2641.26,23741.2,0.479,0.556,11,20,3,0.1035,1,0.0374,0.131,0.371,15,26,3.22,19.33,0.482,5549.68,0.278,45.04
UPI03552,Bengaluru,Android,Full,16,1-2y,15,3.71,59,633.81,1730.16,41098.34,0.527,0.511,27,30,4,0.082,1,0.0201,0.149,0.249,37,67,4.02,14.77,0.469,25591.06,0.361,27.2
UPI03553,Mumbai,Android,Minimum,26,2y+,13,3.95,49,3306.84,4242.27,147223.82,0.677,0.378,34,16,2,0.0552,0,0.006,0.175,0.202,31,38,4.62,13.36,0.165,59615.7,0.388,32.92
UPI03554,Pune,Android,Full,24,1-2y,14,4.11,51,501.88,1551.46,22227.29,0.682,0.358,21,30,5,0.1067,0,0.0075,0.076,0.363,39,75,5.36,13.17,0.39,6544.41,0.371,39.59
UPI03555,Kolkata,iOS,Full,12,6-12m,7,0.49,15,234.74,347.09,3190.94,0.313,0.747,2,9,2,0.1396,0,0.0065,0.042,0.376,2,3,4.85,50.77,0.128,2728.46,0.231,34.62
UPI03556,Bengaluru,iOS,Full,25,2y+,14,2.8,34,156.74,365.61,4606.77,0.699,0.349,15,27,2,0.0639,0,0.0032,0.182,0.3,47,103,4.3,22.81,0.193,2835.77,0.436,16.96
UPI03557,Hyderabad,iOS,Full,21,1-2y,9,3.28,27,777.39,1487.03,23350.11,0.87,0.104,19,9,6,0.2319,4,0.1488,0.147,0.437,29,42,3.0,26.07,0.276,15153.8,0.449,72.8
UPI03558,Kolkata,Android,Premium,18,1-2y,21,8.06,165,309.76,700.79,46620.12,0.536,0.463,88,76,7,0.0564,2,0.0178,0.214,0.345,58,122,6.64,3.15,0.255,3216.19,0.381,43.96
UPI03559,Delhi,Android,Full,14,1-2y,16,3.05,41,4603.47,13737.63,212512.64,0.565,0.394,21,15,2,0.0576,1,0.0315,0.121,0.244,28,48,6.18,11.15,0.279,97845.79,0.384,17.03
UPI03560,Kolkata,Android,Full,25,2y+,5,0.82,3,247.84,752.67,733.61,0.302,0.717,0,0,2,0.35,0,0.0089,0.101,0.485,5,5,2.07,237.23,0.357,3521.5,0.291,87.87
UPI03561,Ahmedabad,Android,Premium,23,1-2y,28,3.58,111,342.29,1281.42,36319.48,0.23,0.837,14,97,21,0.201,4,0.0429,0.517,0.671,133,340,9.51,10.19,0.838,22788.97,0.284,81.72
UPI03562,Hyderabad,Android,Full,26,2y+,22,2.99,31,1620.81,4344.31,54598.95,0.788,0.191,17,16,5,0.169,0,0.0097,0.188,0.401,48,91,7.73,23.27,0.313,17422.12,0.387,27.54
UPI03563,Hyderabad,Android,Full,18,1-2y,17,2.16,41,1327.97,2657.73,45444.74,0.566,0.388,17,23,3,0.0766,2,0.0536,0.041,0.355,34,61,6.07,18.82,0.22,23110.66,0.328,29.76
UPI03564,Kolkata,Android,Premium,1,0-6m,21,4.26,82,508.84,941.07,35774.51,0.944,0.072,64,17,3,0.0485,1,0.013,0.076,0.293,53,84,2.8,12.96,0.195,17904.9,0.491,24.76
UPI03565,Ahmedabad,Android,Full,9,6-12m,3,1.92,8,74.98,171.36,533.12,0.477,0.552,2,3,2,0.2542,0,0.0083,0.126,0.504,5,7,2.79,91.71,0.206,682.07,0.327,66.7
UPI03566,Ahmedabad,Android,Full,36,2y+,23,2.74,94,643.4,2373.84,51030.33,0.697,0.263,49,50,3,0.0383,1,0.0121,0.167,0.203,53,70,4.02,3.3,0.679,13969.66,0.328,28.94
UPI03567,Kolkata,Android,Minimum,21,1-2y,6,0.73,1,157.68,362.51,138.45,0.557,0.481,1,0,0,0.0057,2,0.2,0.123,0.392,6,9,3.9,250,0.329,50,0.299,45.36
UPI03568,Mumbai,Android,Full,21,1-2y,19,3.83,106,3581.58,9882.53,351700.06,0.711,0.28,65,48,3,0.0393,2,0.0233,0.113,0.359,44,80,1.07,6.78,0.456,184231.41,0.402,26.96
UPI03569,Ahmedabad,iOS,Minimum,26,2y+,1,2.25,3,459.22,1094.4,1569.19,0.428,0.594,0,0,0,0.0103,1,0.2,0.075,0.268,2,3,1.17,238.34,0.307,50,0.216,39.61
UPI03570,Pune,Android,Full,20,1-2y,10,7.1,57,2494.56,10352.69,132785.53,0.292,0.749,11,46,16,0.2871,6,0.1133,0.513,0.589,39,83,7.81,11.69,0.786,23326.33,0.275,100
UPI03571,Ahmedabad,Android,Full,15,1-2y,17,5.91,105,877.57,2505.64,102586.16,0.634,0.313,68,32,0,0.0091,0,0.0067,0.178,0.22,38,71,8.02,2.81,0.219,10392.19,0.354,24.79
UPI03572,Bengaluru,Android,Minimum,33,2y+,19,8.0,170,219.81,824.88,36293.99,0.696,0.347,84,86,1,0.0198,1,0.0155,0.095,0.34,46,85,4.01,5.52,0.376,20325.5,0.394,18.93
UPI03573,Mumbai,Android,Full,4,0-6m,2,1.59,3,278.92,949.08,976.56,0.339,0.663,0,0,0,0.0008,0,0.0041,0.06,0.504,4,4,3.96,239.43,0.601,621.7,0.242,23.83
UPI03574,Ahmedabad,iOS,Full,5,0-6m,24,5.03,119,409.21,1445.2,56094.22,0.505,0.506,46,74,2,0.0198,1,0.0123,0.093,0.265,54,71,4.24,0.2,0.607,40971.6,0.241,36.94
UPI03575,Kolkata,Android,Minimum,17,1-2y,22,7.4,136,182.57,259.06,22851.59,0.482,0.516,66,74,1,0.0178,2,0.0176,0.101,0.327,101,139,6.64,4.6,0.05,7397.12,0.364,27.95
UPI03576,Ahmedabad,Android,Minimum,33,2y+,9,0.2,1,361.41,744.2,358.92,0.34,0.609,0,0,0,0.0094,1,0.2,0.069,0.347,8,12,5.69,250,0.252,1242.17,0.299,46.4
UPI03577,Mumbai,Android,Full,29,2y+,17,4.98,83,544.88,1690.84,40070.97,0.599,0.392,40,40,6,0.0783,0,0.0048,0.104,0.227,60,87,2.94,8.05,0.523,23500.76,0.303,38.89
UPI03578,Ahmedabad,Android,Minimum,11,6-12m,17,3.54,53,359.98,935.48,16602.92,0.669,0.339,21,31,5,0.1059,0,0.0095,0.129,0.24,30,39,6.22,13.9,0.352,4989.81,0.283,35.08
UPI03579,Pune,Android,Full,1,0-6m,22,8.53,178,92.78,319.18,15886.62,0.579,0.387,66,107,0,0.0079,0,0.0063,0.058,0.327,67,146,5.4,5.76,0.582,5748.67,0.297,24.04
UPI03580,Pune,iOS,Full,13,1-2y,23,4.81,113,1160.37,1716.37,130841.11,0.793,0.2,80,33,6,0.0685,3,0.0353,0.176,0.203,45,86,5.73,8.58,0.201,61658.25,0.432,32.1
UPI03581,Hyderabad,Android,Full,22,1-2y,23,3.15,79,60,166.45,5133.07,0.871,0.118,62,20,0,0.0024,0,0.0027,0.121,0.316,47,96,2.01,11.21,0.318,1588.03,0.435,13.03
UPI03582,Mumbai,Android,Minimum,31,2y+,8,1.75,15,447.06,1263.39,6910.6,0.345,0.71,8,5,2,0.1385,0,0.0099,0.05,0.342,9,13,4.43,45.57,0.413,3848.99,0.298,40.83
UPI03583,Mumbai,Android,Full,10,6-12m,19,2.85,68,790.52,2071.27,51820.67,0.831,0.189,44,24,2,0.0368,4,0.0635,0.104,0.223,31,42,5.14,7.95,0.294,11042.98,0.435,17.51
UPI03584,Bengaluru,Android,Full,9,6-12m,21,6.8,129,275.96,819.03,34145.31,0.701,0.334,79,46,1,0.0159,4,0.0371,0.068,0.347,47,83,6.71,5.79,0.426,13012.73,0.4,21.19
UPI03585,Hyderabad,Android,Full,30,2y+,21,15.87,322,2222.79,8317.08,595225.92,0.497,0.618,128,197,9,0.0409,2,0.0114,0.595,0.304,77,167,3.96,0.2,0.933,179670.73,0.302,64.2
UPI03586,Kolkata,Android,Full,16,1-2y,10,2.02,11,285.95,694.99,3560.42,0.586,0.447,4,7,4,0.35,2,0.1908,0.144,0.516,13,15,5.79,64.76,0.355,50,0.333,92.44
UPI03587,Chennai,Android,Minimum,23,1-2y,20,4.62,84,1012.59,2822.23,70238.86,0.602,0.397,37,50,4,0.0617,2,0.0273,0.178,0.398,48,58,5.11,8.24,0.316,13462.72,0.407,35.95
UPI03588,Kolkata,Android,Full,24,1-2y,18,3.45,65,413.01,1319.2,28133.18,0.656,0.326,37,28,6,0.0956,1,0.0221,0.063,0.25,25,42,4.85,8.22,0.377,9818.92,0.398,24.53
UPI03589,Ahmedabad,Android,Minimum,18,1-2y,1,0.83,1,400.37,802.02,397.37,0.445,0.501,1,0,1,0.35,0,0.0028,0.094,0.354,4,6,2.73,250,0.226,50,0.225,73.29
UPI03590,Pune,Android,Full,3,0-6m,14,2.69,39,1159.47,2878.16,40061.33,0.412,0.488,21,20,20,0.35,11,0.2,0.358,0.613,85,175,5.73,20.05,0.571,26054.88,0.314,100
UPI03591,Bengaluru,Android,Full,19,1-2y,22,3.96,86,635.79,881.61,50151.47,0.466,0.49,22,68,6,0.0819,2,0.0326,0.158,0.397,51,63,6.34,7.26,0.075,18666.55,0.365,28.29
UPI03592,Chennai,Android,Minimum,25,2y+,17,5.16,87,708.12,1537.04,61164.49,0.552,0.438,43,42,1,0.0253,0,0.0021,0.174,0.399,32,38,7.17,6.63,0.27,41648.95,0.367,25.25
UPI03593,Hyderabad,iOS,Full,31,2y+,13,1.38,26,3986.95,9108.54,105770.9,0.648,0.368,21,1,5,0.1934,1,0.0397,0.097,0.274,11,15,4.88,28.34,0.295,65431.02,0.358,46.22
UPI03594,Pune,Android,Minimum,2,0-6m,19,5.53,93,1239.72,2990.81,124742.21,0.493,0.537,31,62,1,0.0249,2,0.0223,0.057,0.284,35,42,3.75,6.63,0.2,50710.67,0.288,29.43
UPI03595,Bengaluru,Android,Full,1,0-6m,17,11.64,190,3184.62,13001.76,623924.01,0.32,0.681,40,151,21,0.1342,10,0.06,0.692,0.431,54,97,7.96,2.69,0.586,350000,0.251,82.7
UPI03596,Bengaluru,Android,Full,13,1-2y,23,6.05,159,126.64,289.81,20260.04,0.654,0.354,103,61,4,0.0272,0,0.0082,0.082,0.252,80,114,6.38,2.98,0.057,8556.82,0.308,26.55
UPI03597,Mumbai,iOS,Minimum,15,1-2y,17,6.27,128,1020.26,3232.92,134945.95,0.81,0.19,91,30,1,0.0176,1,0.0107,0.161,0.254,40,65,5.28,7.09,0.392,80649.79,0.364,31.31
UPI03598,Hyderabad,Android,Full,24,1-2y,3,0.75,3,250.45,642.1,849.02,0.439,0.638,0,3,2,0.35,0,0.0054,0.121,0.455,4,6,3.84,243.63,0.38,2772.25,0.241,77.95
UPI03599,Delhi,Android,Full,8,6-12m,11,0.41,8,431.25,791.26,3305.34,0.639,0.372,7,2,1,0.127,0,0.0068,0.033,0.448,17,29,1.09,89.04,0.05,90.13,0.432,39.84
UPI03600,Pune,Android,Minimum,20,1-2y,1,1.14,1,496.25,1601.86,501.22,0.536,0.527,1,0,1,0.35,0,0.001,0.025,0.402,2,3,4.08,250,0.559,50,0.263,79.2
UPI03601,Pune,iOS,Full,25,2y+,23,5.02,132,842.1,1959.83,130509.31,0.692,0.326,89,48,1,0.0129,1,0.0087,0.163,0.334,42,76,5.88,4.46,0.477,85676.74,0.442,19.96
UPI03602,Delhi,Android,Premium,35,2y+,19,5.13,116,981.27,2101.06,110631.06,0.512,0.472,53,57,4,0.0448,1,0.0097,0.171,0.319,51,83,6.53,1.3,0.273,63001.86,0.322,32.81
UPI03603,Mumbai,Android,Full,30,2y+,18,4.07,75,2110.45,4968.57,135449.38,0.703,0.306,41,35,5,0.0812,1,0.0136,0.129,0.294,30,56,6.07,6.08,0.344,29827.85,0.418,41.0
UPI03604,Pune,Android,Full,7,6-12m,15,5.85,67,845.73,2281.98,46898.59,0.821,0.196,64,5,5,0.0893,3,0.0545,0.134,0.215,44,69,11.23,13.06,0.264,15402.47,0.372,41.45
UPI03605,Chennai,iOS,Full,1,0-6m,14,4.69,67,443.37,1308.18,30550.07,0.715,0.328,49,21,3,0.0481,1,0.0154,0.106,0.234,36,69,3.32,10.42,0.355,13852.58,0.382,31.64
UPI03606,Chennai,Android,Minimum,10,6-12m,17,4.56,82,1045.76,2641.5,77856.18,0.575,0.388,31,46,0,0.0097,0,0.0025,0.108,0.245,32,45,6.78,4.45,0.404,32232.51,0.306,25.57
UPI03607,Pune,Android,Minimum,11,6-12m,17,7.8,122,846.58,2475.05,105487.97,0.864,0.125,114,14,7,0.0654,5,0.0493,0.118,0.27,36,61,7.63,6.61,0.342,13303.35,0.429,33.72
UPI03608,Pune,Android,Minimum,19,1-2y,19,4.01,79,415.65,838.99,30565.95,0.653,0.386,34,49,5,0.077,0,0.0045,0.129,0.259,45,85,8.43,13.69,0.096,3877.12,0.411,29.07
UPI03609,Mumbai,Android,Full,11,6-12m,20,8.87,164,161.13,348.66,31028.76,0.611,0.432,93,74,9,0.0635,0,0.0044,0.139,0.223,85,184,3.78,6.91,0.288,5315.98,0.401,22.41
UPI03610,Chennai,Android,Full,39,2y+,28,8.01,212,222.56,498.95,54950.45,0.636,0.381,132,76,6,0.0334,2,0.0167,0.183,0.382,105,201,9.09,7.76,0.299,38917.89,0.395,27.68
UPI03611,Mumbai,Android,Premium,1,0-6m,16,4.57,66,907.05,2692.09,57691.35,0.497,0.546,23,45,1,0.0279,0,0.0069,0.097,0.296,38,50,7.66,14.3,0.335,40279.93,0.37,25.73
UPI03612,Mumbai,Android,Premium,36,2y+,23,1.52,44,330.79,731.76,14967.45,0.788,0.212,30,14,5,0.1236,2,0.048,0.177,0.243,77,105,6.76,22.06,0.177,5407.86,0.393,39.11
UPI03613,Hyderabad,Android,Full,3,0-6m,4,0.79,3,465.65,1343.88,1346.74,0.453,0.584,0,3,1,0.344,1,0.2,0.08,0.18,10,11,5.04,237.43,0.36,50,0.221,100
UPI03614,Bengaluru,iOS,Full,13,1-2y,19,4.46,100,3043.71,10916.94,336827.18,0.708,0.254,64,33,1,0.0242,1,0.0167,0.171,0.362,46,71,4.57,7.18,0.574,238453.33,0.335,23.36
UPI03615,Delhi,Android,Full,1,0-6m,11,3.72,30,3303.18,8980.63,88632.71,0.683,0.26,13,16,6,0.2006,0,0.0057,0.057,0.21,24,31,6.32,25.26,0.398,11540.34,0.29,50.99
UPI03616,Bengaluru,Android,Minimum,5,0-6m,10,1.96,16,448.07,929.46,7954.97,0.504,0.519,3,13,2,0.1335,1,0.0652,0.141,0.405,15,22,3.7,44.2,0.49,401.41,0.312,40.74
UPI03617,Ahmedabad,iOS,Full,12,6-12m,25,5.46,145,479.65,1040.18,71864.78,0.614,0.404,65,84,4,0.0311,3,0.0297,0.053,0.316,67,85,4.4,4.09,0.095,41314.87,0.412,28.28
UPI03618,Ahmedabad,Android,Full,19,1-2y,24,4.2,120,168.27,407.59,17059.84,0.665,0.314,69,51,4,0.0431,0,0.0076,0.146,0.236,52,89,6.62,8.9,0.348,9669.25,0.393,30.49
UPI03619,Mumbai,Android,Full,20,1-2y,25,3.54,115,1393.44,3373.2,163007.24,0.597,0.38,42,78,3,0.03,1,0.0164,0.116,0.367,54,78,1,3.79,0.249,70816.22,0.395,26.83
UPI03620,Mumbai,iOS,Full,1,0-6m,23,10.1,221,161.31,577.14,35554.15,0.69,0.333,116,105,0,0.0054,3,0.0199,0.117,0.344,96,180,8.39,0.41,0.398,10841.51,0.34,24.2
UPI03621,Ahmedabad,iOS,Full,25,2y+,25,3.54,106,703.87,1663.57,84307.04,0.623,0.368,34,69,1,0.022,1,0.0153,0.145,0.318,56,65,2.79,9.88,0.249,37362.82,0.301,18.91
UPI03622,Ahmedabad,Android,Full,15,1-2y,20,5.82,115,2060.06,8148.64,214433.19,0.299,0.66,26,90,16,0.1571,12,0.1066,0.565,0.657,54,153,10.33,5.17,0.538,51116.71,0.304,80.73
UPI03623,Mumbai,Android,Full,21,1-2y,25,4.0,102,3745.24,10850.37,431570.94,0.725,0.215,50,56,1,0.015,3,0.0296,0.167,0.311,45,53,5.16,5.57,0.631,120130.62,0.408,18.05
UPI03624,Kolkata,Android,Full,1,0-6m,25,2.37,37,2114.23,4901.06,66746.68,0.637,0.358,5,33,1,0.0392,0,0.0025,0.121,0.342,42,75,3.78,23.54,0.286,32300.96,0.404,17.46
UPI03625,Pune,Android,Minimum,11,6-12m,15,2.63,19,850.31,1770.64,16055.1,0.654,0.388,13,6,2,0.1121,0,0.0034,0.168,0.28,36,57,1.81,35.58,0.05,2936.98,0.32,32.48
UPI03626,Mumbai,Android,Full,27,2y+,15,5.49,69,230.77,755.42,15451.59,0.643,0.334,36,39,2,0.0429,0,0.0054,0.064,0.324,64,106,6.48,7.7,0.498,6355.13,0.305,23.94
UPI03627,Pune,Android,Full,12,6-12m,23,0.92,38,619.88,1645.38,21117.31,0.877,0.097,25,13,3,0.0857,5,0.1337,0.058,0.281,51,89,3.41,16.26,0.469,11789.33,0.389,31.15
UPI03628,Delhi,iOS,Full,1,0-6m,20,4.32,101,2298.14,7013.31,270918.6,0.488,0.435,38,62,39,0.35,3,0.0347,0.356,0.676,103,225,6.34,6.92,0.568,46875.07,0.334,84.39
UPI03629,Chennai,Android,Full,19,1-2y,17,3.09,47,763.8,2105.25,40163.66,0.497,0.481,18,31,2,0.0479,1,0.0218,0.096,0.326,50,88,4.06,14.93,0.335,29358.21,0.357,31.83
UPI03630,Hyderabad,Android,Minimum,14,1-2y,18,2.29,52,4727.94,11025.92,243353.61,0.753,0.301,39,5,2,0.0413,0,0.0005,0.111,0.299,28,51,2.83,14.78,0.414,45486.35,0.318,32.5
UPI03631,Chennai,iOS,Minimum,13,1-2y,21,2.49,71,3041.17,7324.93,246725.17,0.756,0.282,41,29,0,0.0028,1,0.0233,0.173,0.199,32,52,4.55,7.53,0.454,178888.09,0.428,5.46
UPI03632,Bengaluru,iOS,Full,1,0-6m,18,4.3,88,526.76,1337.26,50593.82,0.825,0.165,47,35,2,0.0317,1,0.0114,0.044,0.379,55,113,6.61,10.26,0.304,23216.62,0.389,15.09
UPI03633,Chennai,Android,Minimum,20,1-2y,18,3.65,65,478.64,1106.83,30968.41,0.698,0.297,40,23,1,0.0295,1,0.0204,0.12,0.323,52,84,4.88,11.57,0.362,21254.35,0.322,16.24
UPI03634,Mumbai,iOS,Full,23,1-2y,4,0.61,1,415.15,1190.14,440.94,0.396,0.574,1,1,2,0.35,0,0.0093,0.125,0.414,3,3,6.92,250,0.324,2030.67,0.267,87.15
UPI03635,Pune,Android,Full,29,2y+,19,4.27,73,693.37,2173.05,44861.43,0.49,0.55,28,47,5,0.0706,1,0.0227,0.163,0.344,53,94,3.92,5.1,0.343,26769.95,0.34,38.14
UPI03636,Bengaluru,Android,Minimum,21,1-2y,7,0.2,1,650.67,1902.09,575.54,0.424,0.572,1,1,0,0.0058,0,0.0085,0.143,0.265,11,12,5.37,250,0.302,1888.27,0.254,21.13
UPI03637,Hyderabad,Android,Full,16,1-2y,7,1.51,19,23.64,61.75,377.62,0.367,0.701,6,6,1,0.0641,0,0.0047,0.126,0.418,9,11,3.19,34.01,0.241,2593.73,0.239,32.61
UPI03638,Hyderabad,iOS,Full,15,1-2y,22,5.18,130,749.11,1878.08,88856.9,0.497,0.492,64,65,0,0.014,1,0.0113,0.1,0.341,40,54,5.89,5.22,0.425,45867.58,0.373,14.31
UPI03639,Delhi,Android,Minimum,21,1-2y,14,4.27,56,1562.4,3501.6,77081.16,0.881,0.11,32,26,4,0.0756,3,0.0572,0.175,0.203,49,76,7.14,15.46,0.222,47006.03,0.456,34.7
UPI03640,Kolkata,Android,Full,10,6-12m,6,14.34,81,78.46,249.19,6737.41,0.289,0.616,27,57,21,0.2762,13,0.1666,0.379,0.333,28,82,1.48,14.0,0.572,4105.16,0.251,98.44
UPI03641,Mumbai,Android,Minimum,11,6-12m,19,4.77,78,278.76,898.51,22611.78,0.812,0.184,52,29,0,0.0086,7,0.0949,0.161,0.358,40,75,5.88,9.39,0.259,14007.12,0.434,17.19
UPI03642,Bengaluru,Android,Full,24,1-2y,26,6.27,190,446.7,991.87,85690.81,0.804,0.196,123,66,6,0.0453,2,0.0188,0.124,0.262,50,95,3.64,1.2,0.246,20623.19,0.358,23.05
UPI03643,Kolkata,Android,Minimum,14,1-2y,14,3.46,60,369.2,1085.13,19457.57,0.932,0.063,52,9,0,0.0116,2,0.0384,0.143,0.284,30,57,6.21,12.96,0.354,11345.93,0.403,18.39
UPI03644,Delhi,Android,Minimum,14,1-2y,23,5.09,91,733.63,733.63,60773.68,0.796,0.205,49,43,6,0.0681,2,0.0258,0.081,0.403,52,95,5.21,3.55,0.123,44851.25,0.418,30.23
UPI03645,Pune,Android,Minimum,12,6-12m,3,0.61,1,273.52,801.82,275.95,0.548,0.426,0,1,0,0.015,0,0.0004,0.133,0.237,2,3,1.02,250,0.271,50,0.373,12.53
UPI03646,Mumbai,Android,Minimum,20,1-2y,10,2.67,35,489.99,1348.94,14461.56,0.646,0.366,19,18,5,0.1564,2,0.0665,0.078,0.37,19,27,5.5,18.13,0.461,12818.59,0.345,50.66
UPI03647,Hyderabad,Android,Full,17,1-2y,29,5.74,167,268.91,312.22,42668.75,0.717,0.279,84,75,6,0.0433,2,0.0155,0.068,0.242,78,96,4.86,0.2,0.131,15366.56,0.391,18.63
UPI03648,Chennai,Android,Full,5,0-6m,24,3.29,80,5139.3,16832.51,431451.47,0.747,0.257,47,37,3,0.0453,1,0.0146,0.075,0.33,45,65,3.2,10.73,0.556,256507.53,0.446,11.96
UPI03649,Mumbai,Android,Full,34,2y+,17,2.86,23,584.59,2101.05,15791.55,0.786,0.22,17,5,2,0.0988,1,0.0468,0.143,0.423,47,96,4.99,24.42,0.459,7831.17,0.381,43.15
UPI03650,Pune,Android,Full,10,6-12m,6,1.06,1,364.19,908.48,352.75,0.498,0.533,1,0,1,0.35,1,0.2,0.125,0.384,7,10,4.91,250,0.381,1325.74,0.378,87.11
UPI03651,Bengaluru,iOS,Premium,28,2y+,8,0.05,1,557.05,1443.7,608.76,0.432,0.563,1,0,4,0.35,0,0.0015,0.145,0.325,17,26,1.26,250,0.469,50,0.346,86.17
UPI03652,Bengaluru,iOS,Full,12,6-12m,29,3.29,102,153.31,409.23,17657.31,0.518,0.483,35,64,8,0.092,3,0.0322,0.15,0.258,72,113,3.42,7.43,0.336,12693.96,0.359,37.33
UPI03653,Bengaluru,Android,Minimum,11,6-12m,8,0.36,7,20,57.63,124.36,0.538,0.486,3,6,3,0.35,0,0.0082,0.14,0.258,15,16,5.6,103.99,0.325,2220.53,0.373,82.79
UPI03654,Bengaluru,Android,Minimum,25,2y+,17,4.55,90,882.8,2554.13,80828.68,0.468,0.482,45,48,5,0.0691,3,0.043,0.076,0.309,41,70,4.09,3.21,0.392,54628.99,0.228,33.44
UPI03655,Hyderabad,Android,Premium,21,1-2y,4,0.72,5,386.81,1155.41,2192.03,0.617,0.304,4,5,0,0.0097,0,0.0067,0.027,0.194,5,5,5.05,142.83,0.458,1976.67,0.33,7.86
UPI03656,Pune,Android,Full,35,2y+,8,1.69,12,631.25,1763.58,8076.66,0.566,0.441,1,11,3,0.2518,0,0.0069,0.02,0.385,9,10,4.29,59.14,0.535,5943.9,0.354,52.94
UPI03657,Bengaluru,Android,Full,11,6-12m,6,1.24,3,559.89,619.14,1510.98,0.578,0.375,0,0,2,0.35,0,0.0017,0.07,0.317,5,6,6.6,230.1,0.19,669.85,0.277,72.45
UPI03658,Chennai,Android,Minimum,16,1-2y,23,3.49,62,1620.02,5154.56,88280.6,0.567,0.436,31,33,3,0.0498,2,0.0384,0.126,0.327,36,57,6.39,8.87,0.471,13861.75,0.33,27.76
UPI03659,Kolkata,Android,Minimum,25,2y+,13,3.92,54,785.75,2875.43,42413.22,0.568,0.474,25,33,2,0.0501,2,0.0382,0.119,0.407,28,42,4.54,12.8,0.348,13996.55,0.306,32.76
UPI03660,Chennai,Android,Full,27,2y+,4,6.57,24,1542.35,3463.18,32401.8,0.52,0.438,10,11,7,0.3017,7,0.2,0.408,0.341,16,30,6.84,36.79,0.6,16023.42,0.279,100
UPI03661,Pune,Android,Full,24,1-2y,18,5.61,91,661.02,2022.11,51433.11,0.842,0.174,53,34,2,0.0315,1,0.0154,0.097,0.27,29,49,6.14,4.54,0.578,15386.56,0.476,21.04
UPI03662,Chennai,iOS,Minimum,21,1-2y,9,5.72,60,40,145.64,2544.99,0.478,0.529,28,30,28,0.35,8,0.1365,0.284,0.302,27,66,5.88,11.21,0.643,1067.05,0.246,99.68
UPI03663,Delhi,iOS,Full,4,0-6m,21,1.46,34,120.6,367.84,4466.95,0.485,0.518,18,12,1,0.0393,1,0.0382,0.178,0.308,53,94,6.39,22.55,0.399,3715.94,0.371,34.1
UPI03664,Kolkata,Android,Minimum,2,0-6m,18,5.52,96,284.52,864.83,25315.79,0.659,0.389,47,50,3,0.0393,0,0.0055,0.087,0.25,66,102,3.8,8.81,0.274,4999.23,0.294,22.95
UPI03665,Ahmedabad,Android,Minimum,16,1-2y,18,2.66,25,3458.79,10974.08,86152.69,0.679,0.332,7,23,3,0.1296,0,0.0096,0.17,0.262,31,48,7.49,32.08,0.332,45423.7,0.425,46.06
UPI03666,Bengaluru,iOS,Premium,23,1-2y,22,3.26,89,914.13,2492.93,87326.78,0.64,0.35,48,39,2,0.0308,0,0.005,0.113,0.309,32,39,4.02,6.82,0.5,56763.13,0.331,26.63
UPI03667,Pune,Android,Full,22,1-2y,4,1.39,9,636.98,1110.21,5089.32,0.328,0.638,0,9,0,0.0075,0,0.0005,0.067,0.301,14,24,5.72,81.39,0.127,3275.07,0.251,15.25
UPI03668,Hyderabad,Android,Full,24,1-2y,14,2.27,17,487.68,1283.2,7726.05,0.913,0.096,13,5,1,0.0693,0,0.0093,0.135,0.24,49,66,4.28,38.52,0.262,967.57,0.5,25.1
UPI03669,Kolkata,iOS,Minimum,10,6-12m,6,0.3,3,328.35,707.1,1123.65,0.318,0.73,0,3,1,0.3412,0,0.007,0.104,0.182,13,13,3.55,240.79,0.41,50,0.255,82.71
UPI03670,Pune,Android,Premium,15,1-2y,31,4.13,131,282.26,932.92,34861.11,0.625,0.364,69,61,1,0.0182,0,0.0008,0.096,0.26,82,141,7.31,4.11,0.343,22745.37,0.305,17.27
UPI03671,Ahmedabad,Android,Full,16,1-2y,7,1.06,14,487.46,1270.73,6877.78,0.478,0.445,10,5,2,0.1479,0,0.0014,0.058,0.449,12,20,2.2,51.14,0.319,1825.25,0.316,34.09
UPI03672,Mumbai,Android,Full,28,2y+,17,8.32,152,245.99,524.18,43377.73,0.619,0.379,95,51,5,0.0442,0,0.0002,0.151,0.354,57,73,5.14,3.99,0.191,28019.56,0.391,33.16
UPI03673,Chennai,iOS,Full,9,6-12m,15,4.86,54,660.3,2002.35,40730.03,0.804,0.203,29,27,3,0.0638,3,0.0654,0.137,0.245,47,98,6.33,15.17,0.479,2531.78,0.466,25.99
UPI03674,Chennai,Android,Full,16,1-2y,2,0.33,1,289.87,698.31,274.76,0.443,0.57,1,0,1,0.35,0,0.0014,0.021,0.442,5,5,5.49,250,0.35,50,0.28,71.62
UPI03675,Hyderabad,iOS,Minimum,19,1-2y,21,3.33,52,4625.41,9951.99,214553.02,0.559,0.419,28,26,7,0.1393,1,0.029,0.075,0.348,38,61,2.89,17.07,0.236,113239.05,0.329,38.68
UPI03676,Ahmedabad,Android,Full,11,6-12m,3,1.15,4,507.92,1488.77,1809.49,0.63,0.302,2,3,1,0.2646,1,0.2,0.035,0.493,3,5,3.49,177.45,0.396,290.92,0.442,78.47
UPI03677,Bengaluru,iOS,Premium,11,6-12m,10,1.47,9,659.83,2391.76,6939.8,0.398,0.605,3,3,5,0.35,0,0.009,0.058,0.466,23,28,5.33,75.81,0.531,7429.4,0.293,73.13
UPI03678,Chennai,Android,Full,26,2y+,27,9.53,222,104.83,223.64,24553.64,0.523,0.483,122,100,3,0.0151,2,0.0103,0.126,0.386,51,122,4.66,5.5,0.33,11695.94,0.316,20.06
UPI03679,Bengaluru,iOS,Minimum,15,1-2y,21,6.52,146,959.73,2866.48,125346.61,0.802,0.22,79,63,4,0.0287,1,0.0069,0.194,0.215,38,77,4.73,2.42,0.469,19557.47,0.352,20.85
UPI03680,Kolkata,Android,Full,30,2y+,31,4.46,156,690.37,1506.68,120734.39,0.567,0.453,76,80,3,0.0295,1,0.0133,0.093,0.248,71,88,2.79,3.34,0.14,78355.32,0.247,13.54
UPI03681,Kolkata,Android,Full,1,0-6m,20,12.52,264,244.78,696.69,56520.18,0.62,0.372,155,111,6,0.0337,2,0.0136,0.093,0.288,69,143,4.35,5.95,0.423,11542.31,0.328,38.39
UPI03682,Delhi,Android,Full,1,0-6m,17,1.28,18,5596.84,14864.83,117781.43,0.701,0.302,0,17,2,0.1194,0,0.0017,0.031,0.186,43,56,5.88,37.35,0.243,13516.12,0.413,27.55
UPI03683,Pune,iOS,Minimum,26,2y+,11,2.71,32,963.51,2804.31,30786.31,0.561,0.473,13,16,6,0.1975,2,0.0664,0.081,0.385,17,23,6.65,21.28,0.618,16616.08,0.398,52.35
UPI03684,Ahmedabad,Android,Minimum,8,6-12m,22,5.11,114,222.32,503.08,25667.88,0.472,0.485,41,69,1,0.02,1,0.0184,0.112,0.278,65,107,3.77,5.96,0.309,17969.05,0.352,27.01
UPI03685,Mumbai,Android,Full,23,1-2y,11,4.66,54,942.83,1902.52,56846.73,0.517,0.493,19,34,0,0.0059,3,0.0639,0.123,0.201,14,25,5.43,16.27,0.447,36258.2,0.355,21.13
UPI03686,Bengaluru,Android,Premium,25,2y+,23,6.66,155,109.34,338.65,15416.03,0.485,0.488,80,73,5,0.0445,0,0.0005,0.091,0.371,74,93,4.86,2.72,0.458,7341.76,0.351,39.86
UPI03687,Ahmedabad,Android,Minimum,1,0-6m,15,4.51,77,453.93,977.56,34375.73,0.837,0.141,44,27,5,0.0744,2,0.035,0.116,0.245,35,44,4.2,12.05,0.253,4452.57,0.428,34.36
UPI03688,Hyderabad,Android,Full,22,1-2y,27,2.95,73,206.3,673.78,15335.17,0.526,0.466,34,39,4,0.0555,3,0.0416,0.188,0.366,65,137,5.64,6.82,0.516,3914.97,0.251,27.79
UPI03689,Delhi,Android,Premium,1,0-6m,30,4.69,126,118.83,272.39,17300.33,0.541,0.415,76,51,3,0.035,1,0.0128,0.053,0.335,115,269,7.32,6.84,0.15,5796.07,0.381,25.16
UPI03690,Chennai,Android,Premium,6,0-6m,26,6.03,151,146.86,496.56,25017.51,0.58,0.438,90,60,8,0.063,4,0.0327,0.056,0.294,89,218,4.52,1.83,0.609,15557.71,0.303,32.67
UPI03691,Hyderabad,Android,Minimum,18,1-2y,19,2.95,70,1051.23,2802.61,78553.03,0.527,0.429,35,36,3,0.0431,1,0.0144,0.063,0.358,50,84,5.78,8.9,0.228,33420.89,0.397,19.91
UPI03692,Pune,iOS,Full,26,2y+,15,4.99,87,728.87,1909.05,68830.13,0.929,0.094,65,24,4,0.0568,1,0.0133,0.054,0.337,50,103,5.82,8.81,0.435,12139.25,0.434,23.93
UPI03693,Hyderabad,iOS,Minimum,24,1-2y,3,0.78,1,199.78,520.77,173.72,0.41,0.581,0,1,4,0.35,0,0.0089,0.047,0.342,2,3,3.62,250,0.236,50,0.328,74.06
UPI03694,Mumbai,Android,Full,45,2y+,15,4.33,59,2359.06,5755.86,153691.27,0.637,0.336,37,24,1,0.0281,1,0.0194,0.126,0.218,24,27,6.15,11.0,0.193,74070.2,0.384,26.14
UPI03695,Delhi,Android,Full,23,1-2y,5,1.12,2,20,40.57,100,0.323,0.626,0,2,1,0.35,0,0.0068,0.142,0.506,10,10,5.57,250,0.248,50,0.252,80.58
UPI03696,Mumbai,Android,Minimum,23,1-2y,8,1.47,1,513.08,1785.16,478.35,0.476,0.546,0,0,1,0.35,0,0.0057,0.075,0.35,10,15,3.79,250,0.473,50,0.317,81.59
UPI03697,Hyderabad,iOS,Full,18,1-2y,26,4.46,139,720.54,1618.96,85826.84,0.833,0.194,103,33,7,0.0544,3,0.0261,0.042,0.284,49,90,6.35,3.81,0.081,59874.09,0.428,22.24
UPI03698,Delhi,Android,Full,11,6-12m,26,2.33,53,375.29,928.94,17406.35,0.696,0.325,36,15,0,0.0025,3,0.0604,0.111,0.253,73,98,7.49,16.35,0.272,13520.05,0.397,11.52
UPI03699,Delhi,Android,Full,11,6-12m,18,3.24,75,823.4,1681.0,54645.43,0.837,0.152,44,30,0,0.002,0,0.0021,0.13,0.304,51,66,5.38,12.32,0.114,15181.27,0.386,6.55
UPI03700,Mumbai,iOS,Full,25,2y+,13,10.9,137,2671.02,7405.01,414789.32,0.493,0.433,47,92,12,0.1017,3,0.0238,0.556,0.457,37,72,7.56,3.75,0.584,129698.52,0.315,70.33
UPI03701,Ahmedabad,Android,Full,14,1-2y,16,3.12,37,3314.79,9193.13,127480.21,0.813,0.213,17,22,4,0.1179,1,0.0276,0.141,0.192,39,68,2.9,21.66,0.46,14533.6,0.438,29.14
UPI03702,Kolkata,iOS,Full,25,2y+,8,0.86,5,547.54,1403.87,2739.47,0.569,0.465,0,2,0,0.0051,0,0.0085,0.125,0.364,18,30,3.61,147.17,0.332,2657.36,0.317,14.48
UPI03703,Kolkata,Android,Full,30,2y+,10,1.52,1,710.51,2170.76,717.31,0.341,0.64,1,0,1,0.35,0,0.0099,0.109,0.201,14,23,4.3,250,0.398,50,0.169,80.35
UPI03704,Bengaluru,Android,Premium,9,6-12m,16,3.76,69,788.96,2234.82,48780.34,0.526,0.473,47,23,5,0.0748,2,0.0334,0.098,0.345,30,47,5.78,9.36,0.525,12501.56,0.354,36.84
UPI03705,Chennai,Android,Full,1,0-6m,20,4.08,63,5629.74,13502.55,392207.44,0.62,0.338,40,25,2,0.0385,2,0.0416,0.132,0.326,40,72,4.96,11.37,0.448,161242.1,0.339,31.57
UPI03706,Kolkata,iOS,Full,2,0-6m,25,8.67,222,41.64,107.68,7975.05,0.681,0.354,112,104,6,0.0286,0,0.0082,0.175,0.268,75,90,5.0,1.48,0.255,5581.88,0.39,26.35
UPI03707,Mumbai,Android,Full,1,0-6m,27,7.7,247,232.12,532.35,67429.86,0.53,0.471,117,125,5,0.0232,3,0.019,0.1,0.394,78,105,6.7,0.2,0.231,39623.26,0.306,35.94
UPI03708,Pune,Android,Minimum,22,1-2y,23,7.41,188,853.23,2355.73,133091.41,0.556,0.533,68,122,9,0.0637,4,0.0239,0.753,0.523,95,145,9.42,3.36,0.55,77324.69,0.327,50.23
UPI03709,Mumbai,Android,Full,19,1-2y,3,1.15,2,422.02,1114.41,977.85,0.372,0.56,0,0,0,0.0127,0,0.0086,0.086,0.232,7,9,1.89,250,0.145,1619.1,0.216,26.83
UPI03710,Delhi,iOS,Full,1,0-6m,10,1.57,27,2011.55,4908.72,50368.33,0.627,0.418,22,6,8,0.3103,0,0.0038,0.036,0.185,19,24,6.12,24.29,0.417,19994.35,0.332,68.83
UPI03711,Kolkata,Android,Full,16,1-2y,18,4.53,99,799.98,2083.17,79966.33,0.854,0.14,78,20,6,0.069,0,0.0034,0.198,0.423,56,91,5.04,4.41,0.406,23858.32,0.391,24.85
UPI03712,Bengaluru,Android,Full,24,1-2y,6,4.79,29,690.55,1940.39,17694.96,0.655,0.308,5,25,6,0.2155,3,0.1041,0.144,0.273,10,15,2.95,24.2,0.371,9719.27,0.324,67.91
UPI03713,Mumbai,Android,Full,21,1-2y,16,12.12,200,1585.11,7510.07,304591.38,0.607,0.31,87,113,15,0.0869,2,0.0196,0.666,0.526,73,199,4.72,1.61,0.791,101405.03,0.373,56.76
UPI03714,Pune,Android,Full,28,2y+,18,3.77,60,426.48,1277.72,23145.79,0.516,0.481,21,47,0,0.0041,0,0.0095,0.132,0.276,39,71,4.1,16.51,0.417,10186.91,0.368,26.18
UPI03715,Ahmedabad,iOS,Full,26,2y+,19,6.24,122,1058.36,2897.15,118561.52,0.308,0.621,27,98,31,0.264,2,0.0226,0.482,0.407,73,159,8.4,1.48,0.456,14900.85,0.202,87.81
UPI03716,Kolkata,Android,Minimum,7,6-12m,20,3.66,98,750.88,1684.8,66079.93,0.667,0.376,63,34,0,0.0058,1,0.0192,0.079,0.242,29,56,8.24,13.42,0.521,24469.01,0.366,30.94
UPI03717,Bengaluru,Android,Full,3,0-6m,24,3.62,90,2306.91,6459.24,239652.37,0.634,0.356,48,41,1,0.0155,0,0.0031,0.098,0.203,50,59,3.37,6.88,0.66,110205.93,0.318,33.39
UPI03718,Pune,Android,Full,8,6-12m,4,2.08,7,2669.6,11493.33,19335.41,0.526,0.41,6,0,2,0.2901,4,0.2,0.44,0.549,10,28,9.33,104.24,0.993,15131.47,0.415,96.16
UPI03719,Ahmedabad,Android,Full,26,2y+,16,0.96,18,979.8,3136.03,18151.07,0.67,0.323,14,0,4,0.223,1,0.0594,0.056,0.299,24,31,2.74,42.73,0.412,9817.91,0.392,50.97
UPI03720,Kolkata,iOS,Full,11,6-12m,21,7.43,148,139.09,519.74,23265.67,0.546,0.474,60,87,4,0.0363,1,0.0134,0.172,0.251,66,111,2.71,5.14,0.666,4993.62,0.293,34.85
UPI03721,Mumbai,Android,Premium,4,0-6m,19,6.88,147,410.76,1030.75,57705.03,0.521,0.465,60,89,2,0.0221,3,0.0277,0.134,0.249,45,73,3.27,5.18,0.365,34374.79,0.307,28.94
UPI03722,Delhi,Android,Full,1,0-6m,18,5.5,108,4626.58,13899.58,557678.12,0.589,0.37,58,55,1,0.013,0,0.005,0.03,0.207,33,43,4.33,8.49,0.409,350000,0.351,26.19
UPI03723,Chennai,iOS,Minimum,18,1-2y,31,5.13,162,212.42,441.32,34573.82,0.703,0.323,91,72,7,0.0447,3,0.028,0.087,0.346,103,206,9.1,9.12,0.488,10123.52,0.319,22.27
UPI03724,Delhi,Android,Minimum,18,1-2y,4,0.94,2,433.93,1066.93,942.03,0.384,0.583,0,2,0,0.0091,1,0.2,0.106,0.428,10,16,4.03,250,0.414,74.04,0.278,34.75
UPI03725,Pune,Android,Minimum,11,6-12m,17,3.45,73,672.42,2187.73,47424.35,0.605,0.358,20,50,6,0.0901,2,0.0302,0.089,0.256,28,37,1,5.09,0.551,30866.18,0.33,33.92
UPI03726,Mumbai,Android,Full,11,6-12m,11,19.11,230,975.22,4269.03,235620.09,0.493,0.404,95,132,8,0.0559,3,0.0176,0.672,0.489,28,49,5.74,2.54,0.62,118729.35,0.38,75.07
UPI03727,Kolkata,iOS,Full,45,2y+,16,6.46,100,4146.23,13364.6,340250.58,0.578,0.47,37,65,0,0.0099,0,0.0041,0.07,0.32,39,48,5.25,10.3,0.439,112219.27,0.321,24.63
UPI03728,Ahmedabad,Android,Minimum,18,1-2y,5,0.05,1,355.16,1013.87,360.61,0.318,0.664,0,0,3,0.35,2,0.2,0.025,0.31,11,12,2.35,250,0.415,427.79,0.25,94.5
UPI03729,Ahmedabad,Android,Premium,1,0-6m,28,9.38,232,121.57,273.28,28868.11,0.658,0.297,90,144,2,0.02,3,0.0206,0.213,0.247,75,120,7.76,0.2,0.257,22865.94,0.359,32.0
UPI03730,Mumbai,Android,Full,45,2y+,4,1.48,6,316.83,1014.8,1792.4,0.575,0.452,1,2,0,0.0026,0,0.0062,0.05,0.215,10,17,3.59,117.09,0.353,253.87,0.243,11.69
UPI03731,Ahmedabad,Android,Premium,22,1-2y,16,5.96,70,1366.02,2491.13,109408.02,0.883,0.135,49,21,5,0.0856,4,0.0621,0.098,0.274,34,61,5.8,9.19,0.262,55110.84,0.478,35.79
UPI03732,Hyderabad,Android,Minimum,27,2y+,3,1.74,6,476.31,1263.85,2479.4,0.516,0.422,3,0,3,0.35,0,0.0075,0.136,0.22,9,11,1.99,120.62,0.31,3302.61,0.344,84.22
UPI03733,Ahmedabad,Android,Minimum,18,1-2y,7,1.0,4,173.2,383.02,657.43,0.342,0.584,0,0,0,0.0052,0,0.006,0.091,0.344,16,21,5.84,181.47,0.178,1289.41,0.278,23.3
UPI03734,Chennai,Android,Full,25,2y+,28,2.66,60,201.06,615.24,10881.52,0.79,0.191,38,26,7,0.1315,4,0.0687,0.167,0.34,58,89,6.01,8.45,0.326,6593.24,0.487,47.03
UPI03735,Ahmedabad,Android,Full,23,1-2y,20,7.18,150,97.53,310.27,14039.6,0.537,0.458,83,65,3,0.0349,0,0.0059,0.198,0.259,66,82,7.87,2.84,0.591,1732.97,0.384,25.51
UPI03736,Bengaluru,iOS,Premium,16,1-2y,7,1.29,10,630.55,1460.58,6696.76,0.527,0.416,4,8,0,0.0087,0,0.0046,0.042,0.446,11,13,5.04,73.49,0.328,2031.84,0.348,15.8
UPI03737,Kolkata,Android,Full,12,6-12m,3,2.65,9,366.31,947.98,3067.42,0.545,0.399,6,9,1,0.1143,0,0.0009,0.14,0.265,4,6,4.37,81.15,0.425,380.81,0.359,42.65
UPI03738,Hyderabad,Android,Minimum,15,1-2y,9,3.44,22,220.58,669.95,5518.19,0.654,0.359,9,11,0,0.0141,1,0.0475,0.056,0.381,17,27,3.77,34.01,0.35,4803.99,0.423,17.78
UPI03739,Chennai,Android,Full,11,6-12m,21,4.29,99,253.53,522.51,22824.5,0.851,0.122,83,16,2,0.0353,4,0.0488,0.107,0.397,55,114,4.8,4.67,0.232,6662.34,0.415,26.86
UPI03740,Pune,Android,Full,35,2y+,15,3.43,48,70.72,126.26,3736.13,0.501,0.488,24,21,8,0.1817,0,0.0068,0.1,0.34,27,35,5.73,12.16,0.241,251.74,0.363,45.18
UPI03741,Ahmedabad,Android,Premium,16,1-2y,17,0.86,15,3161.41,7464.61,50740.63,0.687,0.37,8,1,5,0.3347,0,0.0043,0.176,0.372,33,56,4.66,49.72,0.309,22182.07,0.419,71.15
UPI03742,Delhi,Android,Full,9,6-12m,16,9.66,172,3055.46,8944.7,610320.13,0.512,0.542,47,127,2,0.0288,0,0.0005,0.741,0.331,51,138,1,2.62,0.785,111534.21,0.253,44.9
UPI03743,Chennai,Android,Minimum,19,1-2y,23,6.03,160,114.06,227.49,16999.69,0.691,0.32,70,93,8,0.0615,3,0.0228,0.103,0.248,92,168,5.91,5.46,0.323,5658.01,0.323,32.09
UPI03744,Ahmedabad,Android,Minimum,1,0-6m,23,5.39,133,611.15,1962.95,68769.77,0.8,0.213,94,36,1,0.0144,1,0.0162,0.096,0.297,52,71,3.79,5.71,0.506,17869.86,0.387,14.42
UPI03745,Pune,iOS,Full,15,1-2y,23,6.54,154,251.48,654.5,45364.48,0.841,0.185,116,37,3,0.0347,2,0.0177,0.172,0.407,51,106,5.95,2.11,0.418,32876.83,0.501,23.8
UPI03746,Pune,iOS,Full,17,1-2y,17,3.99,79,553.68,1265.14,41323.36,0.501,0.525,39,40,3,0.042,0,0.0092,0.107,0.252,38,49,3.19,5.62,0.249,9886.44,0.263,27.93
UPI03747,Ahmedabad,Android,Full,6,0-6m,19,2.99,84,603.25,603.25,52062.65,0.652,0.312,29,56,6,0.0819,1,0.0189,0.061,0.397,47,52,4.32,11.08,0.079,20308.96,0.377,36.28
UPI03748,Kolkata,Android,Full,1,0-6m,15,4.05,67,1927.03,3970.86,123561.19,0.637,0.405,37,31,0,0.0087,0,0.0054,0.071,0.244,32,48,3.04,7.52,0.233,69310.29,0.333,23.43
UPI03749,Pune,Android,Full,20,1-2y,21,9.16,182,979.63,3199.9,166173.74,0.435,0.655,67,117,11,0.0768,3,0.0174,0.305,0.698,86,189,11.72,6.31,0.628,94575.15,0.376,46.49
UPI03750,Bengaluru,Android,Full,10,6-12m,9,2.31,24,3170.4,9916.06,88419.34,0.691,0.251,10,13,5,0.2218,1,0.0516,0.176,0.369,18,32,3.94,29.63,0.541,9108.01,0.412,57.25
UPI03751,Ahmedabad,Android,Full,16,1-2y,24,5.99,169,255.34,527.41,37598.21,0.818,0.187,84,87,2,0.025,3,0.0265,0.046,0.348,47,57,4.69,8.78,0.249,13786.07,0.499,20.08
UPI03752,Kolkata,Android,Minimum,24,1-2y,21,2.63,64,3705.28,9222.77,212307.19,0.681,0.366,27,28,2,0.043,1,0.0213,0.06,0.238,41,72,1.34,12.08,0.05,92935.64,0.376,28.61
UPI03753,Pune,Android,Full,23,1-2y,2,1.81,5,317.32,769.28,1832.16,0.61,0.334,3,1,1,0.2055,0,0.0072,0.137,0.46,3,3,4.64,149.49,0.208,2164.5,0.32,55.67
UPI03754,Chennai,Android,Minimum,16,1-2y,15,5.72,90,4009.26,11606.68,392572.02,0.677,0.33,40,50,5,0.0697,2,0.0321,0.074,0.375,17,31,4.19,3.84,0.508,69489.3,0.323,22.99
UPI03755,Delhi,Android,Full,23,1-2y,12,4.03,39,1402.67,3233.66,57205.14,0.405,0.482,5,38,9,0.2438,3,0.0844,0.361,0.54,70,104,6.94,11.84,0.427,33866.6,0.304,75.04
UPI03756,Delhi,Android,Full,17,1-2y,19,4.84,71,237.98,662.98,16419.28,0.52,0.524,33,38,5,0.0821,0,0.0048,0.151,0.368,62,115,6.0,4.73,0.576,10029.01,0.344,46.99
UPI03757,Hyderabad,Android,Full,13,1-2y,22,5.83,127,1214.31,3668.5,143204.37,0.797,0.215,66,59,3,0.0319,2,0.0171,0.146,0.286,42,65,4.97,3.93,0.66,86295.74,0.361,21.1
UPI03758,Kolkata,Android,Full,13,1-2y,21,9.68,239,84.29,174.6,21676.08,0.568,0.418,134,99,5,0.0217,0,0.0033,0.166,0.266,72,131,5.18,5.83,0.175,11601.99,0.381,34.67
UPI03759,Mumbai,Android,Full,32,2y+,21,14.15,279,2839.68,11606.98,900000,0.386,0.645,79,200,19,0.0854,6,0.0315,0.605,0.425,75,191,10.6,0.2,0.643,350000,0.277,71.5
UPI03760,Kolkata,iOS,Minimum,26,2y+,21,2.6,48,3425.2,7264.97,147911.77,0.763,0.251,36,8,0,0.0055,0,0.0076,0.059,0.274,47,69,4.07,15.17,0.193,110333.09,0.339,3.7
UPI03761,Chennai,Android,Premium,25,2y+,21,2.61,50,473.97,860.83,25026.96,0.817,0.166,21,29,3,0.0612,0,0.0008,0.051,0.387,49,62,7.48,13.68,0.331,17450.27,0.36,22.07
UPI03762,Kolkata,Android,Full,8,6-12m,20,4.66,94,363.63,543.87,38724.14,0.481,0.519,27,65,4,0.044,2,0.0246,0.122,0.368,47,78,3.38,1.06,0.373,22196.45,0.292,34.94
UPI03763,Hyderabad,iOS,Premium,9,6-12m,2,1.94,3,274.65,495.94,763.1,0.445,0.587,3,0,3,0.35,0,0.0013,0.084,0.445,7,9,4.36,240.88,0.235,2272.14,0.276,62.7
UPI03764,Ahmedabad,Android,Minimum,11,6-12m,2,0.89,2,837.11,2793.15,1603.23,0.614,0.388,0,0,3,0.35,0,0.0004,0.127,0.503,4,4,4.83,250,0.48,296.21,0.332,73.78
UPI03765,Mumbai,Android,Minimum,26,2y+,11,5.74,72,1178.12,4158.05,70532.04,0.784,0.211,40,37,4,0.0645,0,0.0097,0.054,0.293,26,38,5.24,12.1,0.549,29852.9,0.425,33.21
UPI03766,Ahmedabad,Android,Full,16,1-2y,3,1.8,4,177.31,401.76,620.15,0.596,0.347,4,0,3,0.35,1,0.2,0.053,0.353,5,6,4.3,175.43,0.344,2426.71,0.272,92.83
UPI03767,Chennai,Android,Full,28,2y+,11,1.35,11,482.92,1112.69,4560.55,0.364,0.712,0,11,4,0.35,2,0.1888,0.025,0.214,19,26,5.4,64.6,0.193,3389.96,0.175,90.37
UPI03768,Ahmedabad,Android,Minimum,29,2y+,12,0.05,1,20,50.62,100,0.495,0.579,1,0,3,0.35,1,0.2,0.09,0.353,20,31,2.6,250,0.364,50,0.277,90.29
UPI03769,Mumbai,Android,Full,16,1-2y,14,4.42,58,694.78,2413.07,39705.98,0.871,0.108,47,11,5,0.0921,2,0.0378,0.047,0.237,28,50,6.81,10.58,0.295,14263.73,0.438,32.97
UPI03770,Bengaluru,iOS,Premium,8,6-12m,3,11.13,32,297.58,966.32,8620.41,0.544,0.495,11,16,19,0.35,5,0.1568,0.402,0.54,10,20,4.6,27.57,0.533,5668.19,0.318,100
UPI03771,Ahmedabad,Android,Full,15,1-2y,25,3.51,79,1067.01,1993.15,76039.63,0.907,0.09,60,16,2,0.0379,1,0.0209,0.057,0.205,70,140,5.05,10.75,0.376,19905.47,0.379,19.3
UPI03772,Pune,Android,Premium,43,2y+,25,5.46,130,188.63,479.05,24217.02,0.622,0.343,52,76,2,0.0218,0,0.0014,0.217,0.364,64,90,5.65,9.33,0.471,13163.26,0.372,29.66
UPI03773,Delhi,Android,Minimum,19,1-2y,24,2.62,81,837.41,1781.51,65959.98,0.681,0.318,39,43,2,0.0328,2,0.0295,0.042,0.244,58,94,4.89,11.57,0.05,10667.47,0.304,18.63
UPI03774,Ahmedabad,Android,Minimum,17,1-2y,14,4.54,61,4359.17,6481.6,279145.94,0.802,0.194,38,20,3,0.0642,0,0.0052,0.138,0.196,37,49,4.75,12.61,0.173,97563.6,0.328,23.65
UPI03775,Ahmedabad,Android,Minimum,6,0-6m,14,2.78,50,3366.74,7448.84,179119.49,0.553,0.398,29,17,1,0.0267,0,0.0005,0.103,0.22,33,56,3.96,14.34,0.152,97986.93,0.376,19.51
UPI03776,Kolkata,iOS,Full,13,1-2y,31,5.46,169,165.72,416.21,29834.04,0.702,0.256,89,81,0,0.0065,3,0.0179,0.214,0.237,84,102,6.27,5.84,0.267,20564.58,0.406,25.76
UPI03777,Bengaluru,Android,Full,15,1-2y,28,4.88,121,104.99,257.72,10765.61,0.608,0.42,67,49,3,0.0354,0,0.0078,0.089,0.223,69,102,6.28,4.8,0.451,6437.74,0.367,18.59
UPI03778,Hyderabad,Android,Minimum,25,2y+,19,5.44,111,85.72,230.05,8486.88,0.7,0.313,68,43,8,0.0809,0,0.0002,0.189,0.232,58,69,1.6,7.22,0.446,3857.97,0.296,37.96
UPI03779,Kolkata,Android,Minimum,15,1-2y,25,6.82,156,235.74,498.45,41574.03,0.503,0.51,58,94,3,0.0341,1,0.0154,0.154,0.244,70,98,7.21,1.46,0.165,27817.46,0.237,32.19
UPI03780,Pune,Android,Minimum,3,0-6m,8,1.41,16,615.86,2208.77,10760.62,0.548,0.45,15,0,1,0.0766,0,0.005,0.049,0.48,12,13,4.48,42.81,0.305,3190.94,0.372,27.09
UPI03781,Bengaluru,iOS,Full,22,1-2y,23,2.54,47,913.72,2736.6,37307.37,0.6,0.42,22,24,4,0.0933,0,0.0068,0.118,0.23,42,59,1,15.84,0.497,12735.02,0.336,34.33
UPI03782,Ahmedabad,iOS,Full,19,1-2y,11,0.08,1,502.15,1785.56,481.18,0.328,0.691,0,1,0,0.0102,1,0.2,0.133,0.478,20,21,3.04,250,0.368,50,0.317,33.67
UPI03783,Mumbai,Android,Full,13,1-2y,21,9.3,167,316.15,874.35,43578.5,0.516,0.507,86,81,4,0.0277,1,0.007,0.157,0.376,70,156,2.86,1.8,0.279,27374.61,0.366,28.77
UPI03784,Pune,Android,Minimum,24,1-2y,4,8.77,31,40,113.37,1371.88,0.542,0.544,10,21,23,0.35,0,0.0064,0.486,0.333,18,46,6.65,20.63,0.514,2238.1,0.319,98.92
UPI03785,Mumbai,Android,Full,17,1-2y,15,5.7,81,803.88,1759.43,68287.72,0.895,0.108,64,19,7,0.0924,0,0.0005,0.149,0.41,33,43,5.67,5.95,0.216,19457.07,0.449,28.51
UPI03786,Hyderabad,Android,Minimum,15,1-2y,26,5.35,139,127.61,339.54,15905.93,0.551,0.497,53,84,5,0.0477,1,0.0105,0.134,0.343,64,135,4.34,4.98,0.473,7966.69,0.291,29.2
UPI03787,Kolkata,Android,Minimum,19,1-2y,12,8.04,85,392.32,1309.65,33435.23,0.51,0.426,25,65,5,0.0716,9,0.1125,0.563,0.332,20,42,4.75,7.67,0.645,7704.94,0.333,66.81
UPI03788,Mumbai,Android,Full,9,6-12m,22,3.97,74,430.31,888.37,30957.84,0.641,0.403,35,42,0,0.0059,3,0.0444,0.106,0.245,45,62,3.08,7.58,0.279,14647.31,0.291,25.33
UPI03789,Bengaluru,Android,Full,6,0-6m,16,3.8,53,370.44,1033.68,17629.23,0.499,0.508,21,29,4,0.0824,2,0.0383,0.166,0.391,32,58,7.28,11.71,0.288,8684.84,0.3,45.08
UPI03790,Mumbai,Android,Minimum,4,0-6m,15,6.23,99,1037.03,2603.47,87159.24,0.806,0.166,73,24,2,0.0265,0,0.0053,0.115,0.353,37,70,5.97,13.15,0.329,27508.41,0.347,10.59
UPI03791,Kolkata,Android,Full,18,1-2y,10,7.57,86,821.33,2511.55,78261.08,0.622,0.38,48,39,9,0.1082,1,0.0146,0.109,0.224,15,23,8.02,9.51,0.559,35650.42,0.263,48.91
UPI03792,Mumbai,iOS,Full,26,2y+,19,2.35,21,1323.16,3248.27,28242.46,0.691,0.331,15,5,2,0.1086,0,0.0093,0.075,0.345,39,43,4.25,36.35,0.365,15059.58,0.332,21.86
UPI03793,Pune,Android,Full,20,1-2y,24,5.14,121,255.29,556.14,26374.48,0.524,0.43,53,66,7,0.0724,1,0.0134,0.16,0.361,59,121,3.01,5.88,0.157,8645.05,0.387,13.36
UPI03794,Mumbai,Android,Minimum,1,0-6m,20,3.81,83,6144.25,11714.06,503122.28,0.731,0.274,42,41,2,0.0293,0,0.0032,0.069,0.371,46,67,3.26,10.75,0.207,106390.03,0.472,26.77
UPI03795,Ahmedabad,Android,Minimum,21,1-2y,21,10.96,213,190.86,438.26,45373.46,0.712,0.33,105,106,6,0.0284,2,0.0113,0.096,0.223,82,155,8.9,6.17,0.321,21818.62,0.291,30.11
UPI03796,Pune,Android,Full,23,1-2y,7,0.68,1,584.75,1628.88,504.01,0.512,0.549,0,0,0,0.0072,0,0.0039,0.132,0.489,8,11,3.76,250,0.362,1289.13,0.275,23.6
UPI03797,Hyderabad,iOS,Full,28,2y+,7,0.98,7,364.19,777.34,2797.63,0.542,0.493,0,7,1,0.1522,1,0.1454,0.143,0.49,12,21,3.32,100.41,0.343,5007.06,0.345,52.56
UPI03798,Kolkata,iOS,Full,1,0-6m,19,5.75,129,172.64,427.25,20773.85,0.589,0.389,72,59,3,0.026,0,0.0023,0.189,0.262,49,81,4.25,9.78,0.606,5808.55,0.268,31.01
UPI03799,Kolkata,iOS,Full,9,6-12m,21,2.91,63,828.77,2744.36,54042.78,0.451,0.594,26,34,1,0.0168,0,0.0006,0.174,0.278,52,69,5.91,11.8,0.485,6312.5,0.324,15.43
UPI03800,Chennai,iOS,Full,5,0-6m,15,5.85,87,956.63,3522.14,72149.09,0.492,0.522,44,43,3,0.0464,2,0.0315,0.042,0.236,28,35,4.15,9.09,0.762,13489.24,0.25,39.18
UPI03801,Pune,Android,Full,10,6-12m,4,1.75,3,641.12,1871.04,1922.11,0.509,0.563,0,3,3,0.35,1,0.2,0.061,0.34,8,14,4.13,242.68,0.356,50,0.249,98.68
UPI03802,Kolkata,Android,Full,22,1-2y,25,3.42,96,240.89,638.37,24763.09,0.531,0.433,52,48,1,0.0198,2,0.0215,0.187,0.307,88,187,3.03,8.76,0.39,14481.08,0.361,20.33
UPI03803,Kolkata,Android,Minimum,9,6-12m,22,7.02,156,264.8,774.38,37039.5,0.645,0.352,76,79,4,0.0364,2,0.0182,0.175,0.396,75,108,5.12,5.32,0.318,21538.27,0.369,33.05
UPI03804,Mumbai,Android,Minimum,29,2y+,23,7.22,156,1077.56,3146.26,188609.31,0.816,0.18,113,37,2,0.0255,2,0.0174,0.145,0.232,45,93,7.07,6.98,0.325,125776.28,0.397,23.99
UPI03805,Kolkata,Android,Full,15,1-2y,6,1.43,4,614.46,1289.66,2605.28,0.391,0.535,0,4,0,0.0032,0,0.0035,0.033,0.407,8,9,3.56,181.27,0.116,1104.78,0.241,1
UPI03806,Ahmedabad,iOS,Minimum,8,6-12m,24,6.95,175,171.81,521.03,31729.68,0.491,0.526,70,110,3,0.0322,0,0.0034,0.066,0.222,91,189,2.67,5.01,0.332,12891.91,0.342,22.7
UPI03807,Mumbai,Android,Premium,15,1-2y,27,3.78,149,318.63,768.62,46228.79,0.544,0.498,70,76,5,0.0398,1,0.0126,0.074,0.32,51,94,4.67,2.86,0.311,25461.62,0.309,25.37
UPI03808,Delhi,Android,Full,25,2y+,9,1.49,14,365.48,1112.83,4983.38,0.454,0.605,7,10,0,0.0059,1,0.0751,0.049,0.449,20,20,5.18,49.25,0.399,3554.61,0.271,35.4
UPI03809,Ahmedabad,iOS,Minimum,17,1-2y,20,5.66,104,1055.33,3318.04,98071.28,0.81,0.174,69,26,2,0.0265,1,0.0147,0.161,0.222,61,124,6.55,3.92,0.63,63494.95,0.441,16.35
UPI03810,Pune,Android,Minimum,13,1-2y,15,1.24,16,5683.83,17707.12,96372.82,0.661,0.378,0,16,2,0.1309,1,0.0717,0.113,0.25,24,36,6.98,45.65,0.282,39730.97,0.367,37.25
UPI03811,Bengaluru,Android,Minimum,28,2y+,6,3.8,26,1524.23,4299.05,45318.74,0.892,0.08,24,1,0,0.0127,1,0.0443,0.13,0.224,23,29,3.62,27.64,0.349,14743.71,0.371,21.17
UPI03812,Chennai,Android,Full,24,1-2y,27,1.64,62,528.99,809.84,36568.05,0.483,0.487,32,31,2,0.0389,0,0.0046,0.13,0.202,37,71,5.31,12.14,0.332,17538.7,0.283,9.75
UPI03813,Pune,iOS,Full,25,2y+,31,5.97,165,221.19,887.56,38668.13,0.69,0.321,95,75,5,0.0404,0,0.0036,0.175,0.233,102,172,9.28,0.54,0.416,14256.58,0.419,21.49
UPI03814,Chennai,Android,Full,20,1-2y,21,7.28,164,325.53,604.25,53366.66,0.677,0.317,76,90,11,0.074,2,0.0165,0.054,0.313,76,151,9.23,2.6,0.241,7028.91,0.342,18.93
UPI03815,Hyderabad,Android,Full,16,1-2y,22,2.34,58,1266.25,2430.17,62780.21,0.847,0.143,26,34,3,0.0534,0,0.0004,0.049,0.281,68,120,6.29,8.4,0.243,39351.64,0.417,5.25
UPI03816,Pune,Android,Full,22,1-2y,16,4.58,74,3373.03,7464.35,252493.22,0.558,0.48,25,51,0,0.0017,1,0.0214,0.077,0.318,25,36,2.25,8.03,0.162,166823.3,0.298,22.18
UPI03817,Bengaluru,iOS,Minimum,1,0-6m,23,7.81,183,182.69,373.69,37928.04,0.532,0.504,69,110,8,0.057,1,0.0081,0.113,0.298,67,94,6.51,2.62,0.276,5180.91,0.384,37.2
UPI03818,Mumbai,iOS,Minimum,43,2y+,15,5.27,78,467.91,1595.17,34426.25,0.495,0.49,36,41,5,0.0667,2,0.0294,0.174,0.402,29,48,1.85,12.26,0.532,19833.08,0.266,37.65
UPI03819,Hyderabad,iOS,Full,40,2y+,21,6.83,174,287.76,612.35,47734.94,0.713,0.332,129,43,2,0.0204,4,0.0265,0.132,0.33,61,125,6.85,0.2,0.444,19976.03,0.337,24.7
UPI03820,Chennai,Android,Full,7,6-12m,10,14.33,138,2181.96,5064.82,324604.5,0.523,0.49,50,87,28,0.2152,4,0.0299,0.631,0.314,40,117,3.01,0.61,0.492,180951.35,0.368,97.33
UPI03821,Ahmedabad,Android,Full,29,2y+,23,4.91,125,578.85,1551.72,75753.22,0.618,0.394,49,74,4,0.0328,3,0.0259,0.168,0.34,63,72,4.94,6.76,0.304,30893.01,0.362,24.54
UPI03822,Pune,iOS,Minimum,16,1-2y,11,2.43,30,1215.46,2709.22,41402.87,0.696,0.312,15,12,2,0.0749,4,0.1401,0.164,0.39,20,22,4.44,26.96,0.256,20705.26,0.377,44.06
UPI03823,Hyderabad,Android,Full,16,1-2y,15,4.48,54,624.83,1286.5,37774.24,0.47,0.538,22,31,4,0.0872,1,0.0234,0.055,0.36,38,47,5.2,6.61,0.099,20071.35,0.3,34.14
UPI03824,Ahmedabad,Android,Premium,12,6-12m,29,9.73,272,224.34,427.61,67683.3,0.615,0.406,155,115,4,0.0215,0,0.0075,0.092,0.231,79,187,6.17,0.2,0.224,26933.39,0.406,30.58
UPI03825,Chennai,Android,Full,20,1-2y,23,7.17,173,120.15,230.9,19781.92,0.67,0.349,94,81,5,0.0391,0,0.0043,0.13,0.358,80,97,2.73,6.18,0.321,2912.68,0.382,18.21
UPI03826,Hyderabad,Android,Full,13,1-2y,20,7.39,151,210.27,524.26,36221.69,0.67,0.347,63,86,2,0.0161,1,0.0086,0.115,0.324,77,163,1.53,5.39,0.257,24817.49,0.375,14.92
UPI03827,Pune,Android,Full,13,1-2y,25,5.44,166,398.28,822.78,55706.45,0.484,0.538,70,92,3,0.0321,0,0.0075,0.16,0.346,42,67,6.94,1.71,0.321,12097.66,0.333,25.8
UPI03828,Hyderabad,Android,Premium,33,2y+,19,3.72,88,1722.08,1722.08,163725.55,0.65,0.377,49,39,1,0.0152,1,0.0158,0.073,0.227,45,51,3.82,8.71,0.13,31678.76,0.359,10.06
UPI03829,Bengaluru,Android,Full,22,1-2y,17,6.58,91,1227.99,5517.75,123755.2,0.456,0.538,27,60,15,0.1709,1,0.0135,0.37,0.664,61,114,10.15,7.33,0.904,58727.16,0.411,58.87
UPI03830,Mumbai,Android,Minimum,29,2y+,21,5.17,119,422.04,1589.56,49634.68,0.663,0.373,65,51,4,0.0367,1,0.016,0.165,0.238,39,52,4.86,3.17,0.309,23239.27,0.356,30.76
UPI03831,Pune,iOS,Full,23,1-2y,25,12.95,302,40,126.68,13962.38,0.434,0.591,129,171,13,0.0589,5,0.0246,0.721,0.452,110,282,11.75,0.2,0.547,11188.61,0.274,66.97
UPI03832,Mumbai,Android,Full,8,6-12m,22,7.5,181,254.99,670.35,48024.17,0.61,0.349,106,78,9,0.0505,1,0.0067,0.081,0.277,76,185,7.18,8.27,0.519,31439.3,0.348,22.18
UPI03833,Mumbai,iOS,Full,7,6-12m,12,4.26,52,5026.77,16401.99,218048.75,0.681,0.357,19,34,5,0.1072,2,0.0425,0.085,0.184,17,27,1.2,11.45,0.545,107806.26,0.294,44.44
UPI03834,Pune,Android,Full,15,1-2y,17,0.88,28,2392.95,8195.05,69992.82,0.495,0.4,6,25,13,0.35,4,0.1439,0.357,0.548,84,224,4.21,24.42,0.503,9553.53,0.318,87.48
UPI03835,Chennai,Android,Full,10,6-12m,1,0.44,1,290.03,741.7,251.27,0.467,0.495,0,0,3,0.35,0,0.0025,0.086,0.248,3,4,6.59,250,0.373,50,0.22,68.17
UPI03836,Chennai,Android,Minimum,15,1-2y,13,10.39,134,1024.75,2961.78,149717.39,0.576,0.364,70,64,28,0.2253,11,0.0856,0.324,0.624,46,100,6.9,9.36,0.613,107245.69,0.444,82.95
UPI03837,Mumbai,Android,Full,23,1-2y,15,1.47,5,3126.97,9022.08,15809.89,0.649,0.354,2,1,3,0.35,1,0.2,0.073,0.22,30,34,3.69,146.69,0.537,8337.56,0.268,94.16
UPI03838,Hyderabad,Android,Minimum,13,1-2y,21,2.4,57,5054.91,9217.38,262365.34,0.664,0.379,35,25,0,0.0136,1,0.02,0.042,0.312,29,49,1.82,9.79,0.103,95394.97,0.382,13.44
UPI03839,Bengaluru,Android,Full,24,1-2y,26,6.27,163,115.05,306.26,19220.1,0.606,0.398,93,70,10,0.062,0,0.005,0.118,0.359,77,164,5.39,5.02,0.493,9164.44,0.39,19.9
UPI03840,Chennai,iOS,Minimum,20,1-2y,6,0.8,3,498.42,1180.25,1472.34,0.584,0.431,3,0,3,0.35,0,0.0091,0.085,0.443,14,24,5.13,240.8,0.287,50,0.388,64.7
UPI03841,Delhi,Android,Full,14,1-2y,20,5.93,128,1284.16,3350.39,162197.47,0.862,0.139,92,33,3,0.0286,0,0.0,0.164,0.418,41,76,6.46,9.4,0.403,119965.36,0.504,9.82
UPI03842,Hyderabad,Android,Minimum,31,2y+,13,5.5,71,385.36,1196.6,29397.69,0.546,0.452,40,29,7,0.1111,0,0.0015,0.059,0.348,22,25,3.44,7.91,0.405,12939.33,0.278,37.65
UPI03843,Pune,Android,Minimum,21,1-2y,6,0.6,8,576.36,1569.07,3947.1,0.387,0.663,0,8,1,0.1355,1,0.1293,0.107,0.455,11,19,6.38,91.46,0.383,2388.32,0.223,54.36
UPI03844,Pune,Android,Full,6,0-6m,24,2.79,50,144.61,301.29,7033.23,0.528,0.439,19,29,4,0.0915,3,0.0609,0.181,0.376,84,129,6.12,6.9,0.294,50,0.307,33.59
UPI03845,Chennai,iOS,Full,6,0-6m,28,4.46,117,1166.05,3621.57,147300.03,0.927,0.045,68,53,7,0.063,1,0.0144,0.147,0.267,80,116,7.82,9.31,0.263,112071.67,0.461,19.14
UPI03846,Chennai,iOS,Premium,20,1-2y,6,4.09,28,2623.45,8323.07,68347.6,0.776,0.168,24,7,1,0.0497,2,0.0805,0.128,0.338,10,16,3.97,21.98,0.448,18459.3,0.354,28.96
UPI03847,Mumbai,Android,Full,32,2y+,22,2.83,67,1789.0,4612.73,113972.74,0.782,0.183,48,17,1,0.0187,0,0.0088,0.032,0.311,50,68,3.72,5.65,0.404,52352.38,0.361,8.7
UPI03848,Kolkata,iOS,Full,15,1-2y,21,2.65,81,614.41,1365.28,54016.32,0.683,0.367,48,29,3,0.051,1,0.0187,0.162,0.385,57,105,6.92,6.13,0.526,26779.48,0.436,20.82
UPI03849,Ahmedabad,Android,Minimum,16,1-2y,20,5.84,115,875.87,1507.5,97085.81,0.849,0.132,73,39,2,0.0251,2,0.0184,0.053,0.403,42,76,6.81,6.92,0.154,37996.99,0.467,34.99
UPI03850,Pune,Android,Minimum,17,1-2y,6,4.24,19,2155.59,6403.77,42589.86,0.479,0.585,10,13,37,0.35,6,0.2,0.636,0.415,39,109,10.21,36.39,0.614,11641.33,0.329,99.17
UPI03851,Kolkata,iOS,Full,22,1-2y,15,4.15,64,908.99,1364.3,50092.03,0.891,0.108,34,29,6,0.1013,5,0.0838,0.124,0.228,46,90,2.45,10.33,0.269,8735.89,0.358,40.19
UPI03852,Delhi,Android,Full,38,2y+,18,3.2,44,535.99,1654.72,26283.47,0.672,0.328,19,27,4,0.1034,1,0.0296,0.071,0.292,32,57,4.62,16.04,0.275,16962.69,0.314,32.36
UPI03853,Chennai,iOS,Full,23,1-2y,10,4.78,46,516.88,1072.82,23295.82,0.57,0.459,28,19,3,0.0738,2,0.0492,0.167,0.275,12,16,5.29,14.72,0.064,1394.01,0.264,44.03
UPI03854,Pune,Android,Full,11,6-12m,5,1.93,10,445.77,945.51,4844.99,0.378,0.562,6,5,2,0.204,1,0.1079,0.135,0.465,2,3,4.2,73.85,0.281,57.03,0.313,68.93
UPI03855,Ahmedabad,iOS,Full,25,2y+,1,1.87,1,86.44,228.93,101.96,0.495,0.48,1,1,2,0.35,1,0.2,0.136,0.289,2,3,3.71,250,0.229,307.43,0.302,93.09
UPI03856,Ahmedabad,iOS,Premium,1,0-6m,17,4.61,84,1835.45,4676.65,173864.81,0.63,0.392,53,29,5,0.0674,0,0.0048,0.059,0.235,35,57,3.55,6.14,0.36,31823.01,0.369,33.92
UPI03857,Pune,Android,Full,44,2y+,10,1.7,23,411.21,1216.72,9433.58,0.349,0.598,1,23,2,0.0939,0,0.0024,0.024,0.38,14,16,2.57,29.96,0.291,1581.76,0.192,29.55
UPI03858,Mumbai,Android,Premium,2,0-6m,30,6.67,167,178.42,525.09,33925.32,0.485,0.536,66,97,0,0.0134,1,0.0148,0.095,0.386,67,160,8.27,2.24,0.405,14203.95,0.304,33.78
UPI03859,Mumbai,Android,Full,15,1-2y,25,5.94,163,131.51,363.63,19666.41,0.675,0.369,111,54,3,0.0304,0,0.0079,0.171,0.378,88,117,5.93,1.69,0.264,3718.2,0.362,24.15
UPI03860,Bengaluru,Android,Minimum,41,2y+,14,8.06,137,2967.7,9248.97,414227.72,0.24,0.85,25,111,26,0.2093,2,0.0198,0.763,0.421,56,122,10.66,4.95,0.661,165155.28,0.198,82.46
UPI03861,Hyderabad,Android,Minimum,10,6-12m,5,1.38,6,549.49,2432.95,2903.32,0.513,0.54,6,2,1,0.169,0,0.0022,0.107,0.417,5,7,2.65,121.05,0.568,50,0.335,46.44
UPI03862,Ahmedabad,Android,Full,33,2y+,22,3.51,74,1070.6,1835.41,73959.86,0.537,0.448,27,45,4,0.0595,2,0.0325,0.07,0.401,52,61,6.04,10.2,0.349,17343.36,0.408,27.07
UPI03863,Bengaluru,Android,Full,20,1-2y,24,4.53,117,441.0,1006.08,42655.69,0.718,0.291,64,52,2,0.0317,3,0.028,0.066,0.218,55,71,4.43,2.21,0.109,13687.87,0.301,24.19
UPI03864,Ahmedabad,Android,Full,18,1-2y,17,1.99,30,3384.48,10160.92,92872.16,0.64,0.328,12,20,0,0.008,3,0.1012,0.096,0.377,32,42,3.97,26.66,0.319,13502.01,0.314,28.91
UPI03865,Kolkata,Android,Premium,21,1-2y,24,5.75,155,779.91,1864.55,125494.2,0.921,0.076,133,21,9,0.0604,3,0.0271,0.122,0.205,84,108,7.41,5.02,0.41,14671.57,0.406,38.86
UPI03866,Chennai,Android,Premium,21,1-2y,16,12.2,182,407.16,1774.79,63423.27,0.493,0.49,72,109,10,0.0678,2,0.0143,0.765,0.657,62,108,3.22,2.98,0.775,44209.02,0.296,77.26
UPI03867,Pune,iOS,Minimum,21,1-2y,1,2.02,2,166.32,396.47,300.94,0.56,0.504,2,0,2,0.35,1,0.2,0.093,0.261,4,4,3.58,250,0.54,50,0.265,99.48
UPI03868,Ahmedabad,Android,Full,26,2y+,11,3.5,34,576.03,1348.2,20064.31,0.495,0.498,13,19,2,0.0591,1,0.0378,0.092,0.305,27,40,6.11,23.12,0.317,11887.61,0.237,27.09
UPI03869,Chennai,Android,Full,29,2y+,21,3.97,70,1047.56,1859.97,83402.06,0.913,0.078,50,23,3,0.0436,3,0.045,0.18,0.351,67,113,3.76,8.37,0.05,62602.29,0.423,17.63
UPI03870,Delhi,Android,Minimum,22,1-2y,20,5.73,95,360.99,1177.95,40460.14,0.61,0.382,52,41,1,0.0227,3,0.0365,0.078,0.346,68,152,7.07,7.51,0.584,23074.08,0.325,11.5
UPI03871,Hyderabad,Android,Full,25,2y+,16,2.83,67,626.6,2050.93,35362.11,0.485,0.543,12,59,6,0.0959,1,0.0206,0.066,0.339,24,27,2.8,11.26,0.485,4095.25,0.27,37.22
UPI03872,Hyderabad,Android,Full,4,0-6m,21,5.86,118,250.87,466.98,31488.34,0.684,0.305,61,56,8,0.0774,0,0.0075,0.215,0.289,53,93,4.08,6.73,0.122,15532.25,0.421,37.14
UPI03873,Pune,Android,Minimum,38,2y+,24,4.3,93,245.71,557.43,21372.67,0.549,0.469,38,55,0,0.0087,5,0.0568,0.081,0.369,49,87,6.36,6.89,0.218,12909.75,0.294,23.91
UPI03874,Pune,Android,Full,32,2y+,13,5.51,66,863.56,1745.04,66957.29,0.922,0.106,59,4,1,0.0261,3,0.0511,0.062,0.382,35,57,6.56,14.01,0.345,42603.57,0.409,21.35
UPI03875,Bengaluru,Android,Minimum,13,1-2y,19,4.63,109,479.87,1236.16,45273.59,0.672,0.338,51,56,6,0.0621,0,0.0069,0.142,0.376,43,61,4.28,2.98,0.258,23198.14,0.362,35.07
UPI03876,Pune,Android,Minimum,21,1-2y,24,10.14,292,92.62,159.76,24346.21,0.538,0.431,120,169,4,0.0286,2,0.012,0.106,0.241,89,218,7.75,1.93,0.079,2430.58,0.376,20.73
UPI03877,Mumbai,Android,Minimum,1,0-6m,10,1.26,10,468.17,1145.21,4629.06,0.578,0.43,6,2,1,0.1093,0,0.0029,0.137,0.456,13,18,3.98,71.84,0.18,50,0.291,33.47
UPI03878,Delhi,Android,Full,18,1-2y,8,0.23,1,752.3,2160.1,766.55,0.523,0.472,1,0,0,0.0025,0,0.0014,0.075,0.218,7,12,4.44,250,0.537,2329.17,0.273,21.94
UPI03879,Bengaluru,Android,Full,13,1-2y,20,6.84,140,260.45,826.89,37260.47,0.527,0.483,55,86,4,0.0414,0,0.0085,0.138,0.317,79,118,7.63,6.45,0.449,20278.48,0.324,30.93
UPI03880,Ahmedabad,Android,Full,2,0-6m,4,0.05,1,360.63,1003.05,414.09,0.623,0.431,0,1,1,0.35,0,0.0022,0.062,0.471,3,3,4.35,250,0.334,50,0.431,65.09
UPI03881,Bengaluru,Android,Full,8,6-12m,22,8.35,192,205.19,588.23,35854.62,0.553,0.462,72,119,5,0.0393,0,0.0018,0.176,0.252,73,112,4.97,4.83,0.384,19962.1,0.271,27.58
UPI03882,Chennai,iOS,Minimum,45,2y+,23,7.91,172,220.6,297.0,39479.34,0.556,0.434,97,75,4,0.0281,0,0.0099,0.2,0.313,58,98,5.9,3.15,0.05,4159.53,0.319,39.1
UPI03883,Bengaluru,Android,Premium,22,1-2y,8,1.01,7,129.41,371.68,757.47,0.406,0.521,4,3,0,0.008,1,0.1485,0.119,0.434,7,9,4.95,104.78,0.4,839.23,0.282,21.72
UPI03884,Hyderabad,iOS,Premium,7,6-12m,25,8.17,213,150.84,494.51,32909.05,0.574,0.381,111,100,4,0.0199,0,0.004,0.188,0.339,100,173,7.85,4.44,0.48,22028.45,0.342,32.49
UPI03885,Ahmedabad,Android,Full,3,0-6m,13,3.33,34,1269.44,4319.23,41349.58,0.931,0.064,29,11,4,0.1183,1,0.037,0.115,0.306,38,68,7.77,22.71,0.347,14202.61,0.477,41.96
UPI03886,Chennai,Android,Minimum,30,2y+,24,4.49,88,240.21,605.07,24172.56,0.513,0.45,44,47,6,0.0709,0,0.0,0.172,0.282,73,168,6.77,10.8,0.316,15109.87,0.323,28.5
UPI03887,Chennai,Android,Full,31,2y+,16,1.98,35,2396.0,5595.11,98188.22,0.66,0.329,17,15,3,0.0988,0,0.006,0.163,0.277,23,39,2.72,16.69,0.273,17624.56,0.369,27.21
UPI03888,Pune,Android,Full,34,2y+,8,6.04,54,1341.0,3489.17,71119.0,0.463,0.581,26,29,6,0.1214,0,0.0088,0.102,0.371,10,16,4.1,12.59,0.131,23663.92,0.372,45.42
UPI03889,Ahmedabad,iOS,Premium,14,1-2y,23,3.43,85,835.55,2311.19,79909.41,0.791,0.213,58,25,0,0.0071,2,0.0331,0.097,0.407,46,77,4.28,6.66,0.461,10740.87,0.408,15.01
UPI03890,Bengaluru,Android,Full,7,6-12m,3,2.62,8,1103.46,3157.78,8130.76,0.256,0.677,3,2,13,0.35,3,0.2,0.493,0.371,10,20,5.23,90.69,0.567,1233.45,0.233,99.83
UPI03891,Ahmedabad,Android,Full,3,0-6m,22,5.52,120,282.09,952.26,29706.05,0.482,0.528,50,68,0,0.0146,3,0.0275,0.199,0.224,64,138,5.55,5.99,0.392,4702.09,0.266,37.61
UPI03892,Pune,iOS,Minimum,29,2y+,23,5.8,187,104.67,215.74,19459.15,0.583,0.432,108,77,0,0.0064,3,0.0236,0.079,0.303,78,158,6.3,2.66,0.206,11270.05,0.267,16.68
UPI03893,Mumbai,Android,Full,19,1-2y,8,13.94,111,542.41,1575.58,50701.36,0.284,0.649,17,97,15,0.1483,13,0.1231,0.584,0.417,32,93,9.63,7.81,0.704,29163.68,0.186,85.33
UPI03894,Mumbai,iOS,Minimum,12,6-12m,24,4.0,51,775.33,2416.87,32831.6,0.822,0.194,38,13,5,0.1068,3,0.0624,0.161,0.409,53,88,5.38,13.88,0.371,10195.49,0.417,43.41
UPI03895,Chennai,Android,Full,23,1-2y,15,5.41,75,632.73,1986.06,54187.16,0.682,0.277,34,44,1,0.0201,1,0.018,0.094,0.203,48,53,6.01,10.03,0.577,17473.2,0.4,12.43
UPI03896,Chennai,iOS,Full,22,1-2y,24,1.91,50,135.57,332.26,6716.95,0.909,0.093,43,6,9,0.1909,0,0.0067,0.09,0.398,80,137,5.24,15.77,0.309,2105.24,0.517,37.43
UPI03897,Kolkata,Android,Full,6,0-6m,19,3.51,61,944.49,2257.85,65913.01,0.881,0.124,52,9,5,0.0854,2,0.0387,0.169,0.284,58,96,6.52,8.32,0.056,21415.86,0.373,39.72
UPI03898,Mumbai,Android,Minimum,6,0-6m,9,11.38,98,40,135.34,4105.4,0.239,0.651,12,86,2,0.043,10,0.1025,0.685,0.433,38,84,3.57,4.9,0.612,50,0.162,76.64
UPI03899,Mumbai,Android,Full,30,2y+,17,3.74,38,217.99,547.65,8745.32,0.614,0.362,25,9,7,0.1963,0,0.0004,0.136,0.287,69,144,3.72,19.65,0.38,1025.84,0.282,33.0
UPI03900,Chennai,iOS,Minimum,15,1-2y,7,1.21,16,398.11,756.12,7365.74,0.576,0.379,3,13,1,0.0775,0,0.0076,0.14,0.183,16,24,1.44,41.62,0.144,2166.67,0.235,33.14
UPI03901,Hyderabad,iOS,Minimum,20,1-2y,3,0.83,1,209.15,484.12,212.25,0.549,0.48,0,1,1,0.35,0,0.0059,0.063,0.354,4,4,2.08,250,0.434,779.47,0.275,72.83
UPI03902,Chennai,Android,Minimum,33,2y+,14,10.34,140,186.51,439.49,21926.56,0.605,0.393,64,71,9,0.0771,1,0.0127,0.051,0.283,52,100,4.35,5.3,0.339,5932.25,0.299,38.94
UPI03903,Kolkata,Android,Full,24,1-2y,3,1.92,10,391.52,1176.8,4139.7,0.386,0.546,6,2,0,0.0057,1,0.1075,0.11,0.316,3,5,2.86,73.63,0.286,2130.09,0.224,28.55
UPI03904,Hyderabad,Android,Minimum,12,6-12m,22,8.37,197,150.31,480.5,28155.68,0.505,0.53,99,99,5,0.0402,0,0.0097,0.114,0.387,88,123,5.5,2.1,0.473,4681.69,0.286,45.75
UPI03905,Delhi,iOS,Minimum,15,1-2y,23,4.88,110,93.21,231.98,11473.78,0.684,0.365,77,34,0,0.0076,2,0.0254,0.197,0.325,70,123,4.29,2.5,0.414,50,0.32,38.29
UPI03906,Kolkata,Android,Full,11,6-12m,8,1.87,12,344.15,818.01,4103.77,0.308,0.62,4,8,2,0.1812,1,0.0861,0.116,0.225,6,7,1.68,59.17,0.181,50,0.216,58.56
UPI03907,Bengaluru,Android,Full,9,6-12m,24,4.86,85,169.42,469.15,14482.73,0.627,0.396,51,39,7,0.0877,3,0.043,0.071,0.224,90,195,6.82,3.99,0.233,10766.99,0.369,35.91
UPI03908,Hyderabad,iOS,Minimum,17,1-2y,8,12.02,101,1280.82,4083.2,109645.45,0.546,0.416,48,54,20,0.2095,14,0.145,0.352,0.372,26,55,4.72,3.4,0.475,64275.64,0.291,87.4
UPI03909,Ahmedabad,Android,Full,37,2y+,17,3.99,60,418.82,1213.41,22124.29,0.955,0.033,52,5,3,0.0543,3,0.055,0.194,0.431,47,59,8.03,13.47,0.246,2967.69,0.544,24.36
UPI03910,Ahmedabad,Android,Minimum,22,1-2y,10,13.36,123,679.72,2144.43,90658.63,0.491,0.455,48,74,13,0.1157,0,0.0072,0.333,0.322,32,72,1.46,3.86,0.604,62504.45,0.313,63.49
UPI03911,Chennai,Android,Premium,23,1-2y,14,4.43,82,2159.59,5987.9,189488.89,0.538,0.516,32,49,28,0.35,10,0.123,0.504,0.564,52,121,7.36,6.68,0.471,90362.91,0.402,99.23
UPI03912,Mumbai,Android,Minimum,14,1-2y,10,3.51,41,891.62,2087.64,41973.64,0.6,0.392,28,12,4,0.1051,0,0.0035,0.123,0.382,11,18,7.72,15.38,0.34,4967.51,0.344,36.26
UPI03913,Pune,Android,Full,23,1-2y,3,0.32,1,399.32,698.21,406.6,0.319,0.73,1,0,1,0.35,1,0.2,0.068,0.235,8,12,3.59,250,0.245,50,0.212,96.14
UPI03914,Kolkata,Android,Full,16,1-2y,22,4.97,115,415.07,1220.08,47189.29,0.465,0.522,48,70,2,0.0228,1,0.0114,0.127,0.356,47,55,3.45,5.33,0.616,17000.33,0.361,13.03
UPI03915,Hyderabad,Android,Full,13,1-2y,16,5.39,73,852.89,2070.01,64752.38,0.941,0.034,61,10,4,0.0619,2,0.0349,0.119,0.316,47,61,5.12,3.77,0.164,10641.22,0.488,22.48
UPI03916,Ahmedabad,Android,Full,21,1-2y,18,7.01,108,106.84,344.14,11396.54,0.533,0.456,51,64,9,0.0984,3,0.0285,0.215,0.237,33,45,7.38,6.76,0.583,6188.26,0.373,49.29
UPI03917,Hyderabad,Android,Premium,1,0-6m,18,13.31,225,1443.83,5424.68,357070.97,0.436,0.551,78,151,16,0.0853,14,0.0624,0.461,0.54,69,102,7.88,2.5,0.696,189229.48,0.303,73.12
UPI03918,Mumbai,iOS,Minimum,9,6-12m,27,6.56,187,214.35,679.0,33724.57,0.61,0.389,112,75,2,0.0201,0,0.0043,0.089,0.368,67,94,7.42,6.17,0.538,9284.16,0.349,30.73
UPI03919,Bengaluru,Android,Full,56,2y+,12,0.7,17,393.0,1259.64,6349.81,0.368,0.604,7,9,16,0.35,8,0.2,0.351,0.458,65,152,5.94,46.02,0.781,535.94,0.326,100
UPI03920,Pune,Android,Premium,27,2y+,21,2.03,29,4049.14,9834.87,106672.26,0.768,0.178,22,7,7,0.2537,0,0.0081,0.131,0.292,32,39,3.98,25.39,0.288,23120.9,0.345,51.09
UPI03921,Mumbai,Android,Premium,4,0-6m,12,10.83,132,250.35,747.16,32311.18,0.312,0.783,46,81,21,0.1792,2,0.0188,0.647,0.584,35,88,8.95,4.72,0.521,18077.86,0.258,81.94
UPI03922,Delhi,Android,Full,19,1-2y,6,1.96,10,770.72,2277.26,7257.95,0.523,0.449,3,7,2,0.2124,0,0.0023,0.105,0.355,11,13,3.44,70.05,0.28,2881.46,0.311,52.87
UPI03923,Bengaluru,iOS,Full,12,6-12m,13,3.92,49,5132.06,17310.64,207939.85,0.735,0.297,30,20,5,0.1171,0,0.0066,0.062,0.236,31,45,2.52,13.25,0.435,123333.35,0.376,24.61
UPI03924,Mumbai,iOS,Premium,31,2y+,29,7.1,214,283.8,964.58,63872.11,0.548,0.439,115,96,7,0.0417,1,0.0112,0.138,0.395,103,220,6.71,5.07,0.504,20064.44,0.297,35.51
UPI03925,Bengaluru,Android,Full,9,6-12m,25,7.67,229,91.89,251.64,17709.77,0.62,0.37,116,114,6,0.0322,2,0.0141,0.211,0.348,95,121,8.38,3.24,0.179,10835.84,0.352,43.38
UPI03926,Kolkata,Android,Full,16,1-2y,20,7.36,157,263.6,726.29,43208.95,0.639,0.361,76,77,4,0.0326,2,0.015,0.116,0.267,45,54,5.4,4.27,0.269,23183.56,0.413,26.83
UPI03927,Pune,Android,Full,8,6-12m,28,2.84,106,932.16,2949.85,95156.22,0.812,0.186,58,47,4,0.0526,1,0.0186,0.119,0.383,82,128,6.03,0.72,0.553,38910.03,0.409,26.29
UPI03928,Delhi,Android,Full,36,2y+,9,0.05,1,535.87,993.22,547.4,0.507,0.508,1,0,4,0.35,0,0.0093,0.041,0.18,3,4,4.57,250,0.396,1132.25,0.25,72.47
UPI03929,Delhi,Android,Minimum,28,2y+,29,4.26,100,156.31,588.93,18195.08,0.572,0.461,44,61,5,0.0652,3,0.0308,0.125,0.308,79,175,5.4,6.22,0.491,10881.77,0.377,25.67
UPI03930,Bengaluru,Android,Full,13,1-2y,18,2.63,30,170.33,398.01,5991.51,0.792,0.186,20,5,6,0.2057,3,0.1023,0.189,0.232,48,74,4.57,22.0,0.417,1041.57,0.34,56.45
UPI03931,Bengaluru,iOS,Full,20,1-2y,15,4.09,34,3208.43,7074.88,125434.85,0.714,0.282,17,18,1,0.0423,1,0.0322,0.151,0.36,31,53,6.07,22.07,0.228,16929.29,0.444,24.28
UPI03932,Mumbai,iOS,Full,25,2y+,14,5.3,88,521.55,1588.11,39102.11,0.656,0.301,41,48,4,0.0465,1,0.0191,0.175,0.369,34,44,2.4,7.85,0.634,9589.81,0.366,24.8
UPI03933,Chennai,Android,Full,13,1-2y,24,4.63,125,1084.41,2596.91,149838.66,0.933,0.085,85,37,5,0.0411,4,0.0371,0.051,0.42,71,130,3.58,11.15,0.197,38881.04,0.454,23.1
UPI03934,Delhi,Android,Full,16,1-2y,26,11.84,309,308.76,1138.49,91889.83,0.519,0.482,132,174,3,0.0214,0,0.0081,0.158,0.326,67,156,7.7,2.65,0.609,61431.39,0.327,28.97
UPI03935,Pune,Android,Minimum,36,2y+,31,6.5,218,322.36,1000.67,67841.16,0.61,0.355,133,88,3,0.0216,0,0.007,0.146,0.327,77,127,7.81,0.2,0.466,24216.98,0.363,33.79
UPI03936,Ahmedabad,Android,Full,35,2y+,4,1.54,5,474.99,1433.8,2443.54,0.404,0.606,1,5,1,0.211,0,0.0032,0.138,0.512,9,10,1.96,142.7,0.396,2504.65,0.303,49.68
UPI03937,Hyderabad,Android,Full,15,1-2y,15,4.8,81,1511.49,5127.91,131005.27,0.224,0.725,19,60,34,0.35,13,0.1699,0.636,0.469,33,66,4.45,10.19,0.698,37978.83,0.213,100
UPI03938,Delhi,Android,Full,31,2y+,24,7.65,168,112.19,351.84,19375.23,0.601,0.395,95,74,5,0.0362,1,0.0123,0.188,0.369,82,106,10.48,3.05,0.454,11796.47,0.36,38.97
UPI03939,Kolkata,iOS,Full,17,1-2y,22,5.98,139,258.11,647.69,33749.57,0.576,0.389,66,74,4,0.0319,1,0.0098,0.139,0.345,73,95,5.39,6.08,0.498,26362.34,0.362,21.81
UPI03940,Kolkata,iOS,Full,21,1-2y,20,4.59,82,487.13,1148.4,40624.16,0.55,0.49,39,40,3,0.0473,2,0.0247,0.09,0.264,37,64,4.04,10.02,0.305,24053.08,0.316,18.06
UPI03941,Ahmedabad,iOS,Full,21,1-2y,20,3.91,63,2200.58,5774.61,155922.42,0.675,0.315,26,35,3,0.0532,0,0.0008,0.12,0.241,28,33,3.45,12.71,0.388,47369.54,0.42,21.26
UPI03942,Hyderabad,Android,Premium,8,6-12m,19,4.58,85,622.6,1924.55,49276.22,0.824,0.162,48,36,8,0.0983,0,0.0073,0.087,0.217,62,118,4.4,8.79,0.41,32558.36,0.45,29.06
UPI03943,Mumbai,Android,Full,16,1-2y,22,4.07,96,213.24,526.09,17479.54,0.484,0.56,39,58,8,0.0848,2,0.0298,0.132,0.369,75,106,5.03,11.38,0.384,5864.04,0.35,39.88
UPI03944,Bengaluru,Android,Full,25,2y+,23,4.46,78,104.76,246.8,8833.94,0.57,0.432,38,39,7,0.0912,2,0.0284,0.164,0.342,83,144,8.63,5.22,0.278,4688.6,0.34,39.83
UPI03945,Kolkata,Android,Full,9,6-12m,2,1.47,3,858.74,2698.3,2185.73,0.447,0.559,0,3,3,0.35,1,0.2,0.105,0.218,2,3,3.62,239.71,0.508,50,0.198,94.71
UPI03946,Pune,Android,Full,28,2y+,15,4.6,67,495.39,1531.56,38313.57,0.892,0.107,40,26,8,0.1283,3,0.0488,0.171,0.251,45,70,5.78,7.04,0.41,25277.27,0.434,47.18
UPI03947,Bengaluru,Android,Minimum,15,1-2y,6,0.81,1,409.41,1254.38,470.53,0.392,0.601,1,0,3,0.35,1,0.2,0.099,0.447,10,12,1.2,250,0.274,1762.19,0.273,100
UPI03948,Mumbai,Android,Premium,11,6-12m,20,4.44,90,933.22,1822.81,71514.3,0.48,0.546,28,60,5,0.0596,1,0.016,0.118,0.216,41,52,2.68,4.69,0.338,39335.37,0.276,21.03
UPI03949,Pune,Android,Full,18,1-2y,6,0.8,1,587.95,1802.33,483.04,0.31,0.684,0,1,0,0.0148,1,0.2,0.074,0.376,10,14,6.29,250,0.557,136.14,0.196,38.56
UPI03950,Mumbai,Android,Full,23,1-2y,25,4.02,98,554.46,1120.26,60517.31,0.705,0.288,53,41,1,0.0232,0,0.0071,0.108,0.202,39,51,3.2,7.77,0.216,7747.38,0.417,9.73
UPI03951,Delhi,iOS,Full,16,1-2y,14,5.1,65,2363.51,7369.84,146799.48,0.322,0.749,17,47,10,0.1696,8,0.1257,0.561,0.61,83,149,8.37,11.92,0.602,56927.97,0.371,67.98
UPI03952,Pune,iOS,Full,35,2y+,25,8.93,266,240.79,713.43,70286.79,0.531,0.517,126,142,3,0.0191,0,0.0038,0.186,0.318,62,104,3.6,1.1,0.289,16898.32,0.302,28.28
UPI03953,Pune,Android,Premium,19,1-2y,3,2.05,6,396.4,1024.46,2564.18,0.54,0.391,5,3,0,0.0132,0,0.0095,0.085,0.516,2,3,6.16,124.58,0.319,67.71,0.37,14.84
UPI03954,Ahmedabad,Android,Full,7,6-12m,11,3.77,47,2932.17,7745.4,114757.41,0.711,0.283,35,13,2,0.0498,0,0.0016,0.058,0.321,14,16,2.6,19.23,0.367,57861.49,0.446,20.55
UPI03955,Bengaluru,Android,Full,1,0-6m,19,2.55,24,1048.59,2216.46,26069.59,0.66,0.31,14,12,4,0.1721,1,0.0486,0.139,0.407,36,59,5.98,29.8,0.453,6657.6,0.32,45.62
UPI03956,Bengaluru,iOS,Full,18,1-2y,26,6.64,207,178.04,428.79,40397.07,0.642,0.343,123,86,3,0.021,1,0.0139,0.162,0.371,60,129,3.53,3.15,0.388,29043.77,0.376,30.95
UPI03957,Pune,Android,Minimum,17,1-2y,20,5.56,130,531.2,1460.75,71043.09,0.711,0.265,60,66,4,0.0325,2,0.0222,0.093,0.265,42,46,5.12,5.87,0.377,34456.09,0.312,21.25
UPI03958,Chennai,iOS,Premium,9,6-12m,19,6.53,132,594.22,1519.61,88626.5,0.801,0.201,68,65,3,0.0356,5,0.0454,0.091,0.407,53,67,6.81,9.59,0.395,55497.63,0.396,40.26
UPI03959,Kolkata,Android,Full,22,1-2y,24,4.16,100,1447.34,3923.73,169400.3,0.815,0.162,44,56,3,0.0315,0,0.006,0.112,0.334,75,121,5.78,4.6,0.344,97810.07,0.481,18.15
UPI03960,Ahmedabad,iOS,Full,21,1-2y,14,2.6,43,3916.88,8479.24,167815.32,0.658,0.32,31,13,0,0.0029,1,0.0236,0.173,0.35,29,46,4.2,18.15,0.182,113972.98,0.422,10.98
UPI03961,Hyderabad,Android,Full,24,1-2y,21,4.73,101,1902.45,7570.44,220388.36,0.703,0.344,45,54,2,0.0294,0,0.0087,0.115,0.188,39,58,4.28,4.58,0.582,135070.38,0.318,31.59
UPI03962,Hyderabad,iOS,Premium,11,6-12m,1,1.33,1,293.46,999.71,301.54,0.495,0.551,0,0,3,0.35,1,0.2,0.07,0.352,2,3,1.91,250,0.554,3844.63,0.241,91.82
UPI03963,Hyderabad,Android,Full,42,2y+,26,8.23,278,127.83,377.68,30190.88,0.547,0.43,109,168,6,0.0272,0,0.0043,0.074,0.308,80,135,7.54,1.72,0.499,13118.74,0.325,25.13
UPI03964,Mumbai,Android,Full,2,0-6m,22,4.13,82,780.21,1230.0,60971.63,0.45,0.534,25,59,4,0.0565,1,0.0156,0.071,0.233,48,76,6.82,6.98,0.173,30492.5,0.214,31.24
UPI03965,Kolkata,Android,Minimum,26,2y+,9,1.11,11,408.36,967.9,3794.75,0.447,0.572,5,8,2,0.1921,0,0.0015,0.061,0.388,10,14,1.91,71.88,0.05,50,0.269,56.14
UPI03966,Pune,Android,Full,19,1-2y,12,0.87,15,229.65,486.59,3915.66,0.354,0.587,0,15,4,0.272,1,0.0719,0.048,0.339,24,29,3.38,47.77,0.211,2283.16,0.333,67.96
UPI03967,Ahmedabad,Android,Minimum,12,6-12m,11,3.78,42,704.28,1492.55,25959.16,0.565,0.46,11,34,3,0.0796,0,0.0002,0.161,0.203,12,21,4.82,18.79,0.395,6026.38,0.245,26.77
UPI03968,Bengaluru,Android,Minimum,9,6-12m,4,1.24,4,418.38,854.0,1908.03,0.454,0.55,4,0,2,0.35,1,0.2,0.07,0.32,7,9,1.92,180.22,0.07,626.03,0.285,98.7
UPI03969,Chennai,Android,Full,20,1-2y,14,3.5,40,977.37,2216.42,40153.22,0.859,0.17,33,4,4,0.1039,2,0.0542,0.122,0.355,34,71,5.54,17.07,0.272,12170.38,0.492,38.74
UPI03970,Delhi,Android,Premium,14,1-2y,16,1.0,20,138.58,433.38,2443.42,0.598,0.368,7,13,5,0.2551,0,0.0079,0.095,0.294,38,72,5.41,36.35,0.233,921.93,0.351,50.09
UPI03971,Delhi,Android,Full,1,0-6m,19,1.98,25,437.07,1483.07,10173.47,0.491,0.543,18,5,6,0.2402,0,0.009,0.079,0.323,28,46,5.82,26.3,0.446,5007.74,0.238,72.63
UPI03972,Delhi,iOS,Premium,8,6-12m,19,0.92,1,235.76,686.84,245.91,0.521,0.465,0,1,4,0.35,2,0.2,0.137,0.349,27,34,5.67,250,0.365,205.22,0.394,100
UPI03973,Chennai,Android,Full,1,0-6m,19,2.02,43,3976.2,7720.66,180818.59,0.745,0.196,25,16,4,0.1055,0,0.0074,0.15,0.276,39,45,4.52,15.75,0.392,79903.32,0.455,32.88
UPI03974,Delhi,iOS,Full,20,1-2y,13,5.0,29,299.46,622.24,7989.34,0.516,0.484,16,14,5,0.1802,0,0.0071,0.07,0.297,27,43,4.54,26.13,0.14,2548.49,0.291,49.54
UPI03975,Mumbai,Android,Full,5,0-6m,19,5.13,113,4349.78,13777.14,505511.48,0.586,0.417,55,57,4,0.0421,0,0.0059,0.17,0.308,38,59,4.46,3.9,0.498,298615.21,0.269,32.46
UPI03976,Bengaluru,iOS,Minimum,15,1-2y,22,5.63,137,793.86,1352.44,116873.61,0.932,0.051,76,57,7,0.0533,1,0.0164,0.096,0.335,67,110,7.28,5.43,0.238,16351.71,0.494,28.64
UPI03977,Pune,Android,Premium,32,2y+,16,0.5,13,4145.01,6440.87,62706.92,0.804,0.199,13,0,2,0.1571,3,0.2,0.154,0.261,48,72,6.61,59.23,0.218,15458.58,0.437,62.1
UPI03978,Delhi,Android,Full,19,1-2y,24,3.48,81,864.49,2838.87,70395.16,0.701,0.288,50,29,7,0.0868,1,0.0159,0.112,0.28,65,74,4.09,13.2,0.437,36467.5,0.348,25.32
UPI03979,Pune,Android,Full,18,1-2y,20,2.87,48,655.12,2257.49,26241.6,0.692,0.29,20,33,4,0.0855,2,0.0483,0.063,0.236,35,41,7.54,7.57,0.562,8189.05,0.287,26.16
UPI03980,Kolkata,Android,Full,16,1-2y,24,7.64,216,1001.59,2244.02,191580.96,0.796,0.203,181,34,5,0.0318,1,0.0146,0.137,0.388,53,97,1.18,3.39,0.106,72768.48,0.359,27.14
UPI03981,Kolkata,Android,Minimum,13,1-2y,21,7.43,149,966.61,1900.92,152623.95,0.946,0.035,109,38,7,0.048,3,0.0301,0.113,0.438,65,129,6.37,3.58,0.15,36049.67,0.43,21.95
UPI03982,Ahmedabad,Android,Premium,9,6-12m,23,2.75,77,2710.45,10507.35,207205.43,0.58,0.369,42,31,1,0.0235,0,0.0064,0.04,0.225,30,56,5.62,11.2,0.613,93400.53,0.279,18.69
UPI03983,Ahmedabad,Android,Full,17,1-2y,20,4.76,35,939.54,2966.9,29206.01,0.791,0.18,17,19,0,0.0065,1,0.0287,0.194,0.416,54,80,4.37,27.24,0.567,18262.85,0.475,24.68
UPI03984,Mumbai,Android,Full,20,1-2y,20,3.4,87,592.82,1841.31,53478.41,0.718,0.328,60,23,3,0.0444,3,0.0373,0.123,0.416,50,66,3.94,8.17,0.435,41031.01,0.401,29.33
UPI03985,Ahmedabad,Android,Premium,16,1-2y,9,1.03,15,347.8,878.34,5590.59,0.33,0.597,6,5,0,0.0018,3,0.2,0.122,0.298,10,14,2.48,50.85,0.423,3008.47,0.22,37.01
UPI03986,Mumbai,Android,Minimum,14,1-2y,4,0.85,1,660.18,1869.15,552.82,0.582,0.465,0,0,2,0.35,1,0.2,0.142,0.347,6,7,2.65,250,0.359,50,0.27,90.6
UPI03987,Ahmedabad,Android,Minimum,1,0-6m,16,2.72,36,899.13,3004.8,34804.75,0.902,0.078,27,13,2,0.0625,2,0.0612,0.111,0.297,32,54,4.34,14.26,0.293,17849.78,0.446,31.13
UPI03988,Pune,Android,Minimum,30,2y+,21,5.88,113,421.63,1243.05,40631.61,0.54,0.442,48,64,0,0.0034,1,0.0175,0.141,0.213,29,47,2.32,3.86,0.438,11346.04,0.317,18.57
UPI03989,Pune,Android,Full,10,6-12m,8,4.07,39,689.98,2214.77,26372.05,0.57,0.383,24,16,0,0.0101,1,0.0288,0.081,0.285,15,26,4.16,18.95,0.485,11548.02,0.331,21.19
UPI03990,Ahmedabad,Android,Full,8,6-12m,19,3.45,87,855.81,2192.62,68966.92,0.665,0.369,36,55,0,0.0012,2,0.0267,0.141,0.313,40,63,6.37,13.22,0.343,37402.02,0.39,23.79
UPI03991,Delhi,iOS,Full,16,1-2y,16,6.06,82,584.01,1207.61,53983.38,0.838,0.173,52,28,3,0.0407,1,0.0196,0.064,0.408,21,27,3.96,4.1,0.375,32233.43,0.451,22.85
UPI03992,Ahmedabad,Android,Minimum,7,6-12m,23,5.1,139,673.98,1566.83,90184.23,0.488,0.552,41,97,1,0.0154,1,0.017,0.062,0.203,41,72,4.58,6.41,0.363,11933.35,0.228,20.61
UPI03993,Hyderabad,Android,Full,19,1-2y,12,3.75,38,531.95,1746.1,21973.37,0.564,0.445,10,26,2,0.053,1,0.028,0.06,0.309,28,44,4.42,16.69,0.257,14952.39,0.294,22.66
UPI03994,Pune,iOS,Premium,11,6-12m,19,5.2,70,1257.48,3320.07,96397.43,0.891,0.101,46,23,4,0.0579,5,0.0731,0.181,0.317,37,46,5.08,7.23,0.417,15250.47,0.463,28.48
UPI03995,Chennai,iOS,Full,19,1-2y,27,4.49,86,80.87,212.25,6171.81,0.642,0.342,58,22,3,0.036,1,0.0202,0.17,0.225,104,247,7.34,10.17,0.26,3278.45,0.4,25.42
UPI03996,Delhi,Android,Full,3,0-6m,20,4.16,91,2227.69,4989.15,224598.6,0.552,0.506,56,36,5,0.0563,0,0.0065,0.106,0.231,39,53,5.75,4.46,0.287,158931.88,0.372,26.73
UPI03997,Mumbai,Android,Premium,27,2y+,21,3.23,62,682.2,2170.47,47851.14,0.471,0.53,13,52,3,0.0553,3,0.0538,0.128,0.408,49,61,8.06,11.63,0.457,15510.78,0.285,29.49
UPI03998,Bengaluru,iOS,Minimum,13,1-2y,19,4.66,72,630.2,1871.69,41500.63,0.785,0.22,45,22,4,0.0675,4,0.0651,0.112,0.311,35,66,6.49,12.89,0.513,28994.17,0.467,28.16
UPI03999,Ahmedabad,iOS,Minimum,6,0-6m,24,4.36,101,1073.36,2567.66,95531.27,0.854,0.116,61,39,0,0.0089,0,0.0032,0.087,0.381,56,117,4.21,5.88,0.347,29204.08,0.398,18.75
UPI04000,Bengaluru,Android,Full,21,1-2y,17,5.55,93,185.87,404.72,14565.5,0.836,0.138,63,31,4,0.0508,1,0.02,0.184,0.377,56,90,5.15,9.23,0.237,2735.15,0.433,26.0
UPI04001,Mumbai,Android,Full,26,2y+,28,8.44,243,280.33,762.33,66543.29,0.709,0.319,134,110,3,0.0262,1,0.0123,0.128,0.384,92,181,5.49,5.03,0.495,14775.82,0.449,37.04
UPI04002,Kolkata,iOS,Minimum,31,2y+,25,5.78,124,826.72,1595.19,87905.93,0.834,0.146,57,68,9,0.0842,2,0.0241,0.13,0.39,59,104,3.45,2.59,0.21,25472.69,0.481,22.56
UPI04003,Hyderabad,Android,Premium,15,1-2y,7,0.7,1,463.39,1521.05,541.59,0.649,0.375,0,1,0,0.0125,1,0.2,0.084,0.288,13,13,5.85,250,0.4,50,0.393,46.1
UPI04004,Ahmedabad,Android,Full,10,6-12m,26,1.55,42,394.16,739.06,15909.87,0.655,0.303,19,28,2,0.0564,3,0.072,0.045,0.258,45,69,5.5,14.63,0.266,8847.11,0.36,23.98
UPI04005,Bengaluru,Android,Minimum,9,6-12m,3,1.25,5,257.66,461.56,1203.37,0.314,0.757,5,0,1,0.2002,4,0.2,0.065,0.483,2,3,0.5,146.26,0.32,1698.53,0.245,57.26
UPI04006,Ahmedabad,iOS,Full,37,2y+,7,1.19,20,750.52,1976.49,12356.82,0.511,0.416,7,12,4,0.2082,0,0.0082,0.148,0.478,9,14,3.1,34.38,0.449,9550.2,0.347,56.64
UPI04007,Delhi,iOS,Full,10,6-12m,14,5.65,84,824.94,2095.92,73584.17,0.881,0.12,80,1,4,0.0575,2,0.0259,0.049,0.376,43,74,4.58,11.13,0.229,51314.51,0.384,19.95
UPI04008,Hyderabad,Android,Full,15,1-2y,14,6.03,104,1465.44,4822.17,161551.23,0.588,0.522,63,39,25,0.2516,5,0.0516,0.638,0.42,50,98,9.2,6.87,0.82,15137.96,0.429,90.45
UPI04009,Pune,iOS,Minimum,23,1-2y,16,8.15,150,173.86,465.22,29056.25,0.703,0.266,78,67,3,0.0303,2,0.0184,0.085,0.346,59,85,8.0,3.26,0.461,13870.17,0.399,33.85
UPI04010,Kolkata,Android,Minimum,20,1-2y,17,4.97,98,798.27,2965.24,85367.15,0.884,0.1,59,40,4,0.0491,2,0.0247,0.047,0.377,31,45,4.87,9.28,0.725,55574.44,0.515,28.84
UPI04011,Hyderabad,Android,Minimum,11,6-12m,14,1.83,35,425.34,782.46,15241.29,0.711,0.307,18,13,5,0.1448,2,0.0588,0.064,0.364,44,62,2.88,17.15,0.05,9882.67,0.432,33.45
UPI04012,Mumbai,Android,Minimum,30,2y+,21,7.98,168,2275.0,5267.21,444353.41,0.278,0.694,32,132,13,0.0912,5,0.0341,0.361,0.345,52,138,7.68,3.02,0.562,272738.72,0.217,38.88
UPI04013,Mumbai,iOS,Full,24,1-2y,22,5.64,135,73.31,256.43,10741.47,0.618,0.42,53,78,4,0.0397,0,0.0044,0.168,0.275,90,151,1.92,5.49,0.608,6960.72,0.31,23.71
UPI04014,Hyderabad,Android,Full,16,1-2y,28,8.57,281,500.54,1192.83,151443.58,0.858,0.115,221,59,4,0.0255,5,0.0221,0.172,0.425,94,165,5.55,1.4,0.545,74662.49,0.521,21.51
UPI04015,Chennai,iOS,Premium,12,6-12m,15,4.4,39,1009.66,2115.63,37666.03,0.817,0.159,27,13,4,0.1176,2,0.0572,0.093,0.366,31,41,6.7,21.85,0.202,3276.56,0.497,29.39
UPI04016,Mumbai,Android,Minimum,2,0-6m,5,0.5,5,492.4,997.05,2837.91,0.586,0.42,5,1,0,0.0117,0,0.0064,0.029,0.192,5,8,3.22,151.7,0.172,136.73,0.322,10.56
UPI04017,Delhi,Android,Full,30,2y+,12,3.3,41,564.18,1588.56,26320.22,0.872,0.099,39,0,3,0.0856,2,0.0558,0.083,0.258,22,32,5.04,18.35,0.481,11731.59,0.485,29.22
UPI04018,Pune,Android,Minimum,20,1-2y,16,0.5,1,1590.67,7016.75,1357.8,0.214,0.802,0,1,18,0.35,6,0.2,0.49,0.58,49,137,12.59,250,0.726,1545.67,0.243,100
UPI04019,Chennai,Android,Full,10,6-12m,14,2.46,30,3649.68,7827.5,94282.54,0.68,0.347,18,10,3,0.105,0,0.0003,0.129,0.293,30,49,6.16,26.06,0.339,57578.38,0.332,28.95
UPI04020,Chennai,Android,Full,25,2y+,22,4.37,99,135.57,343.68,12079.41,0.569,0.385,44,49,3,0.0405,2,0.0263,0.125,0.341,56,122,9.26,12.01,0.243,2690.16,0.375,17.95
UPI04021,Pune,Android,Full,19,1-2y,24,4.21,101,1157.83,3547.51,110050.17,0.946,0.083,81,21,3,0.0447,1,0.0173,0.123,0.364,81,129,5.63,7.91,0.575,75802.41,0.454,24.29
UPI04022,Mumbai,Android,Full,18,1-2y,31,4.37,114,1093.42,2530.99,114083.68,0.902,0.098,73,45,6,0.0652,0,0.0018,0.077,0.22,50,67,2.98,5.93,0.333,61581.54,0.427,28.08
UPI04023,Bengaluru,Android,Full,31,2y+,7,15.78,115,1566.33,3436.18,157150.13,0.265,0.803,21,95,25,0.2218,0,0.0006,0.329,0.684,40,95,4.45,2.3,0.55,67588.33,0.346,93.78
UPI04024,Mumbai,Android,Full,31,2y+,25,5.55,146,127.64,310.58,20955.0,0.609,0.354,76,69,7,0.053,4,0.0326,0.167,0.331,63,138,8.19,6.94,0.281,6217.86,0.343,37.99
UPI04025,Hyderabad,Android,Full,15,1-2y,16,3.63,49,5923.59,20400.6,248556.37,0.629,0.424,25,24,4,0.0912,0,0.0007,0.167,0.231,24,29,6.87,10.79,0.566,78132.05,0.374,32.58
UPI04026,Delhi,Android,Premium,8,6-12m,15,3.4,58,782.4,1495.48,44326.03,0.878,0.151,38,23,1,0.0203,1,0.0176,0.18,0.253,39,53,3.9,8.24,0.177,28120.88,0.39,13.38
UPI04027,Ahmedabad,iOS,Full,23,1-2y,19,3.79,60,2342.8,7920.23,141597.93,0.641,0.343,29,34,2,0.0348,0,0.0058,0.092,0.303,44,82,3.44,8.74,0.572,57640.77,0.334,15.05
UPI04028,Delhi,Android,Full,22,1-2y,25,6.95,207,368.13,735.7,75712.87,0.63,0.337,109,98,6,0.0304,2,0.0112,0.064,0.319,64,88,4.25,3.88,0.319,39284.19,0.304,29.55
UPI04029,Hyderabad,Android,Minimum,13,1-2y,24,8.61,222,130.45,417.18,30049.59,0.5,0.545,104,120,0,0.0143,1,0.0079,0.065,0.345,59,95,1.83,1.36,0.361,8435.27,0.315,23.71
UPI04030,Bengaluru,iOS,Full,21,1-2y,31,9.29,311,330.9,967.41,89496.36,0.612,0.368,144,169,1,0.0087,0,0.006,0.1,0.299,109,234,5.97,7.78,0.475,35297.56,0.317,34.3
UPI04031,Delhi,Android,Full,21,1-2y,20,5.26,100,574.1,1048.81,59218.97,0.461,0.523,31,66,3,0.0327,3,0.039,0.06,0.228,42,66,6.08,8.33,0.05,9507.32,0.233,18.85
UPI04032,Delhi,iOS,Minimum,27,2y+,22,4.9,93,4157.17,9795.75,324418.5,0.651,0.379,38,61,2,0.0271,2,0.0296,0.164,0.34,52,92,4.37,2.6,0.221,41474.31,0.354,17.69
UPI04033,Hyderabad,Android,Minimum,23,1-2y,25,5.4,128,239.9,611.76,26351.53,0.693,0.278,77,49,9,0.0792,2,0.0172,0.141,0.221,102,174,4.6,1.75,0.333,12888.17,0.284,47.48
UPI04034,Ahmedabad,Android,Full,1,0-6m,9,1.7,12,520.03,1379.56,7260.18,0.639,0.376,7,8,0,0.0097,0,0.0073,0.125,0.393,9,15,3.82,64.99,0.554,127.28,0.329,13.85
UPI04035,Mumbai,Android,Premium,35,2y+,23,4.16,126,2890.86,10320.37,415318.8,0.67,0.303,71,57,5,0.0444,1,0.0173,0.107,0.219,30,35,2.69,4.43,0.417,69512.9,0.369,21.8
UPI04036,Ahmedabad,Android,Full,28,2y+,6,1.44,10,317.69,796.77,3746.57,0.637,0.392,8,4,0,0.0039,0,0.0003,0.087,0.327,6,7,1.51,75.76,0.202,2344.52,0.419,13.88
UPI04037,Pune,Android,Minimum,12,6-12m,26,3.49,93,887.81,2881.22,82400.35,0.488,0.507,36,51,0,0.0138,1,0.0124,0.067,0.282,58,115,4.51,10.16,0.7,53552.97,0.316,25.36
UPI04038,Mumbai,Android,Minimum,20,1-2y,25,6.35,136,171.36,448.82,24469.41,0.675,0.285,93,40,0,0.0043,1,0.0079,0.216,0.25,97,164,10.45,3.5,0.461,15119.64,0.387,20.81
UPI04039,Ahmedabad,iOS,Minimum,20,1-2y,26,9.3,222,212.18,616.91,39715.85,0.502,0.517,93,129,4,0.0314,2,0.0146,0.102,0.224,47,103,5.38,0.2,0.48,13073.0,0.33,31.99
UPI04040,Delhi,Android,Full,14,1-2y,24,6.83,160,179.1,314.54,32336.41,0.505,0.451,51,108,0,0.0117,0,0.0058,0.092,0.25,72,159,3.43,7.45,0.335,9263.18,0.296,35.53
UPI04041,Pune,Android,Full,8,6-12m,19,1.69,17,513.7,962.55,8790.13,0.658,0.374,10,2,0,0.0121,0,0.0008,0.109,0.226,57,85,4.8,39.73,0.05,892.67,0.405,14.19
UPI04042,Mumbai,Android,Full,1,0-6m,14,2.6,30,839.57,2122.62,29593.64,0.704,0.325,11,18,3,0.1128,2,0.0685,0.099,0.417,35,45,2.74,25.18,0.407,20326.12,0.418,43.85
UPI04043,Ahmedabad,Android,Premium,19,1-2y,31,8.11,209,159.41,311.27,34175.28,0.565,0.466,114,97,0,0.0052,0,0.0031,0.143,0.25,119,285,6.31,1.89,0.25,13789.33,0.336,17.87
UPI04044,Mumbai,Android,Minimum,14,1-2y,26,9.51,247,61.77,158.02,16341.74,0.52,0.453,88,158,7,0.0328,1,0.0115,0.131,0.341,100,190,5.57,4.05,0.483,3920.77,0.275,29.15
UPI04045,Kolkata,Android,Full,8,6-12m,6,1.55,8,296.15,874.92,2721.22,0.304,0.617,4,4,0,0.0083,0,0.0039,0.14,0.236,6,6,4.38,93.54,0.337,738.09,0.285,20.7
UPI04046,Bengaluru,Android,Minimum,14,1-2y,24,3.95,79,1545.02,5377.19,103595.78,0.932,0.062,59,19,2,0.0313,2,0.0278,0.117,0.312,74,136,5.24,5.55,0.737,36275.34,0.52,29.49
UPI04047,Ahmedabad,Android,Minimum,10,6-12m,25,7.28,174,162.64,383.49,24982.25,0.687,0.304,105,63,8,0.0474,2,0.0202,0.194,0.359,57,81,6.63,7.66,0.19,16791.66,0.335,31.3
UPI04048,Hyderabad,Android,Minimum,33,2y+,13,7.65,105,1720.0,4919.99,193414.45,0.611,0.383,40,64,25,0.2474,0,0.0087,0.544,0.573,40,91,8.75,7.53,0.487,88382.11,0.396,73.53
UPI04049,Chennai,iOS,Full,28,2y+,24,3.48,91,1013.38,1747.51,85202.28,0.821,0.205,89,0,0,0.0016,4,0.0529,0.045,0.334,54,106,6.8,7.82,0.173,47414.41,0.497,22.32
UPI04050,Mumbai,iOS,Full,8,6-12m,19,5.06,100,382.37,1418.77,35519.34,0.884,0.131,69,29,7,0.0728,0,0.0064,0.167,0.282,50,61,5.66,5.27,0.493,21065.8,0.413,26.81
UPI04051,Hyderabad,iOS,Full,11,6-12m,20,3.44,28,162.76,491.07,4874.55,0.707,0.256,17,14,7,0.2576,3,0.1098,0.139,0.264,41,63,7.35,23.37,0.391,5957.82,0.369,68.12
UPI04052,Hyderabad,iOS,Premium,14,1-2y,20,3.12,61,1069.99,1261.24,68443.26,0.812,0.2,41,21,2,0.047,4,0.0678,0.128,0.423,55,67,6.33,12.86,0.05,40344.5,0.442,38.79
UPI04053,Kolkata,Android,Full,27,2y+,16,5.82,97,844.12,2096.74,78338.7,0.83,0.158,69,28,6,0.0629,0,0.0,0.056,0.222,43,73,6.81,4.6,0.348,38256.79,0.398,27.9
UPI04054,Mumbai,Android,Full,33,2y+,24,8.05,198,154.02,308.09,34969.93,0.686,0.298,90,108,7,0.0444,1,0.0066,0.198,0.311,81,134,5.15,6.3,0.471,17831.58,0.427,31.85
UPI04055,Kolkata,Android,Full,13,1-2y,27,6.9,174,1033.09,1754.63,176714.85,0.909,0.08,129,48,0,0.009,0,0.0077,0.07,0.393,64,118,5.42,2.66,0.214,53808.0,0.499,23.7
UPI04056,Pune,iOS,Full,9,6-12m,20,1.67,53,387.45,853.02,22737.47,0.695,0.272,33,18,2,0.0526,1,0.0271,0.165,0.358,41,62,3.19,12.84,0.304,9405.37,0.353,19.96
UPI04057,Bengaluru,Android,Full,31,2y+,8,0.64,13,440.62,1309.05,5466.12,0.608,0.471,13,0,1,0.0845,1,0.0829,0.051,0.415,6,8,2.28,52.75,0.41,50,0.343,36.46
UPI04058,Pune,iOS,Full,27,2y+,22,4.08,77,256.23,513.05,17616.86,0.489,0.535,37,40,9,0.1233,0,0.0055,0.204,0.359,87,179,7.04,7.75,0.335,8477.03,0.318,34.15
UPI04059,Ahmedabad,Android,Minimum,21,1-2y,4,0.06,1,20,56.22,100,0.508,0.454,0,0,1,0.35,0,0.0046,0.146,0.519,6,7,3.9,250,0.351,50,0.387,71.31
UPI04060,Mumbai,Android,Minimum,27,2y+,9,1.56,9,333.82,987.66,3400.5,0.303,0.657,1,3,0,0.0098,0,0.0089,0.147,0.461,13,13,2.45,80.74,0.424,1676.72,0.217,18.2
UPI04061,Chennai,Android,Full,17,1-2y,17,3.16,61,252.95,441.84,12851.39,0.589,0.42,26,37,5,0.0852,0,0.005,0.105,0.399,66,156,5.91,13.35,0.122,10177.19,0.304,22.22
UPI04062,Pune,Android,Full,1,0-6m,7,5.71,37,1751.75,7468.09,59842.06,0.512,0.501,16,14,17,0.35,0,0.0033,0.558,0.695,10,22,7.73,19.23,0.817,14370.94,0.315,95.19
UPI04063,Mumbai,Android,Premium,12,6-12m,2,1.33,2,398.88,1320.45,752.01,0.612,0.338,2,0,1,0.35,1,0.2,0.073,0.324,8,11,4.43,250,0.387,2116.34,0.365,98.28
UPI04064,Ahmedabad,Android,Full,18,1-2y,4,1.55,7,235.84,351.79,1835.49,0.339,0.641,0,6,2,0.2975,2,0.2,0.098,0.199,9,13,5.33,102.28,0.151,50,0.259,82.97
UPI04065,Pune,Android,Premium,20,1-2y,25,4.81,137,498.89,837.38,67079.72,0.824,0.154,98,38,2,0.0289,0,0.0098,0.12,0.332,67,116,5.49,10.02,0.217,36900.51,0.413,22.77
UPI04066,Delhi,iOS,Full,33,2y+,14,3.58,59,304.12,698.17,18345.85,0.495,0.493,22,39,1,0.0281,1,0.017,0.135,0.41,34,39,3.7,18.64,0.216,8696.06,0.396,26.77
UPI04067,Ahmedabad,Android,Premium,16,1-2y,12,2.21,25,2963.16,10215.13,61214.03,0.759,0.246,19,6,0,0.0107,0,0.001,0.091,0.257,17,25,5.8,28.23,0.447,16235.36,0.401,13.08
UPI04068,Bengaluru,Android,Minimum,19,1-2y,27,7.36,215,498.65,1948.28,104766.05,0.878,0.105,122,92,0,0.0032,1,0.0066,0.185,0.21,79,143,5.99,0.2,0.48,57596.15,0.364,6.37
UPI04069,Mumbai,Android,Full,16,1-2y,25,9.08,210,52.63,137.75,11079.88,0.527,0.466,94,115,3,0.02,0,0.0015,0.081,0.377,60,115,7.88,0.81,0.32,1715.36,0.38,12.7
UPI04070,Hyderabad,Android,Premium,3,0-6m,19,3.88,66,610.42,1463.29,33967.39,0.532,0.497,19,45,1,0.0271,0,0.0002,0.112,0.253,46,71,2.75,11.53,0.32,19457.18,0.367,17.32
UPI04071,Hyderabad,iOS,Full,24,1-2y,29,7.14,211,214.27,487.82,50067.84,0.489,0.516,102,111,3,0.0204,2,0.0188,0.219,0.327,104,176,6.24,5.97,0.05,14064.62,0.297,30.07
UPI04072,Ahmedabad,iOS,Minimum,8,6-12m,8,0.89,4,299.24,755.66,1082.02,0.618,0.425,0,3,3,0.35,1,0.2,0.113,0.378,15,26,2.04,176.42,0.308,50,0.322,99.52
UPI04073,Ahmedabad,Android,Full,40,2y+,20,7.83,184,137.67,472.4,28163.51,0.497,0.48,89,96,6,0.0457,0,0.0053,0.097,0.225,56,87,5.27,0.2,0.404,14329.15,0.234,29.89
UPI04074,Chennai,iOS,Full,9,6-12m,4,3.35,18,1367.98,4306.31,26908.96,0.601,0.344,8,12,15,0.35,2,0.1148,0.41,0.648,13,23,12.07,42.42,0.891,13723.09,0.365,98.47
UPI04075,Mumbai,Android,Premium,19,1-2y,9,3.46,40,3277.14,8519.78,134945.78,0.641,0.416,18,18,4,0.1133,0,0.0079,0.179,0.349,11,17,2.52,19.34,0.435,16331.02,0.33,49.51
UPI04076,Bengaluru,Android,Premium,12,6-12m,1,1.1,1,394.4,1049.11,406.55,0.423,0.604,1,1,0,0.0094,1,0.2,0.106,0.2,2,3,3.36,250,0.357,50,0.328,41.93
UPI04077,Kolkata,Android,Premium,1,0-6m,20,6.08,99,600.41,1953.16,50311.59,0.492,0.5,54,44,3,0.0316,0,0.0056,0.118,0.316,48,55,4.61,7.75,0.564,10351.66,0.348,36.51
UPI04078,Chennai,iOS,Full,6,0-6m,21,1.67,26,1981.66,6148.58,52253.25,0.644,0.406,6,25,4,0.1621,1,0.0417,0.109,0.319,36,61,2.38,25.33,0.406,39882.24,0.42,50.98
UPI04079,Ahmedabad,Android,Minimum,14,1-2y,25,6.79,197,153.03,365.08,30949.15,0.701,0.318,82,120,4,0.0303,2,0.0181,0.114,0.35,51,72,4.53,5.05,0.363,15667.98,0.347,26.02
UPI04080,Kolkata,Android,Full,16,1-2y,22,6.45,127,179.52,309.09,20329.62,0.528,0.459,47,84,0,0.0042,0,0.0078,0.078,0.259,66,163,4.65,1.64,0.168,10453.15,0.317,15.0
UPI04081,Hyderabad,Android,Full,34,2y+,28,4.68,148,213.93,799.95,27717.94,0.665,0.349,96,46,7,0.0518,0,0.0094,0.153,0.336,87,114,6.75,2.04,0.452,3087.23,0.373,31.3
UPI04082,Bengaluru,iOS,Full,25,2y+,7,0.48,7,391.38,1226.97,3116.46,0.343,0.731,0,5,1,0.1497,2,0.2,0.092,0.181,17,22,4.05,103.54,0.477,2052.39,0.172,70.12
UPI04083,Kolkata,iOS,Premium,33,2y+,5,0.35,1,387.39,1312.85,336.15,0.322,0.661,0,1,2,0.35,0,0.0084,0.147,0.377,3,3,2.77,250,0.433,50,0.292,77.76
UPI04084,Chennai,Android,Full,30,2y+,20,5.27,105,265.04,648.9,28063.31,0.92,0.103,67,33,5,0.0541,1,0.0193,0.139,0.206,40,56,6.39,7.07,0.154,22302.95,0.432,21.83
UPI04085,Delhi,Android,Minimum,9,6-12m,24,4.89,124,568.25,1769.84,71951.99,0.785,0.22,83,43,2,0.0228,1,0.0159,0.193,0.43,38,60,5.43,7.01,0.2,20543.19,0.415,19.88
UPI04086,Pune,Android,Full,10,6-12m,17,8.7,163,2722.65,9486.04,474321.67,0.338,0.739,53,103,13,0.0997,5,0.0358,0.777,0.555,42,113,7.51,0.2,0.818,223231.35,0.359,72.04
UPI04087,Chennai,Android,Minimum,32,2y+,24,3.32,81,382.8,1259.09,36340.48,0.78,0.217,60,23,0,0.0131,2,0.0261,0.168,0.396,46,78,5.14,10.76,0.374,19420.57,0.43,10.95
UPI04088,Hyderabad,Android,Minimum,7,6-12m,10,4.52,48,288.45,992.57,14015.43,0.554,0.484,25,23,2,0.0524,0,0.0062,0.158,0.29,32,42,4.4,17.47,0.518,3404.77,0.335,40.54
UPI04089,Delhi,iOS,Full,20,1-2y,6,1.66,11,753.01,2074.58,8632.16,0.487,0.45,0,11,0,0.0079,0,0.0009,0.145,0.433,8,10,3.66,65.59,0.324,3709.26,0.252,8.19
UPI04090,Pune,iOS,Premium,8,6-12m,20,6.83,119,793.29,2918.97,86113.96,0.857,0.127,70,48,8,0.0678,1,0.0138,0.116,0.248,52,68,5.2,3.9,0.334,10945.25,0.356,29.9
UPI04091,Pune,Android,Full,37,2y+,11,2.97,34,356.38,991.92,13162.35,0.652,0.335,7,26,1,0.0304,2,0.0684,0.16,0.353,42,54,6.78,15.57,0.482,3357.99,0.399,26.32
UPI04092,Delhi,iOS,Minimum,18,1-2y,20,8.85,164,883.6,2529.36,136348.54,0.461,0.426,72,93,27,0.1804,9,0.0605,0.734,0.488,72,198,9.0,0.2,0.626,31158.12,0.272,87.22
UPI04093,Ahmedabad,iOS,Premium,1,0-6m,20,3.54,44,230.29,351.15,8724.71,0.496,0.54,18,29,4,0.099,3,0.0769,0.208,0.227,57,72,4.75,19.73,0.05,2293.89,0.232,57.03
UPI04094,Ahmedabad,Android,Full,26,2y+,25,6.9,200,208.94,608.58,45910.24,0.626,0.376,111,84,6,0.0344,0,0.0,0.076,0.257,62,90,4.52,4.86,0.39,25384.53,0.287,18.4
UPI04095,Chennai,Android,Minimum,24,1-2y,19,8.14,157,98.34,203.62,15098.6,0.578,0.447,73,82,6,0.039,2,0.0159,0.059,0.379,77,153,6.31,4.01,0.33,3153.74,0.3,31.4
UPI04096,Pune,Android,Full,4,0-6m,21,4.47,72,618.08,2129.29,42709.1,0.88,0.096,61,13,2,0.0299,3,0.0465,0.112,0.255,48,92,5.15,11.0,0.319,28904.01,0.469,21.15
UPI04097,Mumbai,Android,Full,28,2y+,22,4.9,121,644.02,1397.38,86243.97,0.816,0.191,86,34,5,0.0539,5,0.0433,0.169,0.282,50,62,7.31,5.96,0.444,51827.6,0.406,21.47
UPI04098,Delhi,Android,Minimum,2,0-6m,11,4.59,50,193.73,475.9,8635.83,0.537,0.493,7,48,5,0.1129,0,0.006,0.127,0.367,28,35,4.45,15.34,0.456,3104.16,0.376,43.12
UPI04099,Kolkata,Android,Full,12,6-12m,2,1.99,3,639.44,1600.41,2075.64,0.35,0.721,1,0,1,0.3357,1,0.2,0.022,0.36,2,3,4.74,235.1,0.271,2653.05,0.274,88.38
UPI04100,Mumbai,iOS,Minimum,10,6-12m,16,3.86,59,1977.19,6012.81,121310.82,0.609,0.406,31,24,5,0.0925,2,0.0377,0.081,0.23,31,55,6.66,13.95,0.264,85194.62,0.353,35.31
UPI04101,Bengaluru,Android,Minimum,21,1-2y,10,0.72,10,360.78,1119.99,3028.53,0.609,0.329,4,3,0,0.0049,0,0.0082,0.145,0.276,19,29,5.35,76.26,0.451,2152.33,0.295,11.5
UPI04102,Chennai,Android,Full,33,2y+,14,2.79,71,310.13,870.53,25324.21,0.66,0.347,36,31,1,0.022,1,0.0237,0.176,0.385,45,54,5.06,9.49,0.361,4256.94,0.376,16.53
UPI04103,Hyderabad,Android,Full,1,0-6m,23,9.63,247,238.88,552.31,66820.72,0.498,0.457,120,133,6,0.0308,0,0.0081,0.148,0.222,53,125,6.48,4.83,0.411,22549.44,0.241,39.22
UPI04104,Bengaluru,Android,Full,14,1-2y,19,5.55,89,277.28,771.81,24938.65,0.697,0.322,61,23,7,0.0918,3,0.0401,0.079,0.241,51,69,3.12,3.92,0.339,10668.61,0.306,29.38
UPI04105,Hyderabad,iOS,Full,32,2y+,10,9.31,107,1048.34,2823.77,100334.54,0.485,0.443,39,63,22,0.2256,4,0.0378,0.56,0.481,21,29,1.9,9.64,0.682,63934.96,0.375,83.21
UPI04106,Delhi,Android,Premium,23,1-2y,3,0.08,2,114.07,243.95,200.03,0.577,0.404,0,2,1,0.35,0,0.0089,0.084,0.326,2,3,5.42,250,0.455,1024.32,0.321,85.87
UPI04107,Bengaluru,iOS,Full,29,2y+,13,3.22,34,1078.52,2064.33,42139.84,0.799,0.208,26,9,4,0.1298,2,0.0643,0.156,0.208,44,91,3.29,22.1,0.347,8461.57,0.342,46.35
UPI04108,Hyderabad,Android,Full,17,1-2y,20,5.1,110,5427.9,13149.34,519979.0,0.639,0.332,67,35,5,0.0483,0,0.0026,0.128,0.291,38,62,4.75,1.76,0.22,333303.47,0.331,28.91
UPI04109,Ahmedabad,iOS,Full,26,2y+,9,0.47,8,804.99,2309.81,5751.85,0.402,0.593,0,8,0,0.0142,1,0.1267,0.117,0.27,9,15,3.27,90.81,0.368,1657.32,0.254,41.65
UPI04110,Bengaluru,Android,Minimum,28,2y+,25,5.49,169,137.54,336.45,27266.3,0.687,0.308,82,85,4,0.028,4,0.0322,0.186,0.24,96,229,6.97,0.2,0.413,6816.05,0.367,31.98
UPI04111,Mumbai,iOS,Premium,19,1-2y,18,9.34,179,199.74,662.04,38899.0,0.698,0.318,127,51,3,0.0194,1,0.0093,0.084,0.321,71,161,6.53,0.2,0.41,23681.32,0.369,29.2
UPI04112,Hyderabad,Android,Full,29,2y+,16,7.5,123,801.25,2142.25,105246.43,0.286,0.708,28,95,2,0.0224,0,0.0002,0.455,0.409,62,183,6.7,11.44,0.443,70915.21,0.283,44.68
UPI04113,Delhi,Android,Full,23,1-2y,18,8.12,152,36.52,68.33,5129.79,0.491,0.493,66,88,4,0.035,0,0.01,0.116,0.227,45,87,6.19,4.59,0.129,1831.74,0.309,21.54
UPI04114,Pune,Android,Premium,17,1-2y,23,4.3,87,670.68,1570.5,57963.69,0.651,0.396,32,56,8,0.1046,2,0.0306,0.134,0.323,34,39,2.86,11.58,0.279,21901.1,0.426,32.34
UPI04115,Mumbai,iOS,Premium,23,1-2y,15,9.66,144,1954.44,7107.92,330521.6,0.344,0.592,30,111,23,0.1651,6,0.0459,0.494,0.537,27,64,7.0,0.2,0.65,205672.57,0.253,72.94
UPI04116,Delhi,Android,Minimum,5,0-6m,21,4.98,89,945.88,3338.36,97525.72,0.936,0.044,66,19,2,0.0243,3,0.0372,0.109,0.217,47,72,6.28,15.14,0.482,35545.52,0.434,18.9
UPI04117,Kolkata,Android,Premium,17,1-2y,22,5.08,120,566.8,1330.16,76144.01,0.938,0.034,84,36,2,0.0197,3,0.0328,0.136,0.255,56,112,6.57,2.89,0.237,22106.61,0.481,4.4
UPI04118,Kolkata,Android,Full,26,2y+,13,3.35,41,954.34,2599.59,41410.66,0.953,0.026,30,12,3,0.0768,2,0.0509,0.184,0.346,44,52,6.16,17.06,0.386,13774.92,0.546,30.74
UPI04119,Hyderabad,Android,Premium,2,0-6m,15,3.6,35,4626.23,15916.68,134888.99,0.776,0.211,20,13,0,0.0121,0,0.0095,0.067,0.342,32,43,5.31,22.47,0.537,50761.27,0.464,29.74
UPI04120,Ahmedabad,Android,Full,27,2y+,28,6.05,148,255.1,591.97,32180.92,0.607,0.345,81,62,7,0.0487,5,0.0375,0.051,0.323,93,193,3.69,1.78,0.492,8088.33,0.366,25.57
UPI04121,Pune,iOS,Full,32,2y+,19,4.14,79,948.56,3340.86,63509.58,0.869,0.119,55,20,2,0.0366,0,0.0014,0.148,0.325,42,86,6.03,8.11,0.519,41488.17,0.504,17.56
UPI04122,Mumbai,iOS,Minimum,18,1-2y,15,3.12,50,4511.74,9591.58,263967.99,0.785,0.163,39,14,1,0.0201,1,0.0206,0.055,0.357,28,40,4.7,6.85,0.207,137398.15,0.48,22.75
UPI04123,Ahmedabad,Android,Full,20,1-2y,20,9.98,196,261.52,763.22,47641.37,0.559,0.446,83,116,0,0.008,0,0.0024,0.102,0.35,55,80,6.39,0.74,0.444,17231.23,0.405,6.8
UPI04124,Kolkata,Android,Full,19,1-2y,20,0.8,5,640.74,1613.45,3221.69,0.809,0.176,0,4,4,0.35,1,0.2,0.091,0.412,52,91,4.66,139.41,0.267,2080.96,0.432,88.77
UPI04125,Ahmedabad,Android,Minimum,21,1-2y,29,10.22,245,258.06,457.05,63535.83,0.564,0.468,94,152,2,0.0093,1,0.0132,0.058,0.226,75,147,7.88,1.08,0.149,25424.52,0.322,23.28
UPI04126,Bengaluru,Android,Full,7,6-12m,17,3.19,42,2976.24,6217.98,121078.34,0.584,0.428,22,16,4,0.0974,0,0.0024,0.082,0.265,24,41,3.22,14.11,0.395,78270.58,0.292,32.15
UPI04127,Pune,Android,Full,6,0-6m,15,2.49,49,859.02,1943.6,45832.93,0.618,0.389,30,17,5,0.1079,1,0.0212,0.106,0.31,25,41,4.17,13.33,0.31,6294.42,0.392,42.49
UPI04128,Kolkata,iOS,Full,19,1-2y,14,1.31,16,1415.7,3657.66,26168.55,0.849,0.169,15,0,2,0.1367,3,0.1928,0.09,0.355,40,50,2.57,52.42,0.383,2564.72,0.461,45.93
UPI04129,Bengaluru,Android,Full,9,6-12m,12,4.17,61,3107.95,7664.53,194953.05,0.751,0.242,39,20,3,0.0647,0,0.0086,0.173,0.38,21,37,3.28,17.27,0.362,40006.84,0.353,31.23
UPI04130,Delhi,Android,Premium,11,6-12m,25,5.16,120,523.88,1449.62,67862.52,0.552,0.457,53,67,0,0.0132,2,0.0245,0.12,0.24,74,135,5.0,4.47,0.391,14533.94,0.261,25.76
UPI04131,Mumbai,Android,Full,1,0-6m,20,0.5,16,2772.7,7522.36,42980.3,0.589,0.434,13,1,2,0.1384,3,0.1954,0.084,0.287,30,55,3.04,45.52,0.263,27150.69,0.387,62.94
UPI04132,Delhi,Android,Full,23,1-2y,21,3.99,74,246.58,663.62,15661.62,0.703,0.309,37,36,0,0.004,3,0.0463,0.127,0.39,73,158,3.72,10.96,0.269,10376.18,0.345,15.75
UPI04133,Mumbai,Android,Minimum,12,6-12m,20,5.06,113,218.52,412.94,22098.4,0.5,0.465,57,56,8,0.0719,1,0.0131,0.149,0.226,68,103,6.68,6.09,0.137,7486.45,0.243,36.91
UPI04134,Kolkata,Android,Full,1,0-6m,13,10.95,124,170.58,617.52,22053.64,0.405,0.613,37,86,31,0.2664,3,0.0242,0.522,0.356,63,138,8.71,1.62,0.66,8557.21,0.327,100
UPI04135,Kolkata,iOS,Full,25,2y+,19,2.26,34,40,163.88,1371.8,0.384,0.702,9,23,27,0.35,3,0.0959,0.395,0.581,56,86,3.93,22.27,0.769,2792.2,0.334,96.62
UPI04136,Hyderabad,Android,Minimum,19,1-2y,25,8.61,197,248.39,489.9,41544.82,0.618,0.412,86,112,1,0.0109,3,0.0225,0.159,0.274,71,98,5.76,3.1,0.16,14600.17,0.404,32.37
UPI04137,Pune,Android,Full,23,1-2y,18,1.25,37,1539.45,3375.28,47858.17,0.831,0.178,27,2,0,0.0047,2,0.0635,0.132,0.284,34,62,4.12,17.63,0.141,31675.89,0.407,13.25
UPI04138,Pune,Android,Minimum,32,2y+,20,0.5,20,296.81,1277.05,5451.78,0.461,0.524,3,16,16,0.35,6,0.2,0.656,0.398,77,165,5.96,34.59,0.789,2491.23,0.273,100
UPI04139,Bengaluru,Android,Minimum,7,6-12m,21,2.05,15,1587.97,3218.24,25472.95,0.755,0.288,12,1,2,0.1462,1,0.0701,0.046,0.22,31,52,5.44,43.89,0.247,5571.24,0.376,52.76
UPI04140,Pune,Android,Minimum,20,1-2y,12,3.39,26,566.12,1694.2,14541.45,0.489,0.527,13,11,0,0.0014,3,0.1168,0.139,0.248,26,28,3.18,25.87,0.623,6141.37,0.307,22.83
UPI04141,Kolkata,Android,Minimum,7,6-12m,27,10.43,274,88.54,217.02,26487.73,0.682,0.361,179,97,7,0.0367,0,0.0055,0.054,0.364,76,126,6.65,3.61,0.381,10327.32,0.453,36.69
UPI04142,Ahmedabad,Android,Premium,30,2y+,3,1.1,6,545.87,1601.58,3492.49,0.343,0.6,4,4,1,0.1676,1,0.1679,0.055,0.463,2,3,2.69,118.49,0.362,1624.86,0.292,56.76
UPI04143,Delhi,Android,Minimum,9,6-12m,4,1.5,2,973.93,3256.83,1984.77,0.357,0.594,2,0,1,0.35,0,0.0031,0.074,0.195,8,12,5.48,250,0.299,2845.8,0.292,57.75
UPI04144,Kolkata,iOS,Minimum,15,1-2y,26,3.51,62,3679.96,7622.76,210186.2,0.597,0.359,25,33,6,0.1047,2,0.038,0.082,0.249,36,41,6.61,12.85,0.119,47047.23,0.27,40.47
UPI04145,Hyderabad,Android,Full,11,6-12m,20,2.02,70,2663.36,5171.76,206172.55,0.679,0.281,39,34,5,0.0797,2,0.0385,0.165,0.264,39,43,3.34,9.83,0.121,42294.68,0.384,35.15
UPI04146,Ahmedabad,iOS,Full,28,2y+,22,5.35,130,634.15,1623.11,75962.97,0.486,0.521,68,63,2,0.0174,0,0.0067,0.154,0.255,43,73,7.21,3.47,0.428,45451.29,0.338,17.47
UPI04147,Ahmedabad,Android,Full,29,2y+,20,4.27,75,289.94,720.14,22187.91,0.908,0.116,41,38,1,0.0247,0,0.002,0.193,0.245,38,68,5.63,11.64,0.262,10683.98,0.48,9.87
UPI04148,Hyderabad,Android,Full,1,0-6m,20,4.77,102,790.92,1808.15,71120.25,0.796,0.198,66,36,7,0.0692,2,0.0254,0.134,0.297,55,68,5.43,8.68,0.336,28270.15,0.437,39.33
UPI04149,Delhi,Android,Full,15,1-2y,6,0.89,2,438.27,2039.48,820.75,0.625,0.399,1,0,1,0.35,0,0.0071,0.108,0.272,8,12,1.07,250,0.552,50,0.372,65.44
UPI04150,Kolkata,Android,Full,1,0-6m,25,5.23,136,330.4,830.12,50046.83,0.654,0.362,71,61,4,0.0349,2,0.0168,0.093,0.31,73,157,5.71,5.78,0.348,6113.76,0.43,23.8
UPI04151,Bengaluru,Android,Full,6,0-6m,19,2.3,55,724.28,1908.76,37606.37,0.524,0.478,25,31,4,0.0863,1,0.0186,0.146,0.373,32,53,4.15,11.14,0.547,19310.98,0.256,32.53
UPI04152,Delhi,iOS,Minimum,21,1-2y,16,3.24,65,426.78,795.72,31861.72,0.86,0.121,48,16,3,0.0612,2,0.0329,0.194,0.333,44,72,6.53,9.0,0.208,16389.36,0.438,23.4
UPI04153,Kolkata,Android,Minimum,10,6-12m,13,4.06,54,832.99,1874.61,38587.47,0.792,0.22,36,18,3,0.0613,1,0.0223,0.048,0.252,28,35,5.17,10.62,0.449,10171.2,0.395,15.68
UPI04154,Kolkata,Android,Minimum,20,1-2y,21,7.37,166,260.51,734.8,38665.35,0.635,0.342,69,100,3,0.0242,0,0.0094,0.073,0.287,51,112,4.24,1.84,0.468,12763.84,0.349,27.28
UPI04155,Mumbai,iOS,Full,27,2y+,18,4.08,76,70.8,155.37,5277.53,0.587,0.38,32,42,7,0.1032,5,0.0669,0.198,0.301,66,146,10.05,8.19,0.309,914.66,0.343,37.53
UPI04156,Mumbai,Android,Premium,10,6-12m,28,6.73,214,863.41,1829.8,166938.75,0.647,0.328,105,108,4,0.021,0,0.0011,0.06,0.304,46,69,4.36,1.73,0.476,37417.55,0.396,16.19
UPI04157,Bengaluru,Android,Minimum,16,1-2y,8,0.34,1,201.99,442.71,219.06,0.604,0.444,0,1,2,0.35,0,0.0018,0.035,0.436,19,31,4.41,250,0.353,967.52,0.352,75.83
UPI04158,Delhi,Android,Full,30,2y+,18,3.24,55,488.18,1043.61,25176.69,0.657,0.365,27,24,3,0.0678,2,0.0403,0.072,0.296,46,59,3.54,18.53,0.251,3582.87,0.342,23.68
UPI04159,Ahmedabad,Android,Full,1,0-6m,21,2.75,55,1070.43,2139.07,50769.83,0.793,0.203,35,17,4,0.0746,3,0.0603,0.07,0.3,55,85,5.24,13.91,0.21,32272.08,0.344,35.75
UPI04160,Pune,Android,Minimum,30,2y+,8,1.52,17,397.06,742.82,6508.08,0.378,0.69,7,12,0,0.0084,0,0.0095,0.143,0.397,10,11,2.94,42.28,0.229,1998.81,0.327,31.17
UPI04161,Bengaluru,Android,Full,24,1-2y,21,7.0,134,216.16,752.31,23755.73,0.546,0.443,50,81,5,0.0466,3,0.0241,0.136,0.25,77,192,10.01,4.01,0.569,17583.97,0.251,44.64
UPI04162,Ahmedabad,iOS,Full,1,0-6m,26,3.64,83,3607.06,10805.07,320382.81,0.763,0.2,51,30,6,0.0825,0,0.0051,0.101,0.377,61,108,7.51,9.5,0.244,126274.13,0.463,27.5
UPI04163,Bengaluru,Android,Full,15,1-2y,18,9.1,153,102.75,262.87,17822.05,0.651,0.341,89,62,3,0.0278,2,0.0193,0.069,0.388,48,69,7.18,0.2,0.36,1023.34,0.429,17.47
UPI04164,Kolkata,Android,Minimum,14,1-2y,23,5.18,128,141.34,365.02,20676.35,0.889,0.132,110,17,8,0.0749,0,0.0022,0.043,0.288,55,93,5.94,9.3,0.288,4831.1,0.45,16.5
UPI04165,Bengaluru,Android,Full,25,2y+,23,3.47,66,379.24,419.21,24983.89,0.478,0.56,27,44,0,0.0076,2,0.0311,0.162,0.391,63,125,6.84,9.26,0.066,18371.33,0.367,35.22
UPI04166,Mumbai,Android,Minimum,30,2y+,17,3.61,61,2467.33,6233.41,126168.23,0.585,0.47,24,31,5,0.0891,0,0.0095,0.167,0.302,34,61,3.55,6.15,0.435,30321.25,0.32,32.67
UPI04167,Hyderabad,iOS,Minimum,23,1-2y,25,6.44,168,781.87,1654.38,128528.34,0.828,0.157,114,55,5,0.03,2,0.0212,0.092,0.236,65,82,3.87,5.12,0.261,72986.94,0.391,33.0
UPI04168,Chennai,Android,Full,19,1-2y,5,1.35,4,204.08,475.05,748.43,0.333,0.708,0,0,2,0.35,0,0.0048,0.1,0.248,5,8,1.44,185.29,0.259,3468.79,0.164,75.42
UPI04169,Chennai,Android,Full,26,2y+,7,4.75,35,574.3,1730.75,19089.74,0.549,0.453,16,23,2,0.0712,2,0.061,0.145,0.222,10,18,3.55,20.94,0.225,14397.22,0.315,27.62
UPI04170,Kolkata,iOS,Minimum,15,1-2y,22,10.83,210,40,124.69,9010.53,0.337,0.588,47,163,22,0.1134,7,0.0364,0.579,0.38,108,251,5.1,6.98,0.415,3257.52,0.25,69.41
UPI04171,Pune,Android,Full,33,2y+,4,0.7,5,833.16,2263.31,4704.54,0.622,0.318,2,5,2,0.35,1,0.2,0.06,0.254,6,8,3.14,143.38,0.334,3558.21,0.386,96.14
UPI04172,Chennai,iOS,Full,25,2y+,9,1.83,16,517.41,800.09,8198.47,0.612,0.378,10,7,1,0.0753,0,0.0042,0.135,0.212,19,33,3.79,48.56,0.097,1894.74,0.29,31.91
UPI04173,Pune,Android,Full,13,1-2y,28,7.58,197,201.8,417.51,35443.8,0.687,0.358,100,101,6,0.0337,0,0.0029,0.193,0.397,69,108,7.3,3.62,0.176,8985.49,0.453,18.54
UPI04174,Hyderabad,Android,Premium,14,1-2y,8,5.46,40,1192.34,4169.73,39156.76,0.281,0.778,20,15,8,0.2106,0,0.0075,0.573,0.487,34,88,5.49,15.57,0.684,14751.05,0.288,61.2
UPI04175,Bengaluru,iOS,Full,24,1-2y,15,3.83,68,910.18,2593.98,58584.61,0.875,0.145,57,10,8,0.1307,4,0.0683,0.113,0.425,53,107,3.5,3.32,0.249,32564.33,0.522,36.71
UPI04176,Kolkata,iOS,Premium,14,1-2y,17,3.05,23,194.93,645.06,4074.44,0.711,0.323,17,9,4,0.1841,2,0.0876,0.052,0.31,49,75,3.14,34.74,0.323,1848.76,0.315,60.07
UPI04177,Hyderabad,Android,Premium,16,1-2y,27,8.77,243,191.05,516.16,52728.8,0.545,0.455,128,114,5,0.0313,1,0.0092,0.083,0.288,107,201,8.17,0.2,0.59,11546.64,0.343,24.61
UPI04178,Ahmedabad,iOS,Minimum,12,6-12m,6,3.95,21,523.77,1471.82,12295.86,0.95,0.062,18,1,4,0.1969,3,0.1471,0.1,0.355,27,54,3.84,35.95,0.406,7814.57,0.504,53.23
UPI04179,Bengaluru,Android,Full,15,1-2y,24,2.79,46,234.41,670.39,11169.86,0.934,0.04,35,16,7,0.1621,0,0.004,0.045,0.291,64,116,4.08,16.46,0.381,7102.71,0.5,47.47
UPI04180,Ahmedabad,Android,Premium,13,1-2y,22,4.51,112,2376.76,9572.49,261693.96,0.744,0.215,85,27,4,0.0485,2,0.026,0.127,0.273,39,44,2.72,8.31,0.484,55745.35,0.325,19.57
UPI04181,Ahmedabad,Android,Full,31,2y+,24,2.86,68,1004.41,2097.24,73707.82,0.891,0.094,47,19,8,0.1213,0,0.0044,0.084,0.337,71,91,5.66,8.23,0.32,47481.87,0.449,25.62
UPI04182,Chennai,iOS,Full,25,2y+,9,1.36,8,575.34,1231.09,5037.81,0.324,0.69,0,8,1,0.136,0,0.0087,0.129,0.492,15,16,4.21,88.4,0.309,8238.4,0.224,36.65
UPI04183,Kolkata,Android,Premium,34,2y+,18,4.66,72,2750.16,4920.96,226852.46,0.654,0.29,36,43,1,0.016,0,0.0093,0.031,0.277,33,62,6.63,11.33,0.329,143327.82,0.35,13.84
UPI04184,Kolkata,Android,Full,30,2y+,29,7.69,210,195.1,499.63,47163.85,0.576,0.415,74,135,6,0.0298,2,0.0173,0.06,0.256,113,191,4.25,5.15,0.349,23351.53,0.394,21.17
UPI04185,Chennai,Android,Full,14,1-2y,6,1.39,4,107.23,249.25,486.28,0.642,0.379,4,4,1,0.2513,1,0.2,0.121,0.209,6,9,6.46,177.1,0.382,1393.32,0.278,75.57
UPI04186,Bengaluru,Android,Full,2,0-6m,29,3.4,91,463.53,1684.63,46377.77,0.5,0.5,43,46,5,0.0611,0,0.0095,0.042,0.211,55,107,2.6,5.02,0.443,33391.34,0.331,30.43
UPI04187,Chennai,iOS,Full,22,1-2y,15,3.38,49,923.28,2480.01,48887.73,0.916,0.064,24,25,3,0.0644,1,0.0214,0.072,0.404,46,68,3.62,16.38,0.299,10877.77,0.41,17.96
UPI04188,Pune,iOS,Full,8,6-12m,31,6.88,190,590.02,1867.98,108626.0,0.87,0.127,104,82,0,0.0057,2,0.0184,0.147,0.209,75,152,5.42,7.34,0.574,65658.0,0.448,10.36
UPI04189,Delhi,iOS,Full,17,1-2y,20,2.21,31,1102.57,4123.58,33816.79,0.824,0.159,18,15,4,0.1315,3,0.1048,0.166,0.396,65,78,1.15,26.59,0.382,23003.31,0.367,43.2
UPI04190,Chennai,Android,Minimum,22,1-2y,19,6.53,95,58.55,126.89,6411.36,0.656,0.39,44,53,2,0.0346,0,0.0028,0.197,0.346,70,107,5.61,6.37,0.362,3364.32,0.304,25.48
UPI04191,Mumbai,Android,Minimum,6,0-6m,25,6.7,162,252.3,836.1,39884.36,0.681,0.363,70,90,5,0.0453,1,0.0131,0.194,0.326,91,223,7.06,8.92,0.511,26882.24,0.323,39.59
UPI04192,Delhi,Android,Premium,21,1-2y,8,10.76,93,1135.36,1995.77,106224.42,0.304,0.797,22,73,28,0.3105,10,0.1111,0.477,0.43,36,107,7.69,9.01,0.409,49939.12,0.331,100
UPI04193,Ahmedabad,Android,Full,13,1-2y,27,9.58,270,120.99,349.65,28267.75,0.508,0.45,112,158,5,0.0334,3,0.0183,0.11,0.37,97,223,4.11,0.33,0.322,7435.5,0.323,36.23
UPI04194,Hyderabad,iOS,Full,10,6-12m,1,0.72,1,205.75,514.48,220.75,0.445,0.625,0,0,1,0.35,1,0.2,0.073,0.429,4,6,1.67,250,0.208,50,0.318,100
UPI04195,Chennai,Android,Full,22,1-2y,21,8.28,184,148.27,346.08,31971.11,0.569,0.468,80,102,10,0.0612,0,0.0021,0.196,0.292,71,162,6.03,2.11,0.348,9582.27,0.282,34.78
UPI04196,Chennai,Android,Full,22,1-2y,11,3.11,35,579.18,1209.43,18298.06,0.719,0.292,23,11,5,0.1569,1,0.0321,0.139,0.298,34,47,5.69,23.82,0.226,12536.63,0.386,46.07
UPI04197,Bengaluru,Android,Minimum,20,1-2y,1,0.05,1,145.59,359.61,158.95,0.503,0.424,1,0,0,0.0034,2,0.2,0.075,0.381,3,3,2.77,250,0.306,1156.25,0.253,25.7
UPI04198,Delhi,Android,Minimum,14,1-2y,23,2.82,87,403.4,1358.78,34106.89,0.678,0.324,42,44,5,0.0626,1,0.0203,0.059,0.246,61,119,6.72,5.55,0.521,3897.67,0.334,26.73
UPI04199,Hyderabad,Android,Minimum,1,0-6m,10,0.5,15,539.95,1623.72,7761.56,0.49,0.556,3,9,19,0.35,4,0.2,0.397,0.665,32,53,9.2,47.74,0.544,3807.15,0.295,100
UPI04200,Mumbai,Android,Minimum,2,0-6m,19,5.18,100,488.77,1234.78,43321.86,0.475,0.476,41,57,4,0.0522,0,0.0053,0.166,0.279,45,79,7.51,8.83,0.245,4164.04,0.275,37.41
UPI04201,Pune,Android,Full,16,1-2y,31,6.78,218,212.87,369.96,46855.68,0.521,0.474,101,112,1,0.0073,2,0.0111,0.183,0.363,99,168,5.83,2.65,0.264,32389.13,0.346,22.78
UPI04202,Bengaluru,Android,Minimum,10,6-12m,28,4.22,130,1068.1,2148.33,140718.56,0.536,0.578,64,65,21,0.1726,11,0.085,0.456,0.689,92,218,7.18,5.91,0.584,90849.98,0.365,69.77
UPI04203,Hyderabad,Android,Full,10,6-12m,24,3.14,67,179.77,537.65,10784.36,0.567,0.393,23,48,4,0.0642,2,0.0361,0.133,0.334,98,160,3.78,10.57,0.352,6739.76,0.365,26.43
UPI04204,Pune,Android,Minimum,21,1-2y,23,5.88,118,236.95,457.53,32218.6,0.552,0.401,41,81,4,0.0482,0,0.0081,0.059,0.326,86,183,5.65,4.97,0.246,8149.38,0.387,25.95
UPI04205,Kolkata,Android,Full,28,2y+,21,3.73,68,418.07,1106.21,25773.34,0.539,0.484,38,31,5,0.0766,2,0.0393,0.15,0.208,53,90,6.08,11.53,0.474,10311.69,0.238,33.13
UPI04206,Kolkata,Android,Full,10,6-12m,3,0.77,1,717.08,2146.65,614.99,0.567,0.407,0,0,1,0.35,2,0.2,0.108,0.388,2,3,3.17,250,0.159,50,0.364,97.07
UPI04207,Kolkata,Android,Full,17,1-2y,21,2.4,61,102.59,252.43,7204.94,0.574,0.431,30,26,27,0.35,3,0.0547,0.435,0.405,71,171,1.33,15.92,0.711,50,0.323,75.81
UPI04208,Hyderabad,Android,Full,12,6-12m,6,3.41,23,664.5,2815.5,16157.1,0.859,0.147,11,10,10,0.35,0,0.0046,0.11,0.281,21,37,2.79,27.52,0.414,9308.13,0.47,74.52
UPI04209,Delhi,Android,Full,1,0-6m,5,1.24,6,99.74,220.65,534.93,0.586,0.47,0,3,1,0.1757,2,0.2,0.054,0.373,7,8,3.71,118.6,0.411,50,0.301,60.74
UPI04210,Pune,iOS,Minimum,5,0-6m,16,8.16,133,645.07,2100.55,71438.5,0.85,0.156,74,60,2,0.0214,0,0.0054,0.153,0.31,44,62,4.13,8.97,0.296,32031.89,0.461,25.62
UPI04211,Hyderabad,Android,Full,14,1-2y,27,2.13,71,1793.61,5385.04,125426.5,0.571,0.38,35,29,5,0.0765,0,0.0002,0.134,0.194,48,68,4.16,12.23,0.386,46175.06,0.325,17.65
UPI04212,Chennai,Android,Full,1,0-6m,11,2.6,32,1325.32,4146.66,47056.49,0.902,0.074,26,0,3,0.0948,0,0.0078,0.142,0.335,29,36,6.7,25.34,0.408,26980.84,0.477,31.52
UPI04213,Kolkata,Android,Full,25,2y+,16,5.7,85,553.74,1539.61,52006.12,0.918,0.057,72,20,5,0.0739,2,0.0327,0.13,0.412,52,68,5.72,13.53,0.426,21350.23,0.446,26.59
UPI04214,Kolkata,Android,Premium,4,0-6m,18,4.03,68,411.9,680.29,31036.79,0.904,0.107,64,0,4,0.0705,4,0.0672,0.146,0.383,62,109,4.74,10.23,0.233,18924.11,0.4,47.42
UPI04215,Kolkata,Android,Premium,21,1-2y,12,6.87,77,2789.46,6446.3,237092.84,0.201,0.85,15,63,18,0.249,5,0.0738,0.659,0.645,42,98,3.12,10.89,0.425,46821.77,0.245,80.98
UPI04216,Chennai,Android,Full,1,0-6m,20,4.86,93,935.37,2467.53,94271.26,0.598,0.446,51,43,1,0.018,2,0.0286,0.072,0.395,26,32,1,8.32,0.241,67852.48,0.429,23.08
UPI04217,Pune,Android,Full,1,0-6m,21,6.7,141,737.41,1992.79,105040.69,0.839,0.152,76,65,8,0.0623,1,0.0076,0.197,0.323,41,49,6.71,3.72,0.478,22655.07,0.485,37.71
UPI04218,Mumbai,Android,Full,1,0-6m,22,5.69,119,285.19,708.29,33267.2,0.869,0.127,81,39,1,0.0107,1,0.0157,0.181,0.256,62,105,7.65,8.28,0.334,8598.39,0.357,17.48
UPI04219,Delhi,Android,Full,16,1-2y,17,3.73,57,3610.13,11265.04,191194.81,0.806,0.154,26,25,0,0.0096,1,0.025,0.166,0.195,29,43,7.09,13.44,0.488,26616.12,0.441,16.32
UPI04220,Bengaluru,iOS,Full,1,0-6m,12,3.32,30,879.21,2886.88,27306.33,0.642,0.328,19,10,4,0.1429,1,0.0343,0.08,0.216,34,52,4.12,24.79,0.318,18631.72,0.27,44.63
UPI04221,Mumbai,Android,Premium,16,1-2y,21,4.03,127,155.16,478.62,20704.82,0.685,0.358,66,58,11,0.0958,0,0.0095,0.215,0.343,74,168,5.22,6.82,0.572,8314.75,0.308,40.25
UPI04222,Pune,iOS,Minimum,20,1-2y,25,5.39,134,143.72,423.12,19473.43,0.505,0.524,53,76,4,0.0359,2,0.017,0.149,0.233,68,92,9.42,5.27,0.494,11757.71,0.264,25.0
UPI04223,Kolkata,Android,Full,21,1-2y,27,4.4,131,167.75,436.7,23030.23,0.673,0.309,63,59,4,0.0365,3,0.0282,0.173,0.248,63,113,5.8,4.89,0.251,13066.9,0.297,26.99
UPI04224,Hyderabad,Android,Full,20,1-2y,21,8.12,160,212.51,696.57,32023.86,0.665,0.354,92,65,6,0.0427,0,0.006,0.161,0.274,75,182,8.15,4.0,0.667,6933.24,0.286,38.7
UPI04225,Mumbai,Android,Full,19,1-2y,16,5.56,86,491.75,1390.44,43749.81,0.933,0.062,64,23,0,0.007,0,0.0082,0.063,0.421,36,58,2.15,9.27,0.354,11039.56,0.419,13.85
UPI04226,Pune,Android,Minimum,5,0-6m,15,1.67,19,2205.79,5621.89,37772.36,0.697,0.293,1,17,4,0.2177,1,0.0575,0.158,0.349,25,44,3.98,39.37,0.33,25566.0,0.348,67.07
UPI04227,Ahmedabad,iOS,Full,31,2y+,22,3.94,104,391.87,1121.54,47594.8,0.661,0.337,62,41,0,0.01,0,0.0003,0.147,0.409,51,57,2.18,11.71,0.416,20558.32,0.385,14.08
UPI04228,Mumbai,iOS,Minimum,7,6-12m,2,12.83,25,40,179.2,1156.76,0.456,0.453,7,17,17,0.35,9,0.2,0.689,0.631,10,20,2.05,30.17,0.933,2693.58,0.31,100
UPI04229,Mumbai,Android,Premium,26,2y+,24,4.18,80,3424.09,12082.74,282473.73,0.215,0.775,14,69,7,0.0932,11,0.1423,0.402,0.603,82,240,7.32,13.34,0.712,38070.19,0.33,64.52
UPI04230,Mumbai,Android,Full,20,1-2y,12,2.01,25,2730.25,3801.34,77051.83,0.798,0.242,18,10,0,0.0083,0,0.0057,0.048,0.303,25,44,7.06,28.44,0.088,29071.06,0.401,3.38
UPI04231,Ahmedabad,Android,Full,8,6-12m,8,11.27,92,1510.94,5019.95,147488.35,0.44,0.612,26,65,35,0.35,15,0.1653,0.674,0.614,34,93,2.59,5.08,0.705,78134.73,0.319,99.21
UPI04232,Mumbai,Android,Premium,1,0-6m,5,7.91,35,2766.52,5337.42,109504.64,0.34,0.57,10,22,23,0.35,7,0.2,0.776,0.611,28,44,9.4,19.74,0.287,69249.43,0.314,100
UPI04233,Kolkata,iOS,Full,38,2y+,14,9.19,134,1512.45,5826.07,237331.8,0.247,0.703,25,111,12,0.1044,4,0.0375,0.395,0.526,36,59,7.44,9.89,0.883,151229.95,0.258,65.67
UPI04234,Kolkata,Android,Premium,41,2y+,22,6.25,152,180.82,369.33,27782.82,0.672,0.368,78,77,0,0.0008,1,0.0109,0.084,0.349,74,90,6.02,4.01,0.433,17133.54,0.355,14.28
UPI04235,Ahmedabad,Android,Full,1,0-6m,19,1.76,33,3422.59,9534.37,97396.74,0.653,0.362,17,16,4,0.1271,0,0.0041,0.13,0.3,45,76,4.43,20.96,0.534,33140.86,0.403,49.2
UPI04236,Chennai,Android,Full,22,1-2y,27,10.11,266,120.37,326.89,35816.04,0.495,0.529,98,170,9,0.0442,2,0.0137,0.071,0.35,88,165,1.56,3.14,0.182,8310.75,0.343,33.11
UPI04237,Chennai,Android,Premium,8,6-12m,12,5.15,68,2379.59,8416.44,156792.07,0.339,0.548,31,36,23,0.35,5,0.0757,0.649,0.498,39,66,1.87,11.47,0.706,45748.59,0.356,98.55
UPI04238,Pune,iOS,Full,16,1-2y,5,19.78,100,368.03,1513.33,32190.67,0.417,0.671,49,51,17,0.1823,10,0.1066,0.365,0.512,19,27,11.59,9.48,0.698,19526.73,0.362,90.62
UPI04239,Chennai,Android,Minimum,18,1-2y,17,1.95,19,5430.21,11482.11,114472.93,0.553,0.471,6,16,2,0.1097,0,0.0056,0.061,0.325,45,72,4.62,39.91,0.255,63100.64,0.278,44.85
UPI04240,Ahmedabad,Android,Minimum,11,6-12m,9,1.53,13,894.25,1900.65,12394.07,0.958,0.033,5,9,6,0.35,3,0.2,0.07,0.307,22,32,6.66,55.2,0.336,8846.71,0.531,83.65
UPI04241,Mumbai,Android,Premium,35,2y+,12,4.01,38,2495.8,6166.48,105796.53,0.75,0.259,23,19,2,0.0574,1,0.0292,0.069,0.25,26,42,4.12,15.7,0.48,39613.51,0.403,33.83
UPI04242,Hyderabad,Android,Full,11,6-12m,20,2.87,60,2916.1,8722.82,175258.89,0.746,0.214,43,18,3,0.0509,3,0.0534,0.093,0.314,52,58,6.35,13.21,0.344,80615.11,0.435,29.19
UPI04243,Delhi,Android,Premium,30,2y+,17,7.76,134,172.34,431.66,24184.14,0.813,0.19,110,26,6,0.0517,1,0.0138,0.118,0.346,35,48,4.32,3.84,0.081,7096.5,0.35,39.72
UPI04244,Hyderabad,Android,Full,14,1-2y,16,5.75,82,2999.99,8003.45,268869.73,0.686,0.359,42,41,3,0.0427,2,0.0288,0.069,0.195,27,40,2.92,10.29,0.281,29557.61,0.338,19.1
UPI04245,Pune,Android,Full,1,0-6m,14,2.97,49,3200.79,9276.44,133317.37,0.656,0.354,31,20,3,0.0721,0,0.0017,0.072,0.359,28,38,5.22,11.14,0.418,67381.38,0.31,29.4
UPI04246,Hyderabad,Android,Full,1,0-6m,13,6.17,104,773.96,2165.81,81266.59,0.303,0.807,32,72,23,0.2394,8,0.0858,0.606,0.661,57,152,3.6,8.22,0.591,37218.33,0.296,98.02
UPI04247,Delhi,Android,Full,31,2y+,15,1.85,30,4993.15,15360.67,172191.58,0.811,0.212,22,9,1,0.0465,0,0.0098,0.11,0.252,31,56,6.36,26.13,0.685,39797.5,0.344,24.32
UPI04248,Delhi,iOS,Full,5,0-6m,16,4.96,70,2357.86,8279.72,145116.11,0.32,0.77,20,52,12,0.1805,1,0.0169,0.298,0.453,65,143,15.46,4.49,0.453,28508.76,0.208,66.46
UPI04249,Pune,Android,Full,10,6-12m,12,8.6,107,3555.69,11008.27,333217.3,0.323,0.612,21,86,16,0.1639,6,0.0598,0.497,0.443,39,63,3.93,8.79,0.753,50889.29,0.341,67.34
UPI04250,Delhi,Android,Full,19,1-2y,10,2.3,8,2031.02,8027.87,14078.43,0.819,0.214,6,2,8,0.35,1,0.1254,0.125,0.343,23,32,2.54,89.08,0.39,8131.8,0.35,82.56
UPI04251,Hyderabad,Android,Premium,17,1-2y,22,8.23,206,330.93,881.96,66631.9,0.692,0.258,96,105,4,0.0272,0,0.0005,0.152,0.318,64,151,4.95,8.3,0.424,24552.34,0.372,27.59
UPI04252,Chennai,Android,Premium,22,1-2y,10,4.61,34,4860.78,17126.94,145933.26,0.639,0.33,14,16,3,0.0923,1,0.0379,0.146,0.235,15,17,4.69,21.85,0.436,34861.93,0.313,40.99
UPI04253,Ahmedabad,Android,Premium,29,2y+,12,4.66,55,930.87,3035.07,59435.09,0.851,0.168,24,33,2,0.0484,2,0.0448,0.086,0.301,28,41,5.44,12.42,0.399,21844.0,0.5,26.72
UPI04254,Bengaluru,iOS,Full,1,0-6m,18,4.97,70,1114.48,2688.37,76871.86,0.615,0.412,30,44,1,0.0183,0,0.0095,0.059,0.346,46,59,5.81,12.32,0.456,17694.53,0.313,25.01
UPI04255,Chennai,Android,Premium,30,2y+,22,6.41,146,211.79,633.68,29610.32,0.621,0.416,88,55,2,0.0164,0,0.0017,0.15,0.361,71,141,8.4,0.2,0.446,20235.95,0.421,10.16
UPI04256,Mumbai,Android,Full,13,1-2y,24,1.35,24,1934.17,4443.7,45038.25,0.706,0.284,8,15,2,0.0942,0,0.0088,0.134,0.326,45,72,2.39,29.44,0.101,16760.59,0.39,26.31
UPI04257,Pune,iOS,Full,10,6-12m,22,4.34,94,60,130.46,6564.75,0.866,0.11,74,11,9,0.0999,0,0.0046,0.192,0.354,41,52,4.88,6.39,0.225,2560.67,0.431,28.61
UPI04258,Kolkata,iOS,Premium,18,1-2y,20,8.88,167,196.86,697.13,34277.49,0.534,0.43,50,118,1,0.012,0,0.0098,0.122,0.232,71,94,3.95,5.38,0.306,14258.78,0.366,30.68
UPI04259,Ahmedabad,Android,Full,8,6-12m,30,5.46,153,100.91,236.13,14426.2,0.551,0.405,73,79,5,0.0367,0,0.008,0.103,0.254,105,259,2.0,10.3,0.215,10088.17,0.245,18.51
UPI04260,Hyderabad,iOS,Full,9,6-12m,19,1.18,4,530.54,1617.83,2440.26,0.588,0.388,4,0,6,0.35,1,0.2,0.078,0.224,36,43,5.75,178.91,0.507,1510.82,0.382,99.64
UPI04261,Hyderabad,Android,Full,1,0-6m,18,4.09,66,1085.69,3585.32,61173.25,0.841,0.17,35,26,1,0.0308,1,0.02,0.192,0.407,51,81,3.42,15.48,0.23,47396.07,0.397,26.45
UPI04262,Chennai,Android,Minimum,10,6-12m,8,12.33,104,40,140.39,3552.62,0.423,0.633,27,75,4,0.0505,11,0.1127,0.533,0.574,12,28,8.5,8.71,0.452,1940.54,0.392,66.41
UPI04263,Mumbai,Android,Full,26,2y+,14,6.18,77,1157.56,3204.1,90822.29,0.894,0.109,42,32,2,0.0324,3,0.0483,0.076,0.222,48,68,4.6,12.21,0.05,66058.0,0.473,27.4
UPI04264,Ahmedabad,Android,Full,14,1-2y,19,5.18,119,601.77,1272.15,72895.67,0.84,0.182,103,12,2,0.0313,1,0.0097,0.065,0.248,52,68,5.89,7.75,0.331,22397.89,0.356,13.39
UPI04265,Chennai,Android,Minimum,22,1-2y,4,1.73,8,363.01,942.53,2770.09,0.552,0.501,7,0,0,0.0098,0,0.0036,0.079,0.471,2,3,4.61,88.42,0.454,50,0.332,22.57
UPI04266,Bengaluru,iOS,Full,15,1-2y,14,4.74,48,811.35,2259.5,32085.57,0.804,0.189,38,9,6,0.1376,0,0.0044,0.105,0.318,48,86,4.78,13.85,0.634,8423.51,0.397,40.95
UPI04267,Mumbai,Android,Minimum,40,2y+,7,0.42,1,343.99,773.6,380.91,0.558,0.498,0,1,0,0.0044,2,0.2,0.06,0.352,7,7,3.45,250,0.302,50,0.345,20.67
UPI04268,Ahmedabad,Android,Full,1,0-6m,24,6.85,179,856.87,3063.6,138911.95,0.29,0.623,42,135,24,0.1413,6,0.0391,0.596,0.642,60,169,10.23,5.39,0.566,69046.32,0.273,82.48
UPI04269,Chennai,Android,Minimum,10,6-12m,20,8.76,154,175.52,388.21,25746.91,0.681,0.308,83,73,0,0.0105,0,0.0061,0.104,0.349,64,127,5.26,4.0,0.365,5190.37,0.394,25.32
UPI04270,Hyderabad,Android,Full,20,1-2y,16,4.74,63,4947.95,13622.21,355813.91,0.62,0.436,23,36,5,0.0867,0,0.0068,0.115,0.354,30,45,3.83,14.68,0.203,232361.37,0.429,37.05
UPI04271,Bengaluru,Android,Minimum,27,2y+,27,5.46,106,357.57,955.19,31780.27,0.715,0.261,65,42,7,0.0806,0,0.005,0.071,0.334,67,149,4.22,7.97,0.394,11221.08,0.413,21.49
UPI04272,Mumbai,Android,Full,37,2y+,19,5.04,84,574.89,1756.54,48416.26,0.549,0.491,24,56,4,0.0602,0,0.0019,0.063,0.41,53,105,5.17,5.17,0.23,4666.42,0.341,26.2
UPI04273,Hyderabad,Android,Full,30,2y+,1,0.77,1,735.57,2674.67,675.25,0.331,0.707,0,0,1,0.35,0,0.0012,0.104,0.387,2,3,2.01,250,0.39,50,0.278,80.87
UPI04274,Ahmedabad,Android,Premium,22,1-2y,14,4.33,59,4779.74,16519.25,240895.32,0.803,0.159,46,12,4,0.0748,0,0.0065,0.073,0.205,29,31,4.01,11.52,0.522,32988.15,0.339,23.66
UPI04275,Mumbai,iOS,Premium,18,1-2y,19,4.43,105,1064.67,3533.55,93678.47,0.31,0.657,29,76,10,0.1149,4,0.0466,0.636,0.355,89,132,12.23,6.25,0.707,50322.13,0.29,63.47
UPI04276,Mumbai,Android,Full,33,2y+,13,12.47,181,1411.83,4170.94,246506.55,0.59,0.452,88,94,18,0.1046,1,0.0068,0.342,0.481,40,92,7.03,6.13,0.726,120559.34,0.347,62.94
UPI04277,Delhi,Android,Minimum,12,6-12m,21,10.05,226,111.28,278.11,26745.11,0.595,0.452,125,97,6,0.0306,1,0.0075,0.079,0.274,76,114,6.22,1.99,0.229,6926.21,0.33,38.56
UPI04278,Hyderabad,Android,Premium,23,1-2y,19,7.15,150,260.81,808.12,37674.52,0.614,0.387,79,67,7,0.0503,0,0.0084,0.146,0.314,47,114,7.11,0.2,0.339,25813.12,0.371,20.95
UPI04279,Pune,Android,Full,40,2y+,21,3.86,87,810.7,2135.26,77380.55,0.798,0.211,36,47,4,0.0603,3,0.0398,0.173,0.223,59,101,6.55,9.54,0.427,15254.13,0.43,31.18
UPI04280,Bengaluru,iOS,Full,16,1-2y,19,4.87,107,194.79,537.19,23291.27,0.923,0.06,83,23,1,0.0121,2,0.0236,0.103,0.21,44,66,5.5,5.9,0.215,8826.63,0.484,13.56
UPI04281,Ahmedabad,Android,Premium,31,2y+,13,3.71,48,277.59,690.64,12804.47,0.884,0.119,31,15,2,0.0518,3,0.0637,0.122,0.255,30,43,5.92,10.45,0.34,6174.18,0.437,32.26
UPI04282,Chennai,Android,Full,22,1-2y,26,6.8,197,97.11,254.5,20206.18,0.594,0.374,74,126,6,0.0345,3,0.0224,0.056,0.291,72,100,3.96,3.11,0.234,8798.47,0.363,14.12
UPI04283,Delhi,Android,Minimum,23,1-2y,22,3.88,97,760.29,1860.92,66337.1,0.622,0.377,59,40,6,0.0683,0,0.0007,0.146,0.38,33,58,4.67,6.8,0.211,40138.5,0.407,24.93
UPI04284,Bengaluru,Android,Full,34,2y+,24,5.99,145,464.55,946.34,73232.55,0.644,0.382,66,77,2,0.0201,0,0.0084,0.107,0.416,53,74,7.45,0.27,0.081,8801.08,0.39,21.47
UPI04285,Delhi,Android,Full,34,2y+,21,13.62,304,2393.14,7982.8,653671.73,0.283,0.626,55,250,2,0.0192,10,0.0389,0.741,0.375,62,172,11.81,4.74,0.815,124972.62,0.262,60.61
UPI04286,Ahmedabad,Android,Full,19,1-2y,3,1.3,5,680.78,1879.59,2893.74,0.369,0.554,5,0,1,0.2012,1,0.2,0.145,0.351,11,19,2.6,143.55,0.405,2348.24,0.297,78.66
UPI04287,Ahmedabad,iOS,Premium,4,0-6m,18,2.07,47,5351.31,10127.06,241105.25,0.81,0.241,29,22,2,0.0527,1,0.0249,0.05,0.216,25,35,5.6,15.55,0.368,133063.2,0.421,32.15
UPI04288,Pune,Android,Full,12,6-12m,20,4.65,79,559.87,720.06,38745.99,0.877,0.109,68,10,2,0.03,0,0.0077,0.106,0.237,39,60,6.57,8.41,0.312,31907.3,0.403,29.31
UPI04289,Chennai,Android,Full,14,1-2y,5,1.01,7,734.18,2659.54,5954.04,0.507,0.44,6,0,1,0.147,0,0.0051,0.136,0.329,11,13,4.01,104.49,0.342,5574.4,0.279,27.89
UPI04290,Chennai,Android,Full,2,0-6m,1,0.08,1,437.59,1864.13,442.94,0.437,0.492,1,1,0,0.0102,0,0.0039,0.088,0.496,2,3,3.91,250,0.567,50,0.39,22.84
UPI04291,Pune,Android,Full,16,1-2y,12,3.09,49,871.57,2032.71,40491.93,0.908,0.105,33,15,4,0.0827,1,0.0251,0.094,0.397,27,41,6.28,15.21,0.388,12629.42,0.423,28.68
UPI04292,Bengaluru,Android,Minimum,26,2y+,2,1.18,1,2057.23,7359.47,1778.9,0.289,0.773,1,1,22,0.35,4,0.2,0.441,0.385,10,23,5.23,250,0.794,1873.29,0.178,100
UPI04293,Bengaluru,Android,Premium,12,6-12m,24,3.54,73,463.39,1751.27,35390.6,0.401,0.696,24,43,24,0.337,6,0.0877,0.337,0.577,55,146,4.68,9.99,0.701,11416.32,0.339,84.44
UPI04294,Hyderabad,Android,Minimum,14,1-2y,12,7.49,97,285.2,830.52,32398.92,0.834,0.137,75,28,7,0.0842,4,0.0481,0.131,0.305,37,53,3.33,8.52,0.261,12895.18,0.364,40.65
UPI04295,Hyderabad,iOS,Full,34,2y+,18,3.76,63,4707.99,20174.47,276050.6,0.598,0.379,30,36,4,0.0653,1,0.0235,0.11,0.279,40,65,4.06,10.36,0.497,61055.57,0.402,27.9
UPI04296,Kolkata,iOS,Minimum,12,6-12m,19,3.99,40,3261.72,10350.83,126494.74,0.737,0.319,29,8,2,0.0638,1,0.0295,0.136,0.29,46,66,3.12,15.58,0.443,27106.12,0.406,20.96
UPI04297,Bengaluru,Android,Full,28,2y+,27,3.97,115,719.14,2394.13,75334.79,0.82,0.207,96,21,9,0.0903,0,0.0064,0.053,0.362,58,96,8.69,4.08,0.739,37635.34,0.383,24.93
UPI04298,Bengaluru,Android,Full,13,1-2y,22,7.69,167,49.22,126.29,8949.37,0.51,0.488,50,115,0,0.0043,0,0.0074,0.21,0.309,67,155,7.82,3.06,0.292,8419.75,0.367,33.47
UPI04299,Bengaluru,Android,Minimum,2,0-6m,21,4.26,59,1013.11,2344.71,69432.15,0.874,0.142,52,6,4,0.0788,1,0.0269,0.135,0.346,70,95,2.02,9.66,0.501,37713.89,0.461,34.11
UPI04300,Delhi,Android,Minimum,16,1-2y,13,1.9,27,599.0,1797.09,17768.68,0.926,0.075,19,3,2,0.0819,2,0.0809,0.05,0.353,35,68,4.59,24.2,0.353,5856.84,0.481,26.7
UPI04301,Kolkata,iOS,Full,24,1-2y,16,9.78,152,123.39,347.42,21903.52,0.625,0.338,86,70,3,0.0306,0,0.0032,0.118,0.238,57,111,6.53,3.13,0.324,12989.71,0.329,30.15
UPI04302,Delhi,Android,Full,24,1-2y,20,5.75,107,167.02,412.91,16759.91,0.575,0.395,51,55,7,0.0727,2,0.021,0.109,0.36,81,116,5.52,1.6,0.238,8377.84,0.317,32.28
UPI04303,Chennai,Android,Minimum,35,2y+,23,2.52,31,896.65,2677.21,27812.29,0.903,0.086,29,0,4,0.1307,0,0.0095,0.191,0.376,65,121,6.92,22.28,0.413,2736.09,0.39,29.54
UPI04304,Ahmedabad,Android,Minimum,21,1-2y,16,2.59,37,758.35,2254.48,25189.91,0.944,0.058,29,10,5,0.1482,0,0.0065,0.081,0.258,35,48,4.84,18.73,0.285,12541.81,0.379,29.5
UPI04305,Hyderabad,Android,Full,26,2y+,4,1.67,6,276.05,901.67,1735.51,0.513,0.493,0,5,1,0.1745,0,0.0,0.129,0.215,7,10,3.84,120.61,0.409,1160.2,0.35,51.38
UPI04306,Bengaluru,Android,Full,32,2y+,18,8.77,164,235.69,534.13,41340.22,0.684,0.289,100,63,0,0.015,0,0.001,0.137,0.384,41,73,7.03,3.14,0.05,18165.4,0.429,26.34
UPI04307,Delhi,iOS,Full,14,1-2y,20,2.0,82,409.33,972.12,37460.32,0.884,0.099,64,11,0,0.0029,3,0.0424,0.126,0.408,45,86,1.46,9.84,0.22,20945.25,0.494,19.5
UPI04308,Hyderabad,Android,Full,20,1-2y,26,6.47,162,217.02,561.29,39225.43,0.495,0.478,43,113,6,0.038,0,0.0052,0.167,0.265,90,109,4.14,5.2,0.175,12524.25,0.295,22.98
UPI04309,Delhi,Android,Full,11,6-12m,24,1.46,20,2701.08,8246.15,60557.6,0.769,0.175,12,12,3,0.1563,0,0.0022,0.129,0.214,38,51,2.72,40.04,0.551,25784.3,0.34,26.39
UPI04310,Delhi,Android,Full,7,6-12m,23,12.5,298,2424.85,6205.68,731341.01,0.411,0.593,91,208,20,0.0927,4,0.023,0.731,0.334,84,152,10.47,0.2,0.593,242159.69,0.325,62.56
UPI04311,Chennai,iOS,Full,5,0-6m,27,5.43,160,903.55,2554.96,124141.54,0.912,0.064,130,27,2,0.0142,2,0.0191,0.158,0.205,70,144,3.23,1.28,0.18,62737.77,0.43,22.82
UPI04312,Pune,Android,Full,19,1-2y,26,7.62,232,213.38,479.65,40812.61,0.601,0.409,93,138,3,0.0195,3,0.0169,0.192,0.337,52,118,7.64,6.31,0.194,9367.92,0.344,46.71
UPI04313,Mumbai,Android,Full,3,0-6m,24,3.88,110,1571.8,5981.48,176567.84,0.801,0.186,85,29,7,0.071,0,0.0062,0.147,0.345,72,111,4.77,7.25,0.474,118736.65,0.371,31.84
UPI04314,Bengaluru,Android,Minimum,1,0-6m,18,1.52,38,1553.34,5423.48,64838.49,0.696,0.303,25,11,5,0.1369,0,0.0097,0.15,0.361,30,46,2.95,19.07,0.313,34315.21,0.429,36.5
UPI04315,Bengaluru,Android,Full,14,1-2y,24,8.74,206,169.41,532.58,35625.49,0.694,0.349,106,101,3,0.0197,2,0.0103,0.097,0.334,105,196,5.52,2.93,0.331,18126.42,0.384,12.39
UPI04316,Delhi,Android,Minimum,14,1-2y,16,9.03,125,230.2,612.57,32679.52,0.715,0.263,73,52,1,0.0171,3,0.0313,0.209,0.353,54,121,5.66,5.77,0.302,16093.13,0.411,26.51
UPI04317,Delhi,Android,Full,24,1-2y,13,9.16,105,768.03,2480.05,81186.43,0.523,0.57,63,42,10,0.1135,10,0.0998,0.461,0.691,15,30,8.96,7.21,0.598,28183.37,0.327,71.69
UPI04318,Hyderabad,Android,Full,27,2y+,4,1.79,6,137.04,466.88,829.22,0.415,0.542,2,0,0,0.0046,0,0.0025,0.102,0.28,11,12,1.82,121.23,0.312,1209.39,0.207,8.3
UPI04319,Delhi,iOS,Premium,5,0-6m,20,6.52,155,295.58,578.98,39408.2,0.64,0.377,61,93,0,0.0032,1,0.008,0.098,0.23,65,95,5.05,0.2,0.05,27547.24,0.294,26.56
UPI04320,Kolkata,Android,Full,1,0-6m,12,9.64,113,1326.47,5773.46,162981.0,0.441,0.482,31,81,22,0.2168,6,0.0534,0.632,0.683,30,53,5.53,5.91,0.83,78863.15,0.288,100
UPI04321,Pune,Android,Full,30,2y+,18,9.87,173,1654.31,4199.24,244384.51,0.539,0.4,83,86,7,0.0464,7,0.0438,0.431,0.603,87,214,9.93,2.54,0.493,170570.76,0.401,45.38
UPI04322,Hyderabad,Android,Minimum,12,6-12m,2,0.78,1,388.58,803.64,391.15,0.51,0.561,0,0,2,0.35,0,0.0003,0.039,0.312,2,3,4.43,250,0.34,50,0.247,73.34
UPI04323,Delhi,Android,Premium,31,2y+,26,2.96,88,106.21,247.17,10010.04,0.689,0.355,58,27,9,0.1115,1,0.014,0.063,0.384,104,131,4.82,4.71,0.115,3116.07,0.332,25.91
UPI04324,Delhi,Android,Full,19,1-2y,28,2.24,67,403.69,715.27,25951.11,0.539,0.428,33,34,6,0.0931,2,0.0387,0.082,0.407,64,127,4.3,10.35,0.298,6519.16,0.382,31.24
UPI04325,Kolkata,Android,Minimum,19,1-2y,27,5.01,138,191.3,530.71,31003.44,0.702,0.309,67,76,1,0.0134,1,0.0086,0.182,0.234,105,208,5.97,4.21,0.583,16738.5,0.331,28.65
UPI04326,Bengaluru,Android,Minimum,13,1-2y,19,8.93,197,2861.99,9751.17,592590.05,0.282,0.598,39,162,13,0.0873,3,0.0213,0.608,0.336,44,106,4.86,2.13,0.767,350000,0.189,58.47
UPI04327,Mumbai,Android,Minimum,6,0-6m,26,3.55,94,539.72,1119.4,54888.96,0.944,0.063,77,14,1,0.0138,2,0.0231,0.169,0.228,61,82,5.86,9.74,0.28,7278.37,0.407,29.4
UPI04328,Mumbai,Android,Premium,23,1-2y,16,5.48,94,605.57,1594.33,67142.32,0.513,0.571,46,45,33,0.35,9,0.1049,0.437,0.558,61,106,12.8,8.68,0.633,50917.26,0.392,98.8
UPI04329,Pune,Android,Full,21,1-2y,16,5.86,111,532.01,1110.91,53349.1,0.843,0.149,67,43,2,0.0278,4,0.0446,0.144,0.237,34,64,3.3,4.03,0.249,35802.38,0.368,41.77
UPI04330,Delhi,iOS,Full,20,1-2y,14,2.8,27,4675.29,12627.9,110968.97,0.621,0.37,7,23,3,0.1206,1,0.0405,0.082,0.27,17,20,4.35,31.06,0.532,46627.88,0.388,36.99
UPI04331,Pune,Android,Full,8,6-12m,20,5.67,114,1013.47,2420.8,97525.67,0.876,0.118,89,26,5,0.052,0,0.0023,0.11,0.338,47,60,5.86,4.67,0.224,14871.3,0.501,29.65
UPI04332,Mumbai,iOS,Full,11,6-12m,8,0.38,11,817.78,2919.67,10208.01,0.464,0.51,2,3,1,0.104,1,0.1,0.089,0.457,18,25,4.84,68.36,0.51,4573.6,0.384,47.82
UPI04333,Bengaluru,iOS,Full,1,0-6m,1,0.71,1,638.0,1371.54,637.39,0.404,0.638,0,0,0,0.0062,0,0.0092,0.029,0.445,4,6,3.11,250,0.439,50,0.243,21.62
UPI04334,Kolkata,Android,Full,33,2y+,13,3.36,41,705.99,3269.38,28281.41,0.217,0.685,5,35,8,0.2053,11,0.2,0.424,0.55,69,110,1.96,12.59,0.553,21360.1,0.213,91.77
UPI04335,Mumbai,Android,Premium,27,2y+,5,1.01,6,3108.78,11953.57,16887.79,0.381,0.52,4,2,13,0.35,3,0.2,0.445,0.461,49,88,7.83,123.06,0.701,8502.8,0.26,100
UPI04336,Delhi,Android,Minimum,19,1-2y,23,4.63,130,676.34,2625.15,84350.64,0.9,0.093,111,19,0,0.0137,6,0.0552,0.17,0.225,54,98,4.85,8.19,0.466,27449.22,0.388,26.51
UPI04337,Kolkata,iOS,Full,16,1-2y,17,4.7,74,651.54,1705.26,47735.1,0.668,0.289,47,31,9,0.1347,2,0.0358,0.074,0.415,26,46,6.73,13.9,0.396,5346.59,0.416,38.5
UPI04338,Ahmedabad,iOS,Full,22,1-2y,7,0.13,1,234.17,628.89,225.57,0.547,0.394,1,0,3,0.35,0,0.0086,0.1,0.472,11,17,7.72,250,0.42,876.82,0.404,74.43
UPI04339,Chennai,Android,Full,7,6-12m,19,3.23,73,775.07,1916.46,60192.08,0.557,0.445,34,40,3,0.0448,1,0.0165,0.161,0.365,40,63,5.68,7.73,0.224,8146.99,0.293,19.66
UPI04340,Pune,Android,Full,9,6-12m,19,6.66,103,242.06,944.18,22159.75,0.495,0.476,45,56,8,0.0898,1,0.0148,0.118,0.28,58,80,6.18,9.63,0.524,16356.04,0.318,39.01
UPI04341,Pune,iOS,Full,31,2y+,5,2.39,10,178.39,552.47,2067.8,0.643,0.298,2,10,1,0.1139,1,0.1021,0.09,0.393,9,11,4.37,69.18,0.344,2786.87,0.311,37.81
UPI04342,Kolkata,Android,Full,28,2y+,5,0.92,5,647.01,2258.44,3502.47,0.436,0.502,0,0,0,0.0009,0,0.0027,0.099,0.335,8,12,0.95,145.76,0.525,1128.94,0.347,12.13
UPI04343,Mumbai,iOS,Minimum,5,0-6m,18,7.27,127,1734.2,5511.48,204486.05,0.581,0.335,67,66,26,0.2232,6,0.0508,0.539,0.602,72,117,6.41,9.55,0.49,94176.21,0.453,78.76
UPI04344,Delhi,Android,Premium,11,6-12m,21,4.32,78,417.94,843.87,29081.85,0.848,0.174,47,35,1,0.016,0,0.0082,0.169,0.281,52,85,1.37,11.0,0.225,11508.29,0.469,26.63
UPI04345,Bengaluru,iOS,Full,1,0-6m,27,4.61,124,123.31,291.55,15350.97,0.692,0.319,74,48,5,0.043,3,0.0312,0.146,0.24,85,142,6.54,9.94,0.464,7870.69,0.304,32.74
UPI04346,Pune,Android,Full,13,1-2y,3,0.61,1,544.31,1306.11,525.35,0.378,0.633,1,0,0,0.0126,1,0.2,0.069,0.357,3,4,4.26,250,0.278,1248.35,0.24,33.94
UPI04347,Mumbai,Android,Full,21,1-2y,16,1.21,26,2571.23,7324.59,77143.97,0.781,0.181,13,11,3,0.1229,0,0.0085,0.082,0.332,29,52,5.03,30.55,0.321,29605.41,0.387,26.37
UPI04348,Ahmedabad,iOS,Minimum,16,1-2y,16,2.31,26,4537.85,12139.84,121974.05,0.804,0.146,9,16,1,0.0486,0,0.0046,0.032,0.321,31,52,3.24,27.63,0.333,70603.59,0.389,17.84
UPI04349,Chennai,Android,Minimum,14,1-2y,18,3.93,73,409.59,1238.72,34965.05,0.594,0.402,26,43,5,0.08,2,0.0307,0.099,0.264,48,67,5.89,10.03,0.248,18133.96,0.399,34.92
UPI04350,Mumbai,Android,Full,23,1-2y,19,3.64,90,1031.79,2248.52,88250.33,0.543,0.505,45,47,4,0.0464,1,0.0152,0.13,0.419,46,75,4.41,5.71,0.502,25050.78,0.352,20.21
UPI04351,Hyderabad,Android,Minimum,22,1-2y,7,0.48,1,524.68,1177.51,596.4,0.622,0.333,1,1,0,0.0147,0,0.0045,0.135,0.265,11,16,2.35,250,0.258,725.09,0.343,12.1
UPI04352,Chennai,Android,Premium,37,2y+,5,1.35,4,637.13,1508.82,2719.71,0.332,0.723,1,3,2,0.35,0,0.0095,0.068,0.402,5,8,3.58,185.03,0.345,910.2,0.205,73.45
UPI04353,Delhi,Android,Minimum,22,1-2y,22,8.0,173,217.68,593.18,36405.25,0.705,0.329,136,40,4,0.0281,3,0.0198,0.105,0.326,81,126,3.99,7.07,0.29,5133.95,0.319,28.64
UPI04354,Pune,Android,Full,9,6-12m,7,0.36,1,108.86,371.37,111.56,0.597,0.327,0,1,2,0.35,0,0.0073,0.145,0.238,8,11,3.68,250,0.442,1610.53,0.342,74.68
UPI04355,Kolkata,Android,Full,1,0-6m,14,7.14,98,94.39,239.78,8779.87,0.704,0.29,54,44,5,0.0546,4,0.0437,0.127,0.223,39,52,6.99,12.18,0.271,2609.18,0.322,23.9
UPI04356,Hyderabad,Android,Minimum,1,0-6m,27,4.17,113,129.35,438.54,16879.23,0.713,0.306,77,36,1,0.0104,0,0.0027,0.179,0.252,73,136,6.71,8.48,0.435,6050.24,0.338,31.57
UPI04357,Hyderabad,Android,Minimum,22,1-2y,22,6.63,177,110.66,234.73,19540.48,0.612,0.397,72,105,3,0.025,2,0.0143,0.093,0.382,61,90,7.15,3.86,0.287,3842.65,0.414,31.88
UPI04358,Kolkata,Android,Premium,26,2y+,21,9.42,218,20,69.44,4968.84,0.576,0.388,123,100,4,0.0191,1,0.0114,0.142,0.273,70,163,7.7,4.66,0.444,50,0.393,32.79
UPI04359,Ahmedabad,Android,Full,27,2y+,31,5.62,163,164.36,430.89,29085.29,0.572,0.406,66,94,10,0.0631,3,0.0252,0.185,0.352,80,147,7.44,4.71,0.373,20649.84,0.289,33.55
UPI04360,Ahmedabad,Android,Minimum,34,2y+,12,2.5,36,3312.79,4391.9,110656.06,0.775,0.184,31,8,3,0.0878,1,0.0365,0.129,0.25,39,68,4.09,23.22,0.247,48312.35,0.345,18.98
UPI04361,Kolkata,iOS,Premium,22,1-2y,9,6.65,58,1713.02,5388.52,89857.05,0.548,0.396,24,31,11,0.2026,7,0.1277,0.502,0.623,21,47,9.85,11.7,0.726,22281.12,0.379,81.75
UPI04362,Kolkata,iOS,Minimum,26,2y+,11,5.27,69,2170.25,7290.04,148372.88,0.594,0.46,26,40,6,0.0875,2,0.0328,0.065,0.197,10,15,4.35,6.93,0.553,37662.49,0.336,39.88
UPI04363,Kolkata,Android,Full,14,1-2y,27,6.0,137,197.76,536.18,25233.13,0.551,0.407,63,74,6,0.053,2,0.024,0.107,0.264,111,156,7.25,2.78,0.286,19766.51,0.375,32.46
UPI04364,Pune,Android,Full,12,6-12m,20,5.23,122,748.85,1340.11,77881.45,0.904,0.093,95,23,7,0.0716,6,0.052,0.146,0.434,63,123,7.27,5.05,0.177,50128.52,0.538,22.11
UPI04365,Hyderabad,Android,Minimum,17,1-2y,13,4.71,60,5253.58,14272.39,346465.49,0.761,0.28,46,13,4,0.073,1,0.0228,0.128,0.375,22,29,5.81,12.16,0.491,59972.63,0.352,30.0
UPI04366,Pune,Android,Full,28,2y+,21,5.09,96,222.28,614.2,18995.54,0.924,0.054,56,41,6,0.0644,0,0.0091,0.109,0.38,63,131,5.41,5.66,0.479,6058.65,0.443,29.7
UPI04367,Hyderabad,Android,Full,31,2y+,22,3.09,52,2637.44,4683.88,160840.19,0.76,0.219,33,18,0,0.0014,0,0.0047,0.07,0.272,47,74,4.97,16.53,0.24,86687.44,0.42,10.6
UPI04368,Pune,Android,Full,14,1-2y,31,8.58,294,194.52,648.58,60544.29,0.537,0.482,158,133,6,0.0269,0,0.0007,0.185,0.229,87,126,6.37,3.42,0.822,26991.22,0.258,29.86
UPI04369,Delhi,Android,Full,8,6-12m,15,5.96,85,442.03,1278.55,43546.6,0.626,0.351,66,19,3,0.038,1,0.0208,0.159,0.358,19,32,6.89,7.69,0.629,5256.53,0.313,25.76
UPI04370,Mumbai,Android,Premium,2,0-6m,19,1.67,34,5047.53,15943.82,178663.58,0.66,0.306,18,16,0,0.01,0,0.0006,0.051,0.202,50,83,2.83,22.16,0.439,89273.98,0.382,16.31
UPI04371,Ahmedabad,Android,Full,15,1-2y,29,6.58,157,180.33,557.34,26252.44,0.714,0.327,108,48,4,0.0324,3,0.0224,0.124,0.266,89,195,7.88,4.9,0.431,1536.3,0.41,17.27
UPI04372,Pune,iOS,Full,10,6-12m,7,10.6,65,40,105.3,2543.04,0.227,0.684,5,59,24,0.35,7,0.1137,0.658,0.478,22,41,12.72,12.09,0.415,2856.07,0.234,100
UPI04373,Kolkata,Android,Minimum,15,1-2y,25,8.95,239,263.05,666.91,58158.48,0.665,0.362,123,117,3,0.0146,1,0.0059,0.071,0.255,68,140,4.96,5.03,0.285,37834.96,0.407,32.22
UPI04374,Hyderabad,Android,Full,14,1-2y,28,10.06,295,165.24,475.4,46771.36,0.69,0.282,168,130,0,0.015,3,0.017,0.083,0.27,60,94,6.36,2.68,0.368,23421.13,0.356,44.29
UPI04375,Mumbai,iOS,Minimum,17,1-2y,1,1.15,1,489.18,1561.68,460.07,0.626,0.415,1,0,3,0.35,3,0.2,0.034,0.196,7,7,4.61,250,0.294,1974.06,0.388,96.89
UPI04376,Chennai,Android,Full,1,0-6m,8,0.71,12,992.99,3111.81,13151.23,0.323,0.688,10,0,2,0.1724,0,0.0075,0.064,0.251,8,11,4.64,59.11,0.224,4692.41,0.227,41.74
UPI04377,Bengaluru,Android,Minimum,18,1-2y,22,5.5,110,157.01,348.16,19734.66,0.499,0.51,37,75,7,0.0664,3,0.0351,0.067,0.227,75,99,5.78,9.09,0.254,1234.86,0.328,39.86
UPI04378,Ahmedabad,Android,Minimum,18,1-2y,14,2.9,40,2974.64,6395.1,129851.96,0.644,0.341,9,33,1,0.031,1,0.0325,0.147,0.323,33,40,4.74,20.93,0.095,70106.65,0.352,28.17
UPI04379,Mumbai,Android,Full,1,0-6m,31,7.55,250,162.75,400.38,38522.59,0.657,0.385,140,111,1,0.0109,3,0.021,0.207,0.354,73,113,7.15,5.78,0.305,4275.26,0.378,38.94
UPI04380,Mumbai,Android,Minimum,25,2y+,31,8.47,268,1426.74,3424.01,405815.04,0.325,0.737,63,203,20,0.0944,11,0.0411,0.529,0.681,108,299,8.67,2.64,0.467,210846.84,0.28,60.65
UPI04381,Ahmedabad,Android,Minimum,10,6-12m,23,5.15,102,960.88,2967.08,102980.95,0.654,0.331,71,38,2,0.0302,2,0.0211,0.06,0.312,37,41,5.95,7.77,0.582,17041.94,0.325,30.21
UPI04382,Pune,Android,Full,14,1-2y,1,2.26,2,300.53,965.65,492.95,0.471,0.46,2,0,2,0.35,0,0.0001,0.065,0.259,2,3,3.23,250,0.574,50,0.213,72.72
UPI04383,Bengaluru,Android,Full,18,1-2y,21,2.14,23,716.98,1616.26,19161.88,0.947,0.025,18,1,0,0.0004,0,0.0092,0.093,0.301,50,71,5.7,32.86,0.289,12373.96,0.457,13.89
UPI04384,Ahmedabad,Android,Minimum,30,2y+,13,9.31,119,3044.41,11567.38,388707.54,0.439,0.491,40,81,22,0.1962,1,0.0136,0.355,0.622,32,75,9.77,5.36,0.73,151812.95,0.27,73.16
UPI04385,Pune,Android,Minimum,24,1-2y,22,11.36,238,340.2,1419.37,76312.67,0.458,0.528,70,166,22,0.1079,0,0.0041,0.561,0.406,101,167,5.11,3.22,0.752,40810.49,0.273,53.24
UPI04386,Chennai,Android,Minimum,36,2y+,28,5.91,131,326.19,893.02,37235.61,0.677,0.317,78,51,0,0.012,1,0.0132,0.053,0.413,67,106,4.1,0.99,0.318,11030.44,0.406,23.32
UPI04387,Bengaluru,Android,Full,9,6-12m,13,2.77,45,3965.22,11359.9,193249.88,0.706,0.335,26,18,5,0.1136,0,0.0001,0.152,0.271,32,58,5.55,15.96,0.443,137352.93,0.31,37.32
UPI04388,Kolkata,iOS,Minimum,19,1-2y,23,3.88,84,867.02,1724.38,80264.88,0.539,0.449,46,38,3,0.0434,1,0.0204,0.116,0.298,60,101,4.06,9.53,0.442,39403.08,0.298,30.98
UPI04389,Chennai,Android,Full,7,6-12m,20,8.99,188,1233.62,3742.02,266628.33,0.52,0.524,55,129,9,0.0622,5,0.0288,0.745,0.334,79,234,6.08,2.55,0.507,198267.27,0.369,59.43
UPI04390,Chennai,iOS,Minimum,5,0-6m,3,0.64,3,230.61,487.37,700.78,0.52,0.534,3,3,2,0.35,0,0.0068,0.04,0.24,3,4,5.02,239.75,0.201,560.2,0.31,68.57
UPI04391,Ahmedabad,iOS,Minimum,14,1-2y,2,1.05,1,560.8,1089.52,559.57,0.516,0.422,0,1,1,0.35,0,0.0001,0.137,0.455,5,8,5.14,250,0.186,595.74,0.316,83.03
UPI04392,Bengaluru,Android,Full,11,6-12m,6,1.8,13,765.49,2245.23,8906.74,0.598,0.33,7,3,3,0.2427,1,0.0827,0.087,0.204,13,20,5.2,59.23,0.158,4942.58,0.331,69.11
UPI04393,Pune,Android,Minimum,1,0-6m,7,0.89,4,435.09,993.87,1688.52,0.566,0.403,3,3,0,0.0125,0,0.0033,0.101,0.333,3,4,0.5,179.89,0.256,50,0.331,18.73
UPI04394,Mumbai,Android,Full,18,1-2y,24,7.08,170,153.87,288.75,24036.42,0.678,0.289,80,84,4,0.0329,2,0.0164,0.173,0.23,70,111,5.58,4.93,0.106,7052.02,0.424,17.78
UPI04395,Ahmedabad,Android,Full,10,6-12m,29,5.74,195,78.75,146.46,14741.84,0.584,0.459,78,117,9,0.0543,0,0.0005,0.059,0.301,103,201,7.0,3.7,0.185,7996.18,0.305,18.44
UPI04396,Bengaluru,Android,Minimum,1,0-6m,5,3.93,14,804.19,1821.42,11355.84,0.589,0.372,7,9,4,0.2902,2,0.1506,0.047,0.24,10,15,5.9,46.68,0.39,1024.87,0.295,82.87
UPI04397,Ahmedabad,Android,Minimum,1,0-6m,11,2.89,37,2281.48,5952.37,80520.98,0.755,0.191,22,12,4,0.1202,0,0.0054,0.08,0.367,16,27,3.07,22.72,0.204,9344.27,0.435,36.73
UPI04398,Pune,iOS,Full,17,1-2y,5,1.07,6,250.67,658.59,1406.62,0.534,0.413,3,3,3,0.35,0,0.0062,0.029,0.233,8,11,4.65,119.27,0.589,4022.65,0.287,73.49
UPI04399,Hyderabad,Android,Minimum,8,6-12m,12,5.76,86,917.89,2504.7,64753.0,0.947,0.082,85,0,2,0.0367,3,0.0383,0.193,0.402,15,22,5.48,11.8,0.327,41213.08,0.466,32.38
UPI04400,Ahmedabad,Android,Full,15,1-2y,15,3.11,39,926.48,3236.97,31316.75,0.399,0.566,7,30,11,0.2994,7,0.1823,0.746,0.387,62,182,3.62,21.07,0.729,2261.21,0.239,98.37
UPI04401,Bengaluru,iOS,Premium,21,1-2y,5,0.51,1,548.82,1695.31,638.27,0.391,0.577,1,1,0,0.0134,0,0.0082,0.148,0.194,8,8,4.68,250,0.106,50,0.248,12.27
UPI04402,Ahmedabad,Android,Full,1,0-6m,18,4.15,73,908.69,3412.22,72234.95,0.499,0.507,32,39,7,0.0967,0,0.001,0.164,0.292,35,59,5.32,13.2,0.589,28759.13,0.308,39.04
UPI04403,Ahmedabad,Android,Premium,2,0-6m,20,2.44,50,683.48,2102.08,28399.19,0.714,0.28,23,26,4,0.0842,0,0.0072,0.127,0.304,50,72,2.67,11.97,0.562,828.61,0.452,29.03
UPI04404,Bengaluru,Android,Full,29,2y+,25,2.54,74,496.91,814.08,32427.75,0.951,0.022,59,17,2,0.0385,4,0.0544,0.099,0.341,67,97,6.45,13.15,0.105,15612.96,0.398,26.73
UPI04405,Bengaluru,Android,Full,28,2y+,5,1.48,10,308.71,607.77,2944.69,0.577,0.489,5,2,2,0.2077,0,0.008,0.142,0.499,2,3,0.69,69.92,0.056,769.48,0.381,51.32
UPI04406,Hyderabad,Android,Full,12,6-12m,7,1.19,8,269.84,701.12,2169.23,0.393,0.652,1,6,3,0.35,1,0.1256,0.129,0.335,8,9,2.75,86.91,0.258,50,0.257,93.58
UPI04407,Delhi,Android,Full,27,2y+,21,1.88,58,3689.22,10638.85,195210.24,0.756,0.219,39,18,2,0.0485,0,0.0043,0.132,0.192,51,93,5.23,11.42,0.378,105126.09,0.331,19.46
UPI04408,Chennai,iOS,Minimum,16,1-2y,6,1.46,8,313.64,1020.86,2819.14,0.357,0.614,2,5,0,0.0138,0,0.0058,0.066,0.464,15,20,5.79,94.09,0.209,1019.15,0.281,9.47
UPI04409,Ahmedabad,Android,Premium,27,2y+,1,0.73,1,377.02,1063.17,349.28,0.534,0.414,1,1,1,0.35,1,0.2,0.061,0.439,2,3,1.67,250,0.35,50,0.287,97.45
UPI04410,Mumbai,Android,Full,22,1-2y,19,4.78,70,1154.96,3104.48,79594.61,0.87,0.116,69,2,4,0.0636,4,0.0644,0.064,0.433,56,96,6.71,5.94,0.316,35400.8,0.44,37.24
UPI04411,Mumbai,Android,Minimum,25,2y+,11,5.64,68,601.38,1499.84,45122.53,0.922,0.079,35,34,0,0.0111,3,0.0536,0.071,0.301,26,36,6.63,11.73,0.313,13293.71,0.436,18.37
UPI04412,Kolkata,Android,Full,16,1-2y,9,9.75,89,40,101.54,3874.32,0.479,0.444,34,54,2,0.0323,8,0.0998,0.569,0.463,30,77,8.49,8.45,0.68,2428.66,0.266,54.27
UPI04413,Delhi,iOS,Full,1,0-6m,23,7.86,188,276.46,845.58,47174.0,0.599,0.422,107,79,9,0.0483,0,0.0016,0.142,0.322,69,153,6.78,3.56,0.387,18083.06,0.392,27.71
UPI04414,Bengaluru,iOS,Premium,34,2y+,20,6.43,128,315.62,557.81,41558.88,0.563,0.467,73,51,8,0.07,5,0.0397,0.199,0.394,52,111,6.8,4.54,0.108,16015.39,0.302,38.68
UPI04415,Ahmedabad,Android,Minimum,5,0-6m,22,4.18,86,629.31,1289.7,47830.49,0.605,0.427,47,32,0,0.0087,0,0.0051,0.142,0.309,43,64,5.2,11.06,0.335,20093.17,0.401,18.69
UPI04416,Hyderabad,iOS,Full,22,1-2y,23,1.67,22,609.17,1753.47,13291.38,0.626,0.417,15,5,6,0.2785,2,0.0927,0.115,0.396,47,85,5.79,32.11,0.364,2924.86,0.328,61.73
UPI04417,Chennai,Android,Minimum,24,1-2y,21,4.86,79,119.72,248.89,8900.76,0.712,0.28,48,29,6,0.0809,2,0.026,0.153,0.31,66,97,4.32,6.8,0.204,6864.07,0.331,41.3
UPI04418,Delhi,iOS,Minimum,13,1-2y,25,6.09,153,926.76,1999.16,144909.09,0.943,0.081,149,4,5,0.0463,0,0.0082,0.069,0.4,71,134,4.7,4.9,0.365,63534.33,0.407,22.24
UPI04419,Hyderabad,Android,Minimum,36,2y+,23,1.68,11,933.1,1268.33,9535.13,0.454,0.556,0,10,0,0.0093,0,0.008,0.153,0.353,49,60,5.46,68.45,0.05,4844.3,0.273,18.95
UPI04420,Delhi,Android,Full,17,1-2y,3,0.66,1,699.75,1917.92,717.39,0.621,0.395,0,1,0,0.0067,0,0.0028,0.037,0.329,3,3,1.77,250,0.595,50,0.338,7.08
UPI04421,Kolkata,Android,Minimum,36,2y+,20,5.89,131,225.04,692.16,29109.36,0.717,0.242,57,68,9,0.083,0,0.0061,0.057,0.337,57,131,3.41,11.71,0.402,7608.97,0.413,27.19
UPI04422,Chennai,Android,Minimum,20,1-2y,16,2.35,60,3019.83,6464.97,196754.54,0.728,0.281,36,24,0,0.013,0,0.0031,0.051,0.282,40,53,4.24,16.01,0.058,127980.16,0.405,13.0
UPI04423,Bengaluru,Android,Full,12,6-12m,27,5.84,137,271.55,829.42,34121.91,0.713,0.312,80,56,0,0.014,3,0.0234,0.196,0.222,70,125,2.28,6.74,0.595,25748.1,0.363,27.12
UPI04424,Chennai,Android,Premium,26,2y+,30,4.5,154,241.41,728.72,37829.11,0.585,0.452,60,84,2,0.0247,2,0.0132,0.147,0.361,105,144,8.07,3.64,0.267,18244.02,0.346,23.14
UPI04425,Mumbai,Android,Minimum,20,1-2y,25,5.66,115,156.33,277.07,19142.28,0.563,0.424,59,55,2,0.0218,1,0.011,0.119,0.353,91,143,8.59,7.29,0.064,13676.94,0.353,22.22
UPI04426,Chennai,Android,Full,35,2y+,24,5.17,79,3245.04,6825.5,243259.18,0.662,0.315,37,41,4,0.0535,0,0.0038,0.133,0.286,57,99,5.69,9.71,0.345,142154.13,0.32,22.77
UPI04427,Delhi,Android,Minimum,21,1-2y,22,4.39,119,840.06,1942.59,112508.49,0.482,0.564,30,90,4,0.045,0,0.0082,0.16,0.241,48,61,5.94,0.2,0.367,60159.86,0.317,37.7
UPI04428,Pune,Android,Premium,20,1-2y,21,3.95,76,309.46,872.08,26556.17,0.66,0.34,37,42,3,0.0404,1,0.0222,0.164,0.254,41,51,6.85,11.63,0.487,8008.26,0.416,30.61
UPI04429,Chennai,iOS,Full,28,2y+,27,6.41,207,236.75,826.25,55392.3,0.624,0.362,135,74,0,0.0147,1,0.0145,0.149,0.36,51,80,5.11,5.65,0.336,18852.84,0.359,25.64
UPI04430,Kolkata,Android,Full,1,0-6m,19,4.04,78,604.25,1962.51,46657.21,0.821,0.204,60,17,4,0.0559,3,0.0429,0.063,0.413,52,66,6.03,9.78,0.525,29190.06,0.482,34.83
UPI04431,Bengaluru,Android,Full,1,0-6m,25,6.25,131,255.27,659.05,34774.86,0.693,0.294,75,57,0,0.0038,0,0.0028,0.15,0.389,80,113,6.11,2.55,0.396,22622.24,0.34,31.26
UPI04432,Delhi,iOS,Full,26,2y+,21,3.06,58,3159.13,11415.11,172666.59,0.561,0.437,27,28,0,0.0064,1,0.0263,0.106,0.257,49,63,5.54,12.34,0.585,80725.15,0.35,20.7
UPI04433,Pune,Android,Full,11,6-12m,25,7.26,222,245.9,1011.87,49682.34,0.595,0.419,121,102,0,0.0036,0,0.0074,0.067,0.337,68,133,6.92,0.2,0.702,8538.31,0.296,13.08
UPI04434,Hyderabad,Android,Minimum,15,1-2y,4,7.59,29,1073.32,3199.58,27932.42,0.594,0.303,10,17,14,0.35,3,0.1127,0.414,0.353,22,52,6.04,27.59,0.482,7984.13,0.39,100
UPI04435,Hyderabad,iOS,Minimum,42,2y+,29,5.81,145,222.46,577.5,34411.58,0.557,0.456,83,60,8,0.0689,0,0.0078,0.094,0.359,82,162,4.49,8.18,0.234,21888.09,0.371,30.49
UPI04436,Ahmedabad,iOS,Full,29,2y+,2,0.1,1,685.2,1563.53,778.26,0.592,0.387,1,0,0,0.0031,1,0.2,0.044,0.329,2,3,6.42,250,0.231,50,0.295,24.88
UPI04437,Kolkata,Android,Full,19,1-2y,14,11.27,173,460.41,1608.57,72488.95,0.29,0.666,30,147,8,0.0577,15,0.0942,0.603,0.489,69,125,7.73,6.9,0.73,33549.75,0.317,68.32
UPI04438,Bengaluru,Android,Premium,20,1-2y,23,4.18,91,434.07,1073.28,40430.35,0.59,0.418,29,61,2,0.0294,2,0.0303,0.111,0.334,48,78,6.08,6.71,0.414,7359.68,0.303,28.11
UPI04439,Bengaluru,iOS,Full,15,1-2y,22,4.04,103,329.97,822.48,36000.76,0.493,0.476,38,56,4,0.053,1,0.0129,0.113,0.313,59,93,5.7,10.12,0.204,7185.14,0.23,24.8
UPI04440,Bengaluru,Android,Full,1,0-6m,18,3.72,46,641.35,1482.52,28385.63,0.693,0.323,14,29,3,0.0689,1,0.0247,0.119,0.215,34,41,4.12,17.75,0.126,18259.68,0.29,28.21
UPI04441,Delhi,Android,Full,29,2y+,9,0.97,8,4049.73,9751.72,36090.48,0.215,0.85,0,8,27,0.35,6,0.2,0.683,0.585,51,145,9.21,91.37,0.335,28104.95,0.287,99.14
UPI04442,Delhi,iOS,Full,25,2y+,21,3.35,53,641.08,1081.58,33443.44,0.901,0.124,34,19,0,0.0081,1,0.0254,0.049,0.389,69,134,5.02,13.78,0.216,13632.77,0.517,15.75
UPI04443,Mumbai,Android,Full,31,2y+,7,13.92,98,866.8,3557.05,73941.96,0.495,0.47,34,64,24,0.2519,6,0.0625,0.504,0.538,19,50,10.06,5.01,0.896,18142.0,0.292,94.62
UPI04444,Delhi,Android,Full,7,6-12m,2,1.38,1,517.78,1190.23,571.55,0.415,0.66,1,0,3,0.35,1,0.2,0.045,0.444,2,3,4.77,250,0.201,50,0.318,95.83
UPI04445,Ahmedabad,Android,Full,11,6-12m,25,1.73,28,649.22,1310.73,15803.35,0.468,0.522,17,14,2,0.0782,0,0.0007,0.12,0.21,62,83,4.44,26.73,0.307,6722.54,0.26,33.39
UPI04446,Mumbai,iOS,Minimum,26,2y+,18,2.18,41,3129.24,8823.97,126739.19,0.742,0.266,12,23,6,0.1535,0,0.0016,0.083,0.35,33,48,2.92,17.72,0.346,72920.43,0.439,28.42
UPI04447,Hyderabad,iOS,Full,12,6-12m,2,0.36,1,687.99,1497.81,673.09,0.588,0.363,1,1,1,0.35,0,0.0017,0.042,0.38,2,3,3.71,250,0.134,1684.78,0.377,77.49
UPI04448,Kolkata,Android,Full,6,0-6m,7,12.26,92,2504.0,8912.0,235510.33,0.546,0.445,42,57,24,0.2701,1,0.0125,0.561,0.642,23,37,6.48,10.74,0.623,72219.54,0.409,100
UPI04449,Kolkata,Android,Minimum,18,1-2y,18,5.19,99,201.37,558.98,21375.84,0.67,0.335,51,52,0,0.0135,3,0.0317,0.169,0.246,54,91,9.74,8.65,0.195,4137.15,0.332,29.95
UPI04450,Hyderabad,Android,Full,25,2y+,6,2.98,21,3040.13,11152.19,54350.73,0.654,0.291,15,6,2,0.1096,0,0.0032,0.079,0.2,18,26,5.62,28.17,0.253,19835.49,0.309,25.07
UPI04451,Kolkata,Android,Full,21,1-2y,5,1.36,8,637.24,1679.31,5527.85,0.575,0.42,1,6,0,0.0097,2,0.2,0.04,0.517,3,3,2.97,90.24,0.547,2808.35,0.369,32.59
UPI04452,Mumbai,Android,Premium,9,6-12m,31,1.08,31,3202.67,8726.44,103959.46,0.641,0.399,21,7,0,0.015,2,0.0711,0.118,0.188,44,64,5.73,24.06,0.365,66006.37,0.277,24.88
UPI04453,Pune,Android,Full,25,2y+,23,6.68,178,92.15,195.22,13692.35,0.648,0.336,69,106,8,0.0519,1,0.0154,0.086,0.353,78,154,5.93,7.38,0.629,2951.78,0.416,42.54
UPI04454,Mumbai,Android,Full,10,6-12m,7,11.18,75,1563.34,5436.46,120096.06,0.261,0.637,7,66,22,0.2977,11,0.1536,0.387,0.557,21,40,1,8.16,0.798,12928.08,0.324,98.52
UPI04455,Chennai,Android,Full,21,1-2y,28,3.81,117,215.27,415.66,27208.39,0.505,0.526,53,63,3,0.0402,0,0.0061,0.091,0.313,72,139,5.86,5.85,0.143,6084.86,0.251,23.1
UPI04456,Ahmedabad,Android,Full,5,0-6m,3,0.05,2,368.77,656.18,651.04,0.559,0.489,0,2,0,0.0138,0,0.0019,0.041,0.391,2,3,4.65,250,0.508,50,0.351,16.88
UPI04457,Chennai,Android,Full,7,6-12m,18,0.85,1,1145.82,3277.61,1150.88,0.278,0.802,0,0,22,0.35,8,0.2,0.429,0.363,76,182,8.14,250,0.544,922.0,0.292,99.59
UPI04458,Chennai,Android,Full,7,6-12m,11,15.28,167,2008.17,6533.96,344937.42,0.362,0.725,55,112,2,0.0208,10,0.0683,0.475,0.483,39,116,12.14,3.76,0.47,250792.57,0.27,57.16
UPI04459,Ahmedabad,Android,Minimum,13,1-2y,8,1.22,8,455.15,1246.69,3192.7,0.315,0.703,3,5,0,0.0017,2,0.2,0.031,0.36,15,21,5.8,91.61,0.411,50,0.247,44.59
UPI04460,Delhi,Android,Minimum,21,1-2y,18,3.33,55,60,167.32,3573.48,0.899,0.075,32,21,3,0.0612,3,0.0572,0.09,0.417,57,68,6.34,13.01,0.515,3250.95,0.521,17.15
UPI04461,Bengaluru,Android,Full,15,1-2y,3,1.12,1,352.41,1173.58,347.53,0.323,0.75,0,0,1,0.35,2,0.2,0.116,0.208,8,12,3.47,250,0.51,3292.66,0.199,100
UPI04462,Chennai,Android,Premium,23,1-2y,23,1.6,22,2471.92,5142.22,60161.82,0.688,0.264,7,15,4,0.1936,0,0.0022,0.176,0.336,58,97,6.27,32.8,0.357,22967.81,0.31,43.48
UPI04463,Kolkata,Android,Minimum,11,6-12m,23,2.81,60,2765.58,7714.64,180767.38,0.665,0.356,35,26,3,0.0525,2,0.0406,0.055,0.216,36,56,2.77,15.03,0.358,119252.01,0.382,28.34
UPI04464,Mumbai,Android,Full,10,6-12m,24,5.56,106,281.46,848.95,28958.67,0.628,0.362,63,45,0,0.012,2,0.0215,0.147,0.37,89,162,6.71,6.31,0.557,6186.1,0.336,30.21
UPI04465,Kolkata,Android,Full,9,6-12m,16,3.84,72,2662.29,7707.39,186883.65,0.7,0.303,41,30,0,0.0148,0,0.0084,0.091,0.297,29,49,4.75,17.14,0.368,67173.15,0.343,17.44
UPI04466,Bengaluru,Android,Full,16,1-2y,31,9.3,290,218.97,753.53,53569.48,0.53,0.482,158,130,2,0.015,2,0.0096,0.18,0.281,76,111,8.7,0.2,0.255,29832.56,0.36,30.01
UPI04467,Hyderabad,Android,Full,24,1-2y,23,5.57,133,1137.0,3572.13,137271.76,0.349,0.658,35,96,34,0.2596,8,0.0647,0.303,0.33,73,213,7.02,5.26,0.537,75002.89,0.185,87.51
UPI04468,Pune,iOS,Minimum,20,1-2y,12,5.71,58,925.09,1817.99,51795.01,0.843,0.177,31,25,0,0.0031,1,0.025,0.096,0.282,20,35,6.03,11.49,0.136,26548.7,0.434,19.6
UPI04469,Ahmedabad,Android,Minimum,43,2y+,16,6.1,98,676.01,2037.86,58061.08,0.482,0.539,44,49,1,0.025,0,0.0045,0.179,0.41,30,37,4.72,0.2,0.3,14146.14,0.322,26.53
UPI04470,Bengaluru,iOS,Full,2,0-6m,25,7.79,149,129.53,307.37,16890.84,0.622,0.33,69,78,4,0.0308,0,0.0029,0.087,0.302,80,147,8.05,4.5,0.212,11593.98,0.369,33.15
UPI04471,Pune,Android,Full,23,1-2y,15,5.26,74,1316.16,4042.76,105592.52,0.887,0.086,50,24,2,0.0334,2,0.036,0.08,0.248,42,66,4.47,10.32,0.213,39145.16,0.472,25.36
UPI04472,Delhi,Android,Minimum,26,2y+,6,1.42,1,618.69,1492.18,608.61,0.32,0.745,0,1,1,0.35,1,0.2,0.024,0.275,11,16,5.33,250,0.305,50,0.178,97.05
UPI04473,Bengaluru,Android,Premium,31,2y+,14,4.25,56,1368.1,2555.1,74725.62,0.812,0.141,27,30,6,0.1142,1,0.0271,0.173,0.305,41,74,3.32,13.47,0.181,33084.45,0.42,35.45
UPI04474,Kolkata,Android,Minimum,20,1-2y,11,4.6,51,4675.12,14768.51,265856.49,0.671,0.383,31,22,5,0.102,0,0.0007,0.046,0.365,27,41,4.76,15.33,0.427,168904.62,0.443,22.04
UPI04475,Bengaluru,Android,Premium,13,1-2y,21,5.34,124,709.92,2434.86,95739.37,0.501,0.509,63,58,0,0.0032,1,0.0173,0.158,0.31,47,84,6.58,5.09,0.353,13240.48,0.344,27.76
UPI04476,Hyderabad,Android,Premium,1,0-6m,23,5.11,134,662.62,2476.75,86860.46,0.905,0.084,91,45,3,0.0353,1,0.0166,0.081,0.26,49,80,7.28,6.23,0.555,32936.13,0.475,29.97
UPI04477,Delhi,Android,Premium,20,1-2y,27,6.9,179,213.25,589.93,39599.31,0.619,0.39,117,61,5,0.031,0,0.0054,0.09,0.261,76,189,5.27,7.39,0.428,24101.24,0.353,26.96
UPI04478,Bengaluru,Android,Full,6,0-6m,7,1.05,12,735.53,2603.26,7586.81,0.647,0.386,3,9,1,0.0858,0,0.007,0.117,0.444,11,18,3.17,55.47,0.23,1679.56,0.326,32.24
UPI04479,Mumbai,Android,Full,18,1-2y,16,4.19,37,3960.21,5886.35,148369.26,0.596,0.391,22,21,0,0.0122,1,0.034,0.144,0.241,29,40,5.88,17.31,0.197,97957.73,0.379,27.21
UPI04480,Delhi,Android,Minimum,5,0-6m,28,5.56,140,182.96,365.01,24241.37,0.676,0.289,105,37,4,0.0301,0,0.0007,0.11,0.397,94,135,3.5,6.04,0.475,8939.24,0.336,24.72
UPI04481,Delhi,iOS,Minimum,19,1-2y,17,4.35,76,911.33,2616.68,58305.09,0.679,0.274,43,32,6,0.0892,1,0.0149,0.098,0.36,38,54,6.34,4.63,0.274,41254.7,0.337,28.36
UPI04482,Ahmedabad,Android,Full,9,6-12m,27,5.68,178,153.9,228.22,23270.87,0.703,0.32,90,89,8,0.0553,1,0.0142,0.149,0.318,89,206,4.98,3.11,0.133,7895.45,0.311,33.12
UPI04483,Chennai,Android,Minimum,29,2y+,18,3.17,51,469.52,737.16,23509.56,0.532,0.432,30,21,5,0.1053,2,0.0459,0.141,0.312,40,55,4.95,17.64,0.165,17217.63,0.375,36.65
UPI04484,Delhi,Android,Full,29,2y+,23,7.24,192,586.48,1623.21,119694.24,0.884,0.143,164,29,6,0.0435,2,0.0148,0.169,0.269,51,89,4.34,3.79,0.311,72459.85,0.363,34.47
UPI04485,Chennai,Android,Minimum,25,2y+,25,7.93,190,165.19,361.0,33028.08,0.527,0.457,96,92,9,0.0559,1,0.0113,0.183,0.297,53,79,4.55,1.34,0.265,14271.62,0.36,36.59
UPI04486,Chennai,Android,Premium,17,1-2y,23,6.56,201,105.99,288.67,24919.13,0.669,0.342,110,87,4,0.0226,0,0.0009,0.159,0.289,56,107,4.75,6.76,0.16,6474.68,0.4,24.46
UPI04487,Mumbai,Android,Full,26,2y+,27,6.03,135,88.44,304.8,10163.57,0.697,0.286,87,45,3,0.0243,0,0.0029,0.215,0.326,73,91,4.57,7.38,0.381,9779.54,0.42,15.68
UPI04488,Ahmedabad,iOS,Minimum,19,1-2y,23,4.18,108,3034.78,7414.36,369486.45,0.6,0.359,45,62,0,0.0038,0,0.0082,0.089,0.336,44,78,3.74,7.43,0.535,190876.16,0.281,9.93
UPI04489,Kolkata,Android,Premium,31,2y+,12,3.52,54,776.01,2362.08,44895.05,0.517,0.435,32,24,4,0.0828,1,0.0201,0.04,0.363,29,54,4.44,15.83,0.414,20837.52,0.259,35.07
UPI04490,Pune,Android,Full,21,1-2y,21,4.45,90,935.96,1988.18,86099.2,0.817,0.187,47,48,4,0.0455,0,0.0071,0.169,0.317,57,101,6.21,7.96,0.221,9881.54,0.38,28.98
UPI04491,Bengaluru,Android,Full,24,1-2y,27,3.46,50,3242.8,6736.21,148232.89,0.558,0.44,26,25,5,0.1037,0,0.0001,0.075,0.22,66,100,4.76,14.05,0.298,37815.25,0.252,27.27
UPI04492,Hyderabad,Android,Premium,29,2y+,26,2.19,61,4298.24,10223.07,261085.21,0.787,0.22,31,30,3,0.0569,1,0.0236,0.067,0.273,40,59,3.79,13.6,0.213,176044.8,0.441,19.31
UPI04493,Kolkata,Android,Minimum,9,6-12m,16,2.11,51,4788.98,7945.7,228667.76,0.684,0.266,29,20,2,0.0479,0,0.008,0.095,0.334,43,67,4.6,16.07,0.385,38996.59,0.325,17.61
UPI04494,Kolkata,Android,Premium,12,6-12m,14,3.79,89,102.87,254.61,9429.3,0.624,0.355,49,43,6,0.0791,1,0.0156,0.217,0.288,59,107,6.03,8.95,0.264,5935.25,0.329,36.25
UPI04495,Mumbai,Android,Premium,9,6-12m,8,1.7,15,371.75,889.02,6449.78,0.363,0.665,10,8,1,0.0802,1,0.0755,0.145,0.387,10,15,2.84,47.99,0.441,726.0,0.236,39.35
UPI04496,Delhi,Android,Minimum,10,6-12m,8,2.07,28,527.14,1670.52,12771.5,0.488,0.582,2,20,1,0.0478,0,0.0089,0.142,0.435,15,23,3.48,22.67,0.234,2982.77,0.34,20.53
UPI04497,Bengaluru,Android,Full,28,2y+,14,2.25,24,2358.45,7852.52,52093.13,0.683,0.357,16,7,4,0.1812,0,0.0026,0.111,0.285,30,51,5.6,30.49,0.347,10640.58,0.382,39.9
UPI04498,Bengaluru,Android,Full,32,2y+,17,11.34,179,1587.64,6848.25,275966.41,0.601,0.422,93,87,5,0.0433,8,0.0476,0.71,0.468,62,119,9.11,4.47,0.75,93274.16,0.311,52.09
UPI04499,Ahmedabad,Android,Minimum,9,6-12m,17,3.69,48,972.28,2991.1,48938.91,0.909,0.116,38,13,2,0.0455,4,0.086,0.063,0.227,46,73,4.67,15.93,0.441,11920.72,0.372,26.26
UPI04500,Pune,Android,Full,14,1-2y,18,12.98,226,1400.57,4300.97,265118.11,0.439,0.455,72,157,14,0.077,1,0.0087,0.313,0.488,86,233,6.17,2.77,0.585,44160.67,0.33,52.89
UPI04501,Hyderabad,Android,Minimum,15,1-2y,21,4.3,55,197.1,661.0,10024.4,0.53,0.426,20,29,5,0.0912,0,0.0023,0.103,0.367,86,156,5.4,16.49,0.394,8553.36,0.289,31.13
UPI04502,Mumbai,iOS,Full,25,2y+,15,2.86,27,3448.06,10324.43,108282.88,0.611,0.368,12,13,3,0.1139,0,0.0042,0.078,0.356,31,55,3.64,28.12,0.443,50729.51,0.285,25.83
UPI04503,Mumbai,Android,Full,16,1-2y,21,6.69,131,942.59,2449.63,118440.4,0.809,0.199,100,31,5,0.0445,2,0.0237,0.181,0.286,42,68,7.22,6.81,0.292,15894.13,0.392,31.39
UPI04504,Delhi,iOS,Full,17,1-2y,28,2.66,80,3640.13,6759.25,266201.68,0.78,0.196,63,16,4,0.0567,1,0.0179,0.152,0.218,44,78,5.73,9.14,0.362,46491.06,0.36,26.37
UPI04505,Mumbai,Android,Full,18,1-2y,1,1.6,1,98.12,191.87,112.0,0.641,0.39,1,0,3,0.35,1,0.2,0.137,0.518,6,8,2.89,250,0.245,969.69,0.378,91.78
UPI04506,Chennai,Android,Full,11,6-12m,5,0.31,9,387.85,1142.84,3331.68,0.534,0.396,0,7,0,0.0039,0,0.0074,0.07,0.365,16,16,2.13,76.87,0.329,2561.75,0.305,8.35
UPI04507,Pune,iOS,Full,23,1-2y,12,4.27,58,40,142.93,2448.95,0.235,0.684,7,44,15,0.2736,10,0.1799,0.489,0.628,51,141,12.98,14.69,0.672,2240.44,0.207,98.92
UPI04508,Mumbai,Android,Full,22,1-2y,6,0.79,7,509.8,1224.54,3807.28,0.393,0.592,0,3,0,0.0141,1,0.1451,0.026,0.222,8,10,2.96,100.41,0.359,307.96,0.194,34.23
UPI04509,Pune,iOS,Minimum,16,1-2y,21,2.75,35,3490.0,6376.39,122284.85,0.667,0.378,18,19,2,0.0581,1,0.0323,0.043,0.355,32,55,5.59,23.29,0.25,80866.99,0.325,19.03
UPI04510,Hyderabad,Android,Full,26,2y+,19,7.2,151,266.27,496.79,43335.65,0.641,0.322,86,68,5,0.0441,0,0.0003,0.052,0.258,64,92,5.44,2.42,0.196,13124.9,0.279,25.0
UPI04511,Ahmedabad,Android,Premium,7,6-12m,19,5.86,119,734.85,1123.75,101431.53,0.946,0.047,115,6,2,0.0297,2,0.0228,0.19,0.272,67,107,6.41,4.49,0.28,67444.29,0.495,22.2
UPI04512,Bengaluru,Android,Minimum,36,2y+,20,3.16,69,105.55,282.03,6385.72,0.923,0.092,45,24,6,0.0901,1,0.0202,0.073,0.382,52,80,6.83,16.76,0.338,3180.5,0.515,23.73
UPI04513,Hyderabad,iOS,Full,26,2y+,10,11.74,129,2666.26,8802.87,303545.85,0.585,0.335,63,62,9,0.0857,14,0.1122,0.436,0.475,42,94,12.49,1.61,0.643,215639.61,0.319,57.32
UPI04514,Pune,Android,Full,14,1-2y,7,5.56,43,2174.63,7834.54,109104.66,0.251,0.697,9,32,3,0.0774,12,0.2,0.592,0.61,15,21,6.29,20.45,0.653,55585.33,0.215,77.43
UPI04515,Mumbai,Android,Full,21,1-2y,17,2.67,49,890.75,2471.38,43404.31,0.896,0.12,34,15,7,0.1436,0,0.0064,0.157,0.258,42,51,5.04,10.72,0.356,28981.43,0.482,51.41
UPI04516,Ahmedabad,Android,Full,10,6-12m,23,9.84,209,542.38,1896.16,120309.75,0.451,0.601,62,149,15,0.0849,8,0.0384,0.301,0.456,82,230,6.92,0.2,0.847,88952.44,0.383,59.04
UPI04517,Delhi,Android,Full,13,1-2y,24,8.4,217,1162.25,3537.4,213553.03,0.811,0.162,155,57,5,0.0301,1,0.0092,0.181,0.322,82,157,8.59,3.13,0.504,136750.11,0.349,26.94
UPI04518,Chennai,Android,Minimum,16,1-2y,2,0.05,3,474.28,1402.4,1419.15,0.509,0.533,3,1,1,0.3361,0,0.0024,0.099,0.194,2,3,6.27,236.79,0.471,50,0.247,81.25
UPI04519,Hyderabad,iOS,Premium,20,1-2y,19,15.99,307,1196.73,4148.55,406235.36,0.279,0.674,67,237,30,0.109,15,0.0576,0.676,0.37,64,147,7.16,2.19,0.661,217665.33,0.242,83.87
UPI04520,Delhi,Android,Full,24,1-2y,21,8.67,195,158.36,344.67,35454.26,0.588,0.442,70,130,2,0.0161,0,0.0013,0.167,0.398,48,63,7.45,0.67,0.345,8102.09,0.317,20.77
UPI04521,Bengaluru,iOS,Minimum,17,1-2y,20,3.86,78,209.57,479.33,15687.12,0.566,0.443,36,43,11,0.1524,2,0.0269,0.174,0.282,59,141,4.99,9.24,0.269,10779.8,0.291,45.44
UPI04522,Mumbai,Android,Full,13,1-2y,15,2.17,38,2315.05,6697.75,93129.7,0.717,0.28,15,17,1,0.0318,4,0.1072,0.083,0.248,43,79,3.56,22.77,0.354,29748.15,0.372,28.93
UPI04523,Mumbai,Android,Full,7,6-12m,8,7.52,67,1994.21,5798.78,121958.08,0.552,0.525,25,44,19,0.3012,16,0.2,0.752,0.457,29,54,6.26,8.84,0.702,56236.73,0.331,98.88
UPI04524,Hyderabad,Android,Minimum,11,6-12m,6,0.62,3,782.16,2040.61,2302.38,0.553,0.447,2,0,2,0.35,2,0.2,0.039,0.508,14,21,3.6,243.48,0.225,929.84,0.409,96.99
UPI04525,Mumbai,iOS,Minimum,20,1-2y,15,3.09,50,1599.75,4678.9,83037.84,0.796,0.189,26,23,3,0.0728,5,0.1011,0.149,0.266,33,67,6.21,12.98,0.343,35309.46,0.345,35.93
UPI04526,Hyderabad,Android,Full,5,0-6m,8,0.2,7,584.89,1253.21,4324.75,0.507,0.459,0,7,2,0.2891,0,0.0024,0.039,0.3,10,11,3.94,108.34,0.23,1143.35,0.37,64.83
UPI04527,Pune,Android,Minimum,6,0-6m,18,7.33,168,1031.09,3528.54,194386.41,0.405,0.543,55,109,25,0.1721,10,0.0691,0.695,0.385,55,112,12.41,1.97,0.796,106003.67,0.324,77.15
UPI04528,Mumbai,iOS,Full,14,1-2y,23,7.77,157,200.77,439.59,35151.86,0.717,0.303,91,62,11,0.0726,1,0.0095,0.197,0.301,79,110,6.73,0.75,0.214,17280.66,0.321,31.88
UPI04529,Chennai,Android,Full,10,6-12m,21,3.93,57,779.93,1922.54,41106.05,0.683,0.344,28,34,5,0.0986,2,0.0448,0.169,0.314,41,46,3.89,17.74,0.232,21016.74,0.377,36.74
UPI04530,Delhi,iOS,Minimum,28,2y+,22,2.36,73,3601.61,10488.48,269479.15,0.743,0.228,37,38,2,0.0415,1,0.0149,0.077,0.228,29,33,5.89,9.19,0.346,80391.64,0.359,16.71
UPI04531,Delhi,Android,Minimum,12,6-12m,4,0.28,1,531.02,1529.38,545.61,0.541,0.412,1,0,0,0.0088,2,0.2,0.037,0.247,5,6,3.37,250,0.413,50,0.362,41.45
UPI04532,Delhi,Android,Full,3,0-6m,28,7.42,211,168.35,558.95,37304.98,0.709,0.307,95,111,5,0.0351,3,0.0151,0.157,0.293,80,154,1.18,4.28,0.218,6754.1,0.365,34.49
UPI04533,Mumbai,iOS,Full,16,1-2y,24,8.61,151,794.3,2098.26,126421.31,0.854,0.174,95,51,4,0.0296,3,0.0216,0.144,0.411,41,79,4.04,7.1,0.371,32923.55,0.414,29.29
UPI04534,Hyderabad,Android,Minimum,1,0-6m,25,5.29,135,169.73,406.61,20239.95,0.545,0.446,52,85,3,0.0236,3,0.0234,0.074,0.344,52,63,5.65,4.29,0.434,13860.71,0.322,28.54
UPI04535,Pune,iOS,Minimum,25,2y+,18,2.27,16,774.42,2504.83,10455.73,0.649,0.318,3,14,1,0.0734,0,0.006,0.039,0.273,46,64,4.65,42.51,0.463,7626.21,0.348,25.5
UPI04536,Hyderabad,Android,Minimum,32,2y+,24,5.6,109,202.25,660.07,21966.55,0.694,0.305,65,45,10,0.1022,2,0.0222,0.119,0.273,61,127,7.66,4.74,0.499,14184.59,0.429,30.75
UPI04537,Mumbai,Android,Full,13,1-2y,22,2.99,49,831.72,2029.84,34091.68,0.921,0.09,46,1,0,0.0059,0,0.0082,0.131,0.276,65,132,7.85,9.43,0.237,8058.68,0.388,1.62
UPI04538,Pune,Android,Minimum,12,6-12m,2,0.5,1,1336.43,4205.6,1159.05,0.201,0.85,0,0,30,0.35,20,0.2,0.468,0.503,13,36,7.22,250,0.629,50,0.22,98.58
UPI04539,Kolkata,iOS,Premium,15,1-2y,19,5.85,112,286.65,638.89,36474.36,0.584,0.374,36,73,4,0.0387,1,0.0161,0.166,0.229,50,80,5.03,6.44,0.417,22075.07,0.326,27.78
UPI04540,Delhi,iOS,Full,16,1-2y,9,2.76,32,531.19,1081.11,17526.47,0.602,0.4,21,14,3,0.103,0,0.0059,0.064,0.327,9,11,4.24,24.67,0.091,12736.76,0.36,31.06
UPI04541,Chennai,Android,Minimum,26,2y+,2,0.91,3,20,59.99,100,0.622,0.434,0,3,0,0.0124,2,0.2,0.142,0.215,2,3,4.88,242.59,0.531,50,0.322,35.76
UPI04542,Delhi,Android,Premium,46,2y+,5,1.4,6,425.71,1000.03,2825.82,0.331,0.608,1,1,2,0.3406,1,0.1724,0.108,0.239,6,6,1.83,118.18,0.37,2631.82,0.258,95.47
UPI04543,Hyderabad,Android,Full,8,6-12m,22,11.1,224,479.48,1347.37,116139.86,0.397,0.538,69,151,11,0.0637,0,0.005,0.451,0.392,82,235,9.97,4.03,0.686,19283.94,0.281,40.02
UPI04544,Bengaluru,Android,Minimum,1,0-6m,21,9.83,225,158.24,303.2,30643.33,0.641,0.334,101,119,6,0.03,1,0.0132,0.197,0.384,55,95,5.08,5.6,0.147,8050.59,0.355,26.99
UPI04545,Pune,Android,Minimum,21,1-2y,18,4.78,81,652.49,2022.94,55386.59,0.619,0.34,23,59,3,0.0452,2,0.0345,0.048,0.214,48,82,6.06,9.05,0.438,6365.82,0.345,29.87
UPI04546,Chennai,Android,Full,6,0-6m,2,13.06,26,2020.61,6601.58,49369.34,0.609,0.4,9,17,20,0.35,0,0.0017,0.721,0.517,21,54,9.68,26.49,0.69,15763.81,0.366,100
UPI04547,Chennai,Android,Minimum,22,1-2y,13,3.51,50,997.57,2501.58,41189.81,0.887,0.141,33,12,3,0.0748,6,0.1247,0.129,0.428,23,41,5.67,9.8,0.466,3044.51,0.418,38.19
UPI04548,Delhi,Android,Full,26,2y+,24,2.24,70,5444.6,11719.09,439453.45,0.627,0.408,33,33,1,0.0268,1,0.0162,0.097,0.353,46,67,1.92,12.43,0.303,198393.4,0.309,18.32
UPI04549,Delhi,Android,Full,20,1-2y,21,2.94,39,3758.93,8264.82,138047.72,0.623,0.429,18,18,2,0.0584,0,0.0047,0.057,0.358,41,70,3.89,20.12,0.241,31947.11,0.407,25.75
UPI04550,Ahmedabad,Android,Premium,24,1-2y,7,4.33,31,1161.62,2589.19,32947.28,0.821,0.166,16,20,3,0.1004,1,0.04,0.113,0.343,20,30,6.36,15.72,0.202,10424.33,0.446,33.94
UPI04551,Mumbai,iOS,Premium,28,2y+,8,0.55,10,137.36,373.55,1217.5,0.431,0.583,8,0,3,0.3113,0,0.009,0.026,0.394,20,24,2.43,75.4,0.191,943.5,0.292,72.03
UPI04552,Delhi,Android,Premium,24,1-2y,21,4.98,102,406.08,1611.57,46477.32,0.856,0.164,71,30,2,0.0209,3,0.0341,0.19,0.371,60,121,3.36,4.12,0.622,6919.41,0.423,23.74
UPI04553,Delhi,iOS,Full,20,1-2y,21,2.84,63,3832.83,12740.99,274794.67,0.594,0.434,30,28,2,0.0394,1,0.0191,0.101,0.347,29,52,2.42,13.31,0.375,95534.96,0.302,15.51
UPI04554,Ahmedabad,Android,Full,9,6-12m,5,1.02,10,377.27,782.66,4403.45,0.402,0.622,9,0,1,0.1036,1,0.1094,0.065,0.419,3,4,1.21,72.76,0.201,570.07,0.289,33.21
UPI04555,Ahmedabad,Android,Full,23,1-2y,24,7.14,159,225.46,689.0,42074.29,0.586,0.378,82,75,6,0.0427,4,0.0336,0.121,0.276,55,103,6.78,6.26,0.507,24669.21,0.388,31.53
UPI04556,Chennai,iOS,Full,12,6-12m,14,3.54,57,2249.66,6678.04,151036.8,0.748,0.22,35,16,2,0.0357,2,0.0369,0.063,0.254,33,59,2.47,16.22,0.357,106490.41,0.379,15.6
UPI04557,Ahmedabad,iOS,Full,6,0-6m,23,5.73,135,94.27,225.85,10568.54,0.641,0.368,72,65,12,0.0914,0,0.0008,0.182,0.221,82,182,6.33,3.0,0.193,4787.25,0.36,38.04
UPI04558,Pune,Android,Full,35,2y+,27,5.5,123,600.14,1146.23,67127.29,0.711,0.323,69,47,3,0.0382,1,0.013,0.071,0.296,44,51,5.39,1.92,0.183,38789.08,0.392,15.1
UPI04559,Chennai,Android,Full,26,2y+,25,6.06,155,215.21,739.4,31618.64,0.709,0.3,77,80,6,0.0445,1,0.0131,0.081,0.277,72,112,7.74,4.2,0.29,12963.36,0.411,26.48
UPI04560,Mumbai,Android,Minimum,28,2y+,21,1.97,25,4495.72,10827.12,131640.14,0.587,0.396,7,15,1,0.0454,1,0.048,0.123,0.353,55,91,6.84,26.99,0.197,77955.71,0.378,22.68
UPI04561,Pune,iOS,Full,26,2y+,6,1.74,10,515.02,1727.68,4277.3,0.315,0.701,7,0,2,0.2005,0,0.0075,0.122,0.292,14,24,3.42,71.99,0.659,3558.04,0.199,52.78
UPI04562,Chennai,Android,Full,23,1-2y,25,7.68,237,212.05,678.44,45254.98,0.638,0.406,127,111,8,0.0456,0,0.0001,0.214,0.315,95,225,6.36,2.87,0.46,10431.47,0.375,30.64
UPI04563,Delhi,Android,Full,24,1-2y,21,6.69,152,128.33,353.67,19532.92,0.638,0.354,78,75,12,0.0833,1,0.0096,0.188,0.369,45,63,8.18,7.85,0.267,5778.15,0.425,37.26
UPI04564,Bengaluru,iOS,Full,24,1-2y,25,8.2,203,95.7,288.84,22168.83,0.555,0.461,82,122,5,0.0352,1,0.0064,0.136,0.258,63,142,4.42,4.54,0.393,6973.27,0.283,29.92
UPI04565,Chennai,Android,Minimum,18,1-2y,21,1.75,30,566.95,1711.88,16975.78,0.883,0.12,22,9,6,0.2029,0,0.0003,0.085,0.239,53,94,7.3,22.94,0.536,6600.77,0.474,44.54
UPI04566,Delhi,Android,Minimum,9,6-12m,13,3.83,32,607.41,1744.9,21349.74,0.534,0.482,6,28,1,0.0357,0,0.0017,0.117,0.278,29,46,4.62,18.68,0.582,10352.72,0.363,22.08
UPI04567,Delhi,Android,Full,6,0-6m,18,11.31,208,2215.12,7727.25,450913.11,0.36,0.706,59,152,17,0.098,9,0.0498,0.38,0.674,73,188,4.93,5.18,0.753,299568.87,0.355,58.09
UPI04568,Ahmedabad,Android,Premium,1,0-6m,23,8.03,203,158.59,545.42,35215.71,0.503,0.529,100,99,9,0.0507,1,0.0105,0.166,0.351,73,114,6.63,6.94,0.536,9887.23,0.33,42.23
UPI04569,Kolkata,Android,Minimum,21,1-2y,28,8.38,269,91.08,241.68,24607.05,0.57,0.408,87,186,2,0.0212,1,0.0114,0.088,0.305,73,97,6.68,0.2,0.322,8809.99,0.385,20.44
UPI04570,Mumbai,Android,Premium,30,2y+,18,4.57,95,2180.62,8782.42,236044.71,0.61,0.38,48,46,0,0.0084,0,0.0034,0.146,0.311,48,53,2.91,10.05,0.508,23551.42,0.357,9.14
UPI04571,Kolkata,Android,Full,26,2y+,20,2.12,51,5088.44,12593.55,245230.72,0.564,0.423,19,36,4,0.0874,1,0.0293,0.156,0.322,37,65,2.63,16.75,0.375,43073.22,0.327,30.41
UPI04572,Pune,Android,Full,13,1-2y,11,5.87,55,524.39,1749.36,32499.48,0.551,0.381,16,36,17,0.3143,5,0.096,0.312,0.493,20,34,12.36,14.72,0.727,15225.39,0.403,85.75
UPI04573,Delhi,Android,Minimum,12,6-12m,14,8.84,110,1448.0,5525.88,136817.45,0.609,0.417,60,53,7,0.0785,0,0.0089,0.44,0.665,43,108,10.25,6.52,0.74,79335.16,0.456,50.11
UPI04574,Kolkata,Android,Minimum,7,6-12m,3,2.55,10,1115.97,4322.89,11979.76,0.589,0.411,0,10,17,0.35,0,0.001,0.77,0.352,10,27,13.24,74.57,0.775,6359.23,0.297,86.92
UPI04575,Chennai,Android,Full,12,6-12m,4,1.35,8,955.72,1734.0,7124.0,0.608,0.431,0,8,1,0.1388,2,0.2,0.051,0.465,7,7,1.0,91.76,0.395,4234.12,0.307,63.81
UPI04576,Delhi,Android,Full,8,6-12m,14,3.69,67,517.39,686.3,40609.82,0.785,0.202,39,31,2,0.0332,4,0.061,0.123,0.31,40,72,8.4,15.74,0.358,12820.28,0.424,37.0
UPI04577,Kolkata,Android,Minimum,20,1-2y,1,0.8,1,77.1,213.39,100,0.527,0.443,0,1,2,0.35,0,0.0057,0.049,0.309,6,7,5.63,250,0.526,1658.75,0.297,78.1
UPI04578,Mumbai,Android,Full,12,6-12m,29,7.7,257,168.15,447.99,41141.18,0.572,0.406,154,106,4,0.0196,1,0.0111,0.109,0.373,75,166,4.53,7.56,0.434,24045.05,0.415,26.8
UPI04579,Bengaluru,Android,Full,12,6-12m,19,1.82,38,573.51,1601.09,19423.0,0.866,0.137,27,10,4,0.1181,2,0.0532,0.172,0.301,52,72,5.87,25.34,0.363,13403.25,0.453,40.69
UPI04580,Hyderabad,Android,Premium,27,2y+,24,3.7,108,4795.15,19161.8,491055.65,0.61,0.378,36,72,4,0.0459,0,0.0069,0.16,0.269,42,58,4.17,13.03,0.537,99859.51,0.297,25.4
UPI04581,Delhi,iOS,Full,6,0-6m,5,0.88,6,53.11,141.74,285.17,0.357,0.58,0,6,0,0.0068,0,0.0014,0.06,0.186,13,23,5.52,124.62,0.368,1226.47,0.293,12.04
UPI04582,Bengaluru,Android,Full,10,6-12m,23,4.97,119,869.79,2997.69,87460.7,0.47,0.507,46,73,5,0.0566,1,0.0137,0.045,0.265,54,85,5.97,5.98,0.595,39056.21,0.348,31.31
UPI04583,Ahmedabad,iOS,Full,13,1-2y,22,4.09,95,289.3,946.23,22791.36,0.665,0.305,52,43,9,0.1033,0,0.0001,0.217,0.374,71,157,6.46,5.05,0.458,9908.22,0.424,47.45
UPI04584,Hyderabad,Android,Minimum,17,1-2y,31,3.55,110,905.79,1981.86,102818.26,0.905,0.101,85,27,5,0.0544,4,0.0399,0.127,0.347,79,156,2.01,3.99,0.05,48858.87,0.392,33.77
UPI04585,Hyderabad,iOS,Full,26,2y+,12,4.19,62,3561.5,8748.93,238893.71,0.673,0.343,33,29,4,0.074,1,0.0177,0.047,0.336,29,32,5.27,12.2,0.337,66534.68,0.441,29.26
UPI04586,Kolkata,Android,Premium,1,0-6m,19,3.22,102,3087.86,10251.46,338632.25,0.677,0.371,54,48,4,0.0505,0,0.0087,0.145,0.219,54,74,4.63,10.38,0.409,53986.99,0.412,32.01
UPI04587,Ahmedabad,Android,Minimum,24,1-2y,30,6.05,208,470.61,716.53,82948.46,0.509,0.451,71,134,0,0.0147,2,0.0121,0.143,0.306,78,125,6.12,4.75,0.307,55070.93,0.307,25.66
UPI04588,Kolkata,Android,Premium,36,2y+,27,6.42,204,256.03,528.58,44633.03,0.687,0.362,118,89,4,0.0276,2,0.0125,0.129,0.233,107,211,8.45,3.84,0.171,25169.17,0.378,23.69
UPI04589,Ahmedabad,Android,Minimum,8,6-12m,24,7.63,221,180.23,425.27,36064.7,0.502,0.458,97,122,5,0.0282,4,0.0276,0.169,0.353,82,157,6.66,0.2,0.373,20073.08,0.321,22.11
UPI04590,Pune,Android,Premium,7,6-12m,6,0.73,1,438.09,1098.13,380.86,0.587,0.419,1,0,1,0.35,0,0.0088,0.044,0.395,2,3,4.15,250,0.287,449.66,0.319,73.76
UPI04591,Ahmedabad,Android,Full,17,1-2y,19,6.28,129,731.08,2066.51,94565.12,0.513,0.511,49,79,1,0.0203,0,0.0012,0.065,0.359,42,71,7.47,0.22,0.24,17737.39,0.376,23.98
UPI04592,Hyderabad,Android,Full,9,6-12m,25,8.86,227,158.47,345.13,31459.67,0.481,0.564,90,133,6,0.0388,0,0.006,0.217,0.307,59,101,6.06,1.65,0.411,19677.16,0.226,37.16
UPI04593,Bengaluru,Android,Minimum,26,2y+,8,0.43,1,457.9,765.18,494.61,0.632,0.298,1,0,1,0.35,3,0.2,0.052,0.191,11,17,4.23,250,0.193,2547.76,0.351,88.63
UPI04594,Kolkata,Android,Full,7,6-12m,21,7.51,201,160.71,362.47,33170.68,0.649,0.312,112,92,0,0.0034,2,0.0102,0.09,0.35,65,140,7.92,5.46,0.183,8875.39,0.383,18.94
UPI04595,Bengaluru,Android,Full,10,6-12m,24,8.5,192,105.76,263.69,23854.19,0.712,0.312,78,116,7,0.0505,0,0.0017,0.125,0.341,59,123,2.96,1.38,0.314,6147.38,0.424,32.92
UPI04596,Chennai,Android,Minimum,19,1-2y,13,13.4,152,1170.3,3383.15,173104.69,0.374,0.733,30,118,23,0.1634,12,0.0844,0.627,0.346,51,89,8.23,0.2,0.61,57563.12,0.328,94.64
UPI04597,Bengaluru,Android,Minimum,20,1-2y,23,4.4,85,33.86,85.36,3227.59,0.542,0.497,39,47,1,0.0141,0,0.0073,0.142,0.351,70,113,4.87,11.47,0.232,884.77,0.382,26.0
UPI04598,Ahmedabad,Android,Full,23,1-2y,18,3.3,56,1829.75,5174.89,120573.16,0.64,0.373,40,16,2,0.0496,0,0.0011,0.179,0.311,29,34,2.96,10.11,0.367,65913.21,0.421,19.57
UPI04599,Bengaluru,Android,Full,34,2y+,24,5.36,135,168.74,489.27,26663.51,0.646,0.352,79,60,7,0.0651,2,0.0228,0.143,0.327,63,104,5.71,3.5,0.323,17352.83,0.382,25.35
UPI04600,Pune,Android,Full,21,1-2y,31,5.6,182,140.09,329.82,23256.36,0.564,0.391,81,102,5,0.039,0,0.0061,0.165,0.221,98,154,7.31,1.45,0.305,2313.22,0.358,24.79
UPI04601,Hyderabad,Android,Premium,8,6-12m,8,4.19,32,783.9,2156.1,29187.28,0.564,0.423,14,15,2,0.0635,3,0.1002,0.116,0.242,11,17,4.73,25.76,0.149,2076.79,0.279,29.18
UPI04602,Ahmedabad,Android,Full,21,1-2y,7,1.28,13,514.33,1715.78,7103.19,0.329,0.607,0,12,2,0.1558,0,0.0062,0.077,0.194,14,21,3.07,55.51,0.426,1204.45,0.178,45.42
UPI04603,Mumbai,Android,Minimum,21,1-2y,5,6.33,29,302.89,1036.63,9436.25,0.233,0.668,1,29,16,0.35,1,0.0419,0.307,0.681,12,30,5.88,23.66,0.668,1149.33,0.235,98.78
UPI04604,Delhi,Android,Minimum,19,1-2y,7,1.31,10,324.82,853.45,2675.46,0.341,0.665,0,10,0,0.0087,0,0.0001,0.091,0.211,13,14,3.17,73.07,0.159,1654.01,0.244,12.8
UPI04605,Chennai,Android,Minimum,15,1-2y,14,1.93,22,40,89.8,960.23,0.538,0.501,17,4,5,0.2412,0,0.0085,0.044,0.202,24,29,4.53,23.13,0.252,131.35,0.279,59.05
UPI04606,Kolkata,Android,Full,21,1-2y,25,9.51,258,147.34,461.89,43080.52,0.626,0.422,123,137,4,0.0174,3,0.0178,0.103,0.285,93,133,5.62,2.32,0.384,7274.64,0.296,25.66
UPI04607,Ahmedabad,Android,Full,28,2y+,6,0.85,18,274.84,939.97,4445.18,0.336,0.741,3,13,4,0.2326,1,0.0594,0.119,0.372,7,8,3.82,43.17,0.371,797.96,0.303,52.9
UPI04608,Kolkata,iOS,Minimum,11,6-12m,23,6.54,146,1193.75,2955.58,167641.81,0.842,0.178,80,66,1,0.0076,3,0.0227,0.061,0.295,47,90,5.89,2.56,0.283,103601.99,0.464,6.56
UPI04609,Pune,Android,Full,31,2y+,15,6.31,76,148.72,325.26,12492.97,0.498,0.55,27,46,1,0.0279,0,0.0001,0.055,0.289,44,86,4.2,12.45,0.202,1812.12,0.242,22.72
UPI04610,Kolkata,Android,Minimum,25,2y+,20,3.56,81,581.68,1476.14,50869.89,0.9,0.106,72,11,4,0.0642,2,0.03,0.15,0.44,45,63,3.82,13.85,0.294,23182.63,0.395,23.31
UPI04611,Kolkata,Android,Full,35,2y+,8,1.89,18,197.48,709.76,3482.67,0.521,0.553,9,6,2,0.1219,0,0.0082,0.131,0.296,13,19,4.11,36.88,0.488,2466.86,0.379,40.15
UPI04612,Delhi,Android,Full,58,2y+,7,0.85,3,252.29,687.21,879.55,0.56,0.516,3,0,2,0.35,0,0.0039,0.053,0.498,11,16,3.92,241.98,0.389,1251.25,0.432,75.4
UPI04613,Mumbai,iOS,Minimum,9,6-12m,22,4.72,107,586.36,1675.5,71404.03,0.898,0.076,73,35,2,0.0288,0,0.0095,0.048,0.387,54,104,5.86,9.3,0.285,49014.19,0.431,11.87
UPI04614,Delhi,Android,Full,21,1-2y,10,9.86,89,3512.77,9661.59,329797.21,0.493,0.619,29,63,9,0.1054,2,0.0278,0.356,0.506,47,137,3.44,6.23,0.441,94058.22,0.413,50.13
UPI04615,Pune,iOS,Minimum,5,0-6m,15,5.67,87,559.39,1566.08,48649.71,0.781,0.206,53,29,0,0.007,3,0.0445,0.069,0.341,43,85,5.2,7.72,0.281,34457.35,0.451,23.8
UPI04616,Delhi,Android,Full,34,2y+,24,5.19,115,278.4,720.66,30758.66,0.879,0.1,100,12,3,0.0346,0,0.0061,0.052,0.334,60,113,6.3,5.86,0.484,22227.09,0.415,14.25
UPI04617,Hyderabad,iOS,Full,33,2y+,19,4.23,52,816.48,2581.9,43194.82,0.668,0.362,35,18,4,0.0846,1,0.0262,0.058,0.353,58,81,8.82,15.54,0.513,9829.18,0.415,31.9
UPI04618,Delhi,iOS,Full,1,0-6m,23,5.37,128,263.89,730.5,37649.12,0.497,0.479,39,87,5,0.0473,1,0.0147,0.159,0.256,62,127,8.23,7.73,0.365,18082.7,0.248,27.66
UPI04619,Hyderabad,iOS,Full,15,1-2y,14,2.29,32,5218.61,14048.75,141026.03,0.781,0.191,31,0,0,0.0028,0,0.0061,0.105,0.228,30,34,4.1,14.59,0.227,83077.26,0.352,8.74
UPI04620,Pune,iOS,Full,23,1-2y,16,3.89,61,316.55,895.39,18943.97,0.604,0.39,22,39,3,0.0572,0,0.0025,0.088,0.323,36,52,3.87,20.01,0.428,3454.38,0.386,15.9
UPI04621,Chennai,Android,Full,23,1-2y,10,3.62,30,672.16,2411.07,16723.44,0.696,0.275,20,10,1,0.0375,1,0.0419,0.071,0.291,19,34,2.89,24.65,0.491,7061.05,0.411,15.95
UPI04622,Kolkata,Android,Full,13,1-2y,18,4.0,54,329.51,933.73,17012.38,0.642,0.326,27,30,10,0.196,1,0.0275,0.066,0.221,57,84,5.33,10.79,0.271,11197.87,0.349,57.78
UPI04623,Kolkata,Android,Full,26,2y+,16,5.48,63,534.8,1794.1,33664.47,0.958,0.024,45,14,2,0.0365,5,0.0837,0.127,0.383,37,75,5.42,11.15,0.469,19320.66,0.52,24.08
UPI04624,Ahmedabad,Android,Minimum,14,1-2y,31,7.06,220,239.47,736.55,52160.65,0.523,0.433,107,111,3,0.0259,0,0.0092,0.199,0.24,111,238,5.94,6.4,0.468,24416.93,0.309,26.74
UPI04625,Pune,Android,Minimum,25,2y+,23,5.28,119,549.59,1333.97,68062.58,0.789,0.22,67,55,2,0.0265,1,0.0138,0.076,0.432,59,80,4.91,4.22,0.138,8855.71,0.462,17.25
UPI04626,Delhi,Android,Minimum,14,1-2y,5,1.22,6,656.03,1779.08,3918.42,0.556,0.467,6,1,0,0.0048,0,0.0085,0.047,0.45,4,6,1.52,113.91,0.428,50,0.364,14.67
UPI04627,Pune,Android,Minimum,6,0-6m,16,2.74,31,466.89,1162.33,14028.64,0.653,0.368,25,0,2,0.0719,0,0.0026,0.072,0.387,45,54,2.36,22.13,0.406,2051.76,0.425,22.94
UPI04628,Pune,Android,Full,12,6-12m,6,1.81,4,437.92,1334.06,1868.94,0.444,0.48,4,0,0,0.0146,0,0.006,0.133,0.337,10,17,5.03,182.02,0.378,4089.06,0.341,29.64
UPI04629,Pune,Android,Minimum,21,1-2y,7,0.8,1,446.39,1220.1,441.79,0.608,0.329,0,0,0,0.0034,0,0.0065,0.041,0.476,2,3,4.82,250,0.358,50,0.401,2.98
UPI04630,Chennai,Android,Premium,23,1-2y,21,3.56,76,2766.85,4415.01,180834.83,0.591,0.438,33,43,0,0.0018,0,0.0055,0.145,0.353,42,61,2.44,7.93,0.246,92381.84,0.406,12.17
UPI04631,Chennai,Android,Full,15,1-2y,23,7.04,170,186.98,493.63,29600.5,0.549,0.444,67,101,10,0.0619,0,0.0018,0.096,0.244,72,152,5.94,5.07,0.519,18288.28,0.29,31.38
UPI04632,Delhi,Android,Full,17,1-2y,31,4.79,159,168.69,490.93,30769.57,0.62,0.342,61,100,2,0.0202,3,0.0276,0.12,0.233,114,257,5.59,3.04,0.358,7511.23,0.343,22.52
UPI04633,Bengaluru,Android,Full,17,1-2y,6,0.98,9,1030.38,2705.81,10165.44,0.311,0.624,2,5,0,0.003,0,0.0025,0.068,0.195,8,8,2.66,84.42,0.439,5866.12,0.218,7.49
UPI04634,Mumbai,Android,Minimum,19,1-2y,11,4.89,52,1580.23,5986.71,77945.43,0.787,0.228,25,26,0,0.0068,1,0.0231,0.177,0.198,22,34,3.13,12.66,0.356,25085.72,0.331,20.14
UPI04635,Hyderabad,iOS,Full,3,0-6m,22,0.5,1,1859.54,6661.17,1795.29,0.372,0.695,1,0,25,0.35,5,0.2,0.624,0.481,72,213,6.47,250,0.561,50,0.227,100
UPI04636,Ahmedabad,Android,Full,32,2y+,24,5.91,156,348.57,597.78,47055.82,0.94,0.033,103,55,5,0.0439,0,0.0055,0.083,0.431,44,54,4.66,7.01,0.385,31218.49,0.431,27.46
UPI04637,Kolkata,Android,Full,19,1-2y,3,0.97,4,336.02,682.95,1441.41,0.326,0.747,1,4,1,0.2613,0,0.0013,0.051,0.219,2,3,5.28,176.35,0.343,4262.81,0.245,51.83
UPI04638,Hyderabad,Android,Full,14,1-2y,17,5.04,73,693.65,2601.92,50084.46,0.891,0.108,49,24,1,0.0221,0,0.0008,0.159,0.376,54,78,7.04,8.42,0.624,19619.57,0.413,11.59
UPI04639,Bengaluru,Android,Full,14,1-2y,15,1.99,19,310.03,1004.47,5074.8,0.524,0.432,0,19,4,0.2251,0,0.0036,0.051,0.334,41,48,6.99,40.13,0.358,3648.37,0.314,44.87
UPI04640,Pune,Android,Full,24,1-2y,19,4.39,58,368.41,896.19,19738.78,0.556,0.446,23,38,3,0.0555,1,0.0179,0.13,0.386,44,86,4.33,12.18,0.378,7150.22,0.37,33.43
UPI04641,Ahmedabad,iOS,Full,10,6-12m,24,2.93,72,5857.55,14027.76,418665.19,0.778,0.214,54,14,4,0.0605,0,0.0022,0.056,0.204,49,90,6.46,9.85,0.267,208256.29,0.365,27.09
UPI04642,Kolkata,iOS,Full,7,6-12m,18,4.73,66,160.58,459.22,11181.35,0.58,0.436,25,39,7,0.1189,2,0.0337,0.055,0.283,51,62,6.45,7.04,0.515,5008.66,0.309,30.92
UPI04643,Ahmedabad,iOS,Minimum,17,1-2y,4,6.48,28,1566.6,4125.32,38061.8,0.55,0.41,21,0,19,0.35,13,0.2,0.766,0.547,20,56,6.52,26.31,0.397,19160.26,0.331,99.28
UPI04644,Hyderabad,Android,Premium,30,2y+,23,4.56,103,242.68,940.47,27071.25,0.333,0.569,23,79,4,0.0534,10,0.1005,0.333,0.609,56,108,10.99,2.33,0.481,18509.68,0.284,38.73
UPI04645,Hyderabad,Android,Premium,22,1-2y,20,7.03,131,306.73,818.26,41252.21,0.552,0.487,62,76,4,0.0346,1,0.0129,0.178,0.227,60,91,3.95,8.03,0.272,19343.93,0.267,20.47
UPI04646,Mumbai,Android,Minimum,12,6-12m,11,1.56,11,327.35,763.1,4045.59,0.339,0.61,0,5,1,0.1062,0,0.0061,0.14,0.286,10,11,5.03,66.27,0.289,50,0.221,45.62
UPI04647,Ahmedabad,Android,Minimum,1,0-6m,23,8.05,197,1514.66,5150.74,303189.82,0.439,0.582,79,121,23,0.1331,6,0.0335,0.364,0.58,72,153,6.69,3.28,0.467,35706.24,0.324,70.45
UPI04648,Ahmedabad,Android,Full,12,6-12m,16,3.94,62,1220.8,3842.87,64381.89,0.827,0.184,37,20,5,0.0832,0,0.0049,0.101,0.327,34,50,5.74,14.58,0.204,20880.14,0.43,22.0
UPI04649,Chennai,Android,Minimum,8,6-12m,23,3.51,97,401.03,1219.38,33244.76,0.822,0.152,74,27,7,0.0823,1,0.0189,0.056,0.328,38,57,5.55,6.47,0.464,21955.04,0.459,19.97
UPI04650,Mumbai,Android,Full,11,6-12m,23,4.12,82,185.87,563.21,15048.72,0.601,0.361,33,51,2,0.0344,0,0.0096,0.181,0.241,62,114,8.12,12.78,0.225,9451.02,0.274,30.02
UPI04651,Kolkata,Android,Full,25,2y+,20,5.48,94,612.67,1321.72,64274.64,0.884,0.086,89,7,8,0.0854,2,0.0266,0.102,0.219,48,85,6.02,8.72,0.316,42060.38,0.363,30.56
UPI04652,Delhi,Android,Full,25,2y+,20,3.59,48,2277.61,4754.96,112888.5,0.622,0.375,18,32,1,0.0322,0,0.0076,0.038,0.329,27,31,4.36,15.15,0.244,49390.06,0.393,19.72
UPI04653,Bengaluru,iOS,Minimum,24,1-2y,21,7.68,153,155.68,467.97,27112.24,0.533,0.424,76,74,8,0.0527,1,0.0095,0.111,0.297,85,191,6.72,7.18,0.38,10757.37,0.253,30.71
UPI04654,Ahmedabad,Android,Full,25,2y+,15,2.61,32,926.47,2492.62,33404.78,0.656,0.386,10,22,3,0.0983,1,0.0389,0.134,0.28,28,46,5.48,21.12,0.267,16739.15,0.302,38.54
UPI04655,Pune,Android,Full,19,1-2y,9,1.57,19,233.89,683.16,4804.58,0.402,0.539,10,1,0,0.0105,1,0.0576,0.149,0.505,7,11,4.24,33.78,0.417,2174.9,0.303,26.05
UPI04656,Kolkata,Android,Premium,19,1-2y,20,3.74,66,836.55,2493.55,55804.19,0.947,0.036,63,0,0,0.0088,2,0.0325,0.041,0.424,65,121,6.23,10.23,0.301,21392.21,0.465,16.15
UPI04657,Pune,Android,Full,13,1-2y,19,4.65,75,491.26,1641.7,35929.53,0.9,0.08,62,12,4,0.0602,3,0.048,0.135,0.415,43,77,4.26,10.39,0.321,15989.78,0.451,24.29
UPI04658,Pune,Android,Full,4,0-6m,20,3.53,101,784.21,2088.72,85555.67,0.7,0.31,62,40,0,0.0114,0,0.0096,0.099,0.289,58,111,3.09,7.65,0.478,22596.26,0.364,20.65
UPI04659,Bengaluru,Android,Full,1,0-6m,18,4.41,90,448.03,1061.63,38590.23,0.529,0.443,46,44,2,0.0284,2,0.0265,0.154,0.224,49,63,6.02,15.49,0.155,12347.97,0.302,39.1
UPI04660,Pune,Android,Full,16,1-2y,10,1.11,7,502.58,1496.19,3254.43,0.415,0.626,0,7,1,0.148,0,0.0015,0.104,0.217,18,24,4.02,101.01,0.523,531.07,0.3,45.34
UPI04661,Mumbai,Android,Full,27,2y+,16,4.28,88,433.87,849.98,37503.27,0.634,0.359,46,40,4,0.0487,2,0.0291,0.168,0.234,32,37,3.9,13.38,0.227,10274.41,0.358,26.71
UPI04662,Kolkata,Android,Full,12,6-12m,22,4.99,112,383.4,1147.15,43361.23,0.936,0.09,107,0,3,0.0335,3,0.0335,0.135,0.283,49,62,9.64,2.59,0.412,19472.33,0.412,20.7
UPI04663,Kolkata,iOS,Full,11,6-12m,8,0.97,1,225.36,654.03,203.6,0.397,0.639,0,0,3,0.35,0,0.009,0.055,0.446,13,20,2.59,250,0.584,50,0.3,73.92
UPI04664,Delhi,Android,Minimum,27,2y+,20,8.32,166,245.3,594.07,47833.59,0.533,0.516,62,104,6,0.0511,1,0.0149,0.147,0.24,58,99,5.73,3.7,0.442,8147.15,0.309,40.82
UPI04665,Bengaluru,Android,Full,27,2y+,27,7.53,243,1102.36,2708.32,289932.96,0.797,0.178,182,57,1,0.0127,2,0.0177,0.088,0.201,85,154,1.66,0.21,0.413,178323.04,0.462,17.27
UPI04666,Kolkata,Android,Premium,20,1-2y,7,1.65,11,274.24,980.71,2702.1,0.646,0.341,3,5,1,0.1052,0,0.0047,0.078,0.397,7,10,3.26,64.84,0.384,1465.65,0.416,26.41
UPI04667,Mumbai,iOS,Full,4,0-6m,19,2.33,71,4942.26,9294.76,401287.6,0.596,0.379,15,59,1,0.0248,1,0.0225,0.116,0.228,34,59,7.17,11.25,0.05,187668.89,0.371,15.46
UPI04668,Pune,Android,Full,19,1-2y,3,0.05,3,345.4,857.93,1015.15,0.437,0.579,3,0,2,0.35,0,0.0004,0.067,0.489,9,11,3.77,238.83,0.407,1196.55,0.366,74.99
UPI04669,Ahmedabad,Android,Full,29,2y+,30,1.24,15,204.95,628.02,3170.71,0.53,0.438,14,0,6,0.35,0,0.0054,0.166,0.223,115,242,5.74,46.4,0.466,50,0.248,89.98
UPI04670,Kolkata,Android,Full,20,1-2y,3,0.77,8,176.93,591.89,1630.46,0.456,0.502,5,0,2,0.257,1,0.1264,0.044,0.418,4,5,3.03,90.29,0.366,736.07,0.255,61.59
UPI04671,Delhi,Android,Full,9,6-12m,15,3.29,52,539.11,1153.0,32596.43,0.927,0.099,35,19,4,0.0824,2,0.0435,0.109,0.286,34,50,6.59,11.97,0.195,15283.66,0.406,42.97
UPI04672,Ahmedabad,Android,Full,5,0-6m,24,3.68,60,4187.21,11266.01,270551.52,0.723,0.336,33,31,5,0.0949,0,0.003,0.157,0.3,37,63,2.93,6.87,0.3,162470.2,0.443,32.26
UPI04673,Mumbai,Android,Full,29,2y+,13,3.81,56,3664.17,8440.6,182444.42,0.728,0.254,32,26,0,0.006,1,0.0251,0.123,0.257,27,47,4.94,9.85,0.355,50385.97,0.386,16.03
UPI04674,Delhi,Android,Full,16,1-2y,21,10.43,238,170.52,376.02,46461.45,0.687,0.272,129,105,5,0.0293,0,0.0066,0.16,0.385,78,159,7.12,3.97,0.241,27988.24,0.315,22.23
UPI04675,Chennai,Android,Premium,9,6-12m,21,2.82,87,553.05,1176.27,56429.33,0.857,0.13,63,28,5,0.065,2,0.0279,0.123,0.214,45,89,5.7,12.21,0.273,25955.34,0.469,28.76
UPI04676,Mumbai,Android,Minimum,15,1-2y,22,6.88,156,83.69,230.79,13681.5,0.594,0.399,77,80,5,0.0356,3,0.0227,0.102,0.322,67,94,5.98,6.3,0.286,5238.7,0.375,36.64
UPI04677,Bengaluru,iOS,Full,27,2y+,11,6.2,56,4363.07,11473.28,212387.4,0.604,0.415,13,40,3,0.0641,0,0.0023,0.045,0.204,15,17,4.13,15.79,0.16,120637.8,0.275,32.8
UPI04678,Delhi,iOS,Full,15,1-2y,23,2.29,76,795.87,2036.17,53218.2,0.471,0.565,33,43,5,0.0676,4,0.053,0.106,0.338,55,101,2.91,5.9,0.356,28270.22,0.361,34.65
UPI04679,Hyderabad,Android,Full,4,0-6m,9,3.69,29,506.42,1294.45,14716.69,0.701,0.3,14,13,6,0.2153,1,0.0346,0.153,0.236,32,47,5.26,26.28,0.324,8242.15,0.359,53.03
UPI04680,Mumbai,iOS,Full,1,0-6m,19,4.93,105,2906.96,9787.14,307841.14,0.747,0.263,51,53,6,0.0656,0,0.0092,0.07,0.254,49,60,3.83,8.77,0.469,51447.36,0.351,23.46
UPI04681,Mumbai,iOS,Minimum,9,6-12m,31,6.58,223,80.54,219.89,16884.24,0.549,0.482,107,115,7,0.0433,0,0.0013,0.05,0.276,84,118,6.46,3.45,0.348,5724.46,0.255,18.45
UPI04682,Pune,Android,Premium,25,2y+,10,11.41,121,1089.95,3747.38,154225.23,0.522,0.441,44,76,3,0.0403,6,0.0523,0.39,0.683,20,32,5.18,4.8,0.647,42108.62,0.393,40.49
UPI04683,Mumbai,Android,Minimum,27,2y+,12,3.06,33,2164.67,4162.01,60923.51,0.616,0.358,19,12,3,0.1054,1,0.0306,0.135,0.323,28,44,3.42,20.48,0.301,36511.95,0.397,32.11
UPI04684,Mumbai,iOS,Full,26,2y+,24,3.37,60,941.84,1254.81,60905.51,0.857,0.122,37,27,6,0.1085,0,0.009,0.082,0.287,74,91,6.95,7.82,0.114,5080.75,0.486,29.05
UPI04685,Ahmedabad,Android,Full,32,2y+,20,4.54,94,661.87,1606.36,68916.06,0.54,0.474,35,59,1,0.0163,0,0.0085,0.139,0.207,32,36,4.4,5.65,0.217,6243.49,0.278,20.98
UPI04686,Pune,Android,Full,32,2y+,25,6.07,178,185.07,488.41,37584.91,0.551,0.497,56,124,6,0.0464,1,0.0093,0.087,0.282,87,146,4.35,8.77,0.245,9683.87,0.3,14.84
UPI04687,Bengaluru,Android,Full,21,1-2y,20,6.78,126,338.39,1039.41,35781.44,0.642,0.349,64,53,8,0.0642,2,0.0241,0.109,0.301,43,89,7.25,6.12,0.383,25518.59,0.408,44.9
UPI04688,Pune,Android,Minimum,2,0-6m,13,3.37,19,2567.75,5642.17,56679.58,0.616,0.342,11,2,1,0.0597,4,0.2,0.032,0.325,16,24,4.96,36.64,0.364,10643.97,0.344,44.9
UPI04689,Chennai,Android,Premium,2,0-6m,29,3.57,126,579.01,1537.49,80430.96,0.551,0.48,67,60,4,0.0471,1,0.0125,0.149,0.339,56,104,1.49,0.79,0.217,42693.18,0.394,37.93
UPI04690,Bengaluru,Android,Full,19,1-2y,19,7.47,111,121.68,352.31,12112.83,0.705,0.309,45,66,6,0.0672,2,0.0202,0.169,0.279,46,75,6.77,6.41,0.05,7424.96,0.428,38.61
UPI04691,Bengaluru,Android,Premium,21,1-2y,27,8.45,226,127.38,485.42,30637.5,0.521,0.455,94,135,5,0.0339,0,0.0009,0.101,0.303,97,117,8.65,0.2,0.575,5324.72,0.338,18.87
UPI04692,Mumbai,iOS,Full,21,1-2y,18,2.1,33,486.36,1230.9,17321.4,0.621,0.334,23,10,3,0.0953,0,0.0067,0.088,0.209,35,68,6.88,22.04,0.331,3223.81,0.326,23.47
UPI04693,Kolkata,iOS,Full,18,1-2y,20,3.58,81,4806.54,17653.35,324313.67,0.733,0.245,36,47,2,0.0309,0,0.004,0.098,0.288,37,56,4.67,10.61,0.338,100969.77,0.404,20.12
UPI04694,Ahmedabad,Android,Full,9,6-12m,6,0.05,2,393.1,1327.74,880.57,0.562,0.36,0,2,0,0.014,0,0.0013,0.093,0.337,10,14,4.0,250,0.628,1510.05,0.385,14.34
UPI04695,Kolkata,iOS,Full,12,6-12m,10,4.3,44,511.91,1316.2,18524.65,0.623,0.358,34,5,1,0.028,2,0.0508,0.043,0.313,11,17,6.48,19.58,0.354,7508.14,0.35,18.77
UPI04696,Kolkata,Android,Premium,13,1-2y,28,4.94,127,712.93,2628.03,92151.41,0.932,0.096,102,22,2,0.0181,2,0.023,0.195,0.391,79,102,6.39,4.29,0.343,30478.09,0.447,17.33
UPI04697,Mumbai,iOS,Premium,24,1-2y,20,5.52,122,1062.19,2359.58,146263.4,0.794,0.176,90,37,11,0.0995,2,0.0263,0.12,0.332,39,48,7.92,11.08,0.199,28169.85,0.441,41.76
UPI04698,Chennai,Android,Premium,30,2y+,11,3.29,40,5082.94,16321.14,183901.19,0.708,0.297,21,16,0,0.0131,2,0.0597,0.164,0.338,24,38,5.92,22.6,0.431,83864.08,0.342,24.03
UPI04699,Mumbai,Android,Minimum,39,2y+,12,0.99,16,101.7,317.73,1670.13,0.368,0.651,1,11,15,0.35,7,0.2,0.348,0.45,49,111,11.64,43.68,0.701,2036.69,0.218,100
UPI04700,Mumbai,Android,Minimum,15,1-2y,24,7.32,162,1059.14,2638.4,201443.56,0.893,0.111,94,64,4,0.0394,3,0.0218,0.14,0.23,58,113,3.77,1.8,0.46,71435.16,0.487,26.44
UPI04701,Chennai,Android,Minimum,21,1-2y,16,4.42,66,755.9,2692.86,57159.73,0.672,0.32,44,22,5,0.0801,0,0.0071,0.088,0.277,39,63,5.11,9.14,0.352,30623.13,0.337,20.55
UPI04702,Chennai,Android,Minimum,25,2y+,22,2.77,78,1196.0,3470.11,105827.95,0.826,0.169,49,35,1,0.0154,2,0.0353,0.044,0.323,61,105,6.56,11.62,0.395,11093.16,0.424,19.76
UPI04703,Hyderabad,iOS,Minimum,13,1-2y,22,6.09,131,389.88,1187.71,44270.84,0.843,0.184,103,27,5,0.0413,3,0.028,0.154,0.358,64,78,3.56,4.61,0.5,27477.57,0.383,35.67
UPI04704,Delhi,Android,Full,27,2y+,5,1.25,10,734.66,844.38,6634.05,0.592,0.336,10,1,0,0.0037,0,0.0066,0.142,0.413,4,4,4.33,74.37,0.148,50,0.391,14.7
UPI04705,Delhi,Android,Full,13,1-2y,8,1.63,6,219.92,718.63,1445.47,0.418,0.616,3,6,0,0.0075,1,0.1667,0.051,0.512,16,28,3.04,119.96,0.345,635.51,0.32,41.58
UPI04706,Mumbai,iOS,Minimum,5,0-6m,23,5.79,142,229.2,712.32,30865.53,0.581,0.409,62,78,0,0.0026,2,0.0182,0.12,0.223,57,133,6.99,3.99,0.505,19545.28,0.337,31.61
UPI04707,Hyderabad,Android,Minimum,1,0-6m,25,3.66,94,77.16,205.32,6359.42,0.668,0.293,52,43,6,0.0734,0,0.0043,0.118,0.236,54,65,3.91,10.6,0.23,5455.26,0.335,36.96
UPI04708,Bengaluru,Android,Full,9,6-12m,19,3.6,41,485.19,1483.21,18662.7,0.494,0.518,28,12,0,0.0103,2,0.054,0.122,0.388,33,57,4.45,17.2,0.35,1540.3,0.263,18.36
UPI04709,Pune,Android,Minimum,15,1-2y,4,0.31,1,512.74,1449.0,579.29,0.465,0.554,1,0,0,0.006,0,0.004,0.073,0.332,3,4,4.0,250,0.41,1353.24,0.339,9.11
UPI04710,Ahmedabad,Android,Full,19,1-2y,15,2.9,54,2983.74,9186.3,189913.19,0.553,0.544,20,38,23,0.35,6,0.1207,0.506,0.475,35,49,5.93,13.87,0.51,70687.22,0.373,98.35
UPI04711,Mumbai,Android,Minimum,1,0-6m,21,5.82,100,456.76,1024.04,39206.99,0.915,0.091,86,13,3,0.0437,0,0.0022,0.109,0.337,68,84,4.21,6.65,0.263,22103.21,0.514,34.71
UPI04712,Hyderabad,iOS,Premium,10,6-12m,20,2.61,43,306.6,603.47,12642.95,0.626,0.34,27,17,4,0.1048,2,0.0539,0.062,0.293,70,96,4.43,14.01,0.235,8856.77,0.352,40.21
UPI04713,Bengaluru,Android,Minimum,36,2y+,22,4.9,77,422.66,1023.33,34793.94,0.713,0.331,32,44,1,0.028,1,0.0146,0.166,0.244,61,81,5.45,8.79,0.326,5864.81,0.436,24.31
UPI04714,Hyderabad,Android,Full,30,2y+,26,5.13,139,788.84,1933.27,111933.23,0.907,0.064,117,19,5,0.0378,1,0.0167,0.081,0.343,55,74,6.81,0.2,0.212,73680.21,0.478,16.28
UPI04715,Hyderabad,Android,Minimum,22,1-2y,17,3.43,86,2156.66,6800.01,198819.16,0.551,0.483,42,41,1,0.0175,2,0.0237,0.146,0.329,39,57,2.74,7.56,0.309,63691.37,0.257,21.84
UPI04716,Hyderabad,Android,Full,21,1-2y,26,8.9,221,285.63,858.47,72736.96,0.594,0.441,120,107,2,0.0163,1,0.0134,0.072,0.316,80,189,2.74,3.39,0.446,12281.69,0.4,21.59
UPI04717,Mumbai,Android,Full,13,1-2y,25,2.55,37,2455.01,6279.81,105118.19,0.695,0.262,22,19,9,0.2443,1,0.0286,0.111,0.269,49,77,4.02,15.46,0.163,65108.19,0.309,67.92
UPI04718,Chennai,Android,Full,31,2y+,2,1.92,4,402.81,1164.01,1698.91,0.381,0.555,4,2,0,0.0012,0,0.0039,0.107,0.285,2,3,5.39,177.83,0.414,1767.4,0.264,11.31
UPI04719,Kolkata,Android,Minimum,26,2y+,24,4.43,110,735.19,2670.37,88456.46,0.925,0.083,83,22,4,0.0505,6,0.0622,0.048,0.425,59,80,6.64,3.71,0.81,25110.67,0.527,17.45
UPI04720,Chennai,Android,Full,6,0-6m,17,4.11,63,690.87,2709.15,38292.85,0.83,0.158,34,25,5,0.0912,0,0.0087,0.155,0.295,27,49,6.37,9.65,0.71,10573.18,0.363,32.49
UPI04721,Delhi,iOS,Full,27,2y+,16,2.46,30,2450.75,5484.83,77512.5,0.776,0.191,17,13,1,0.043,0,0.0095,0.113,0.284,24,34,7.1,23.58,0.273,21004.61,0.447,17.82
UPI04722,Hyderabad,Android,Minimum,1,0-6m,4,1.79,4,880.61,2252.24,3050.35,0.558,0.52,2,2,2,0.35,1,0.2,0.097,0.485,2,3,5.24,185.49,0.334,50,0.313,100
UPI04723,Hyderabad,Android,Minimum,17,1-2y,12,1.92,26,4214.67,13527.95,103828.42,0.75,0.304,15,8,4,0.1649,0,0.0035,0.112,0.375,16,22,4.73,32.01,0.473,20002.75,0.332,44.44
UPI04724,Kolkata,Android,Full,16,1-2y,16,2.42,21,1004.82,2109.58,23368.72,0.911,0.087,16,2,3,0.1503,0,0.0001,0.137,0.402,35,61,4.68,33.86,0.171,11305.43,0.414,43.1
UPI04725,Bengaluru,iOS,Full,16,1-2y,3,0.93,3,352.32,794.8,1048.19,0.42,0.532,0,3,1,0.3367,2,0.2,0.143,0.298,2,3,0.5,238.42,0.562,50,0.208,93.15
UPI04726,Chennai,Android,Full,14,1-2y,18,9.24,160,279.83,407.84,51643.08,0.6,0.417,61,99,7,0.0453,0,0.0027,0.105,0.294,63,152,6.41,0.21,0.105,10428.36,0.372,31.12
UPI04727,Bengaluru,iOS,Premium,35,2y+,23,3.68,102,482.22,1162.69,51891.55,0.923,0.077,88,8,9,0.1031,0,0.007,0.161,0.214,58,116,5.21,6.58,0.25,36995.14,0.433,25.62
UPI04728,Kolkata,Android,Full,6,0-6m,3,0.08,1,124.56,310.36,110.51,0.641,0.397,0,1,3,0.35,0,0.0042,0.057,0.313,2,3,3.42,250,0.205,3091.04,0.292,77.35
UPI04729,Delhi,iOS,Premium,28,2y+,17,6.03,84,644.92,2106.63,62486.63,0.681,0.27,33,44,0,0.0136,1,0.0125,0.132,0.356,51,86,4.49,8.12,0.362,44001.82,0.445,10.53
UPI04730,Bengaluru,iOS,Minimum,9,6-12m,23,3.85,105,732.24,1586.63,70991.14,0.863,0.134,82,19,4,0.0422,1,0.0176,0.156,0.422,56,76,4.18,12.79,0.266,10714.85,0.412,25.46
UPI04731,Kolkata,Android,Premium,1,0-6m,19,8.06,152,107.66,258.68,16217.2,0.679,0.281,65,80,6,0.04,0,0.0047,0.134,0.371,45,74,5.09,5.83,0.213,4178.55,0.442,32.62
UPI04732,Kolkata,Android,Full,1,0-6m,27,7.39,171,231.31,646.27,38337.59,0.482,0.52,80,96,9,0.0575,2,0.0202,0.2,0.233,96,213,8.24,0.2,0.188,22135.47,0.271,46.86
UPI04733,Mumbai,Android,Minimum,12,6-12m,7,1.26,9,602.9,1761.59,5284.14,0.533,0.398,4,6,2,0.2311,0,0.0066,0.031,0.298,14,16,1.28,80.48,0.325,463.22,0.248,44.49
UPI04734,Delhi,Android,Full,10,6-12m,26,6.45,147,211.47,457.31,35661.5,0.711,0.319,108,41,3,0.0304,0,0.0008,0.083,0.255,67,138,5.25,5.46,0.287,6302.88,0.356,18.63
UPI04735,Mumbai,iOS,Full,1,0-6m,19,5.85,127,4468.05,7601.32,490895.05,0.612,0.384,87,44,4,0.0326,0,0.0064,0.143,0.214,27,43,4.75,7.27,0.05,328991.58,0.358,43.86
UPI04736,Delhi,Android,Premium,1,0-6m,24,6.69,136,29.11,70.46,3769.78,0.712,0.276,92,39,0,0.013,2,0.0241,0.191,0.268,67,83,5.75,10.87,0.245,1127.35,0.389,25.92
UPI04737,Bengaluru,Android,Full,29,2y+,18,3.2,86,909.74,2482.29,84151.56,0.514,0.456,29,57,4,0.0512,2,0.0247,0.147,0.257,38,43,3.82,2.97,0.064,36754.08,0.283,25.77
UPI04738,Mumbai,Android,Minimum,14,1-2y,25,4.27,111,138.85,478.44,13076.9,0.627,0.415,62,50,9,0.0935,3,0.0314,0.07,0.248,80,198,5.67,6.41,0.369,9219.62,0.41,30.81
UPI04739,Hyderabad,Android,Full,18,1-2y,16,2.44,21,3302.86,7624.19,68016.4,0.553,0.433,13,2,1,0.0527,0,0.0069,0.033,0.232,46,62,2.68,32.91,0.214,47783.27,0.286,28.67
UPI04740,Ahmedabad,Android,Full,36,2y+,25,8.51,237,146.86,499.41,37044.33,0.59,0.422,113,122,7,0.0399,0,0.0038,0.089,0.352,67,152,4.64,5.85,0.585,22779.55,0.384,26.51
UPI04741,Ahmedabad,Android,Full,15,1-2y,11,1.08,6,507.59,1442.56,3481.4,0.52,0.487,4,2,5,0.35,0,0.009,0.05,0.247,25,43,2.94,113.91,0.051,50,0.323,79.89
UPI04742,Pune,iOS,Full,18,1-2y,20,3.66,68,786.49,2546.22,47214.33,0.665,0.367,44,26,3,0.0443,1,0.0226,0.08,0.337,39,66,2.65,8.25,0.462,27383.85,0.341,19.57
UPI04743,Mumbai,iOS,Full,20,1-2y,16,2.86,52,810.57,2310.64,41757.17,0.701,0.291,26,25,0,0.0097,0,0.0086,0.138,0.375,36,47,6.14,14.09,0.361,25888.37,0.422,15.21
UPI04744,Bengaluru,Android,Minimum,27,2y+,20,7.35,159,163.89,305.05,27728.85,0.709,0.326,87,72,3,0.0273,1,0.0154,0.116,0.258,58,140,8.96,13.44,0.392,6019.19,0.334,29.55
UPI04745,Mumbai,iOS,Minimum,20,1-2y,22,4.7,84,242.1,585.44,21700.4,0.71,0.28,52,31,4,0.0526,1,0.0199,0.096,0.358,71,147,7.18,7.84,0.146,5192.18,0.458,26.15
UPI04746,Bengaluru,iOS,Minimum,13,1-2y,27,9.09,258,172.86,378.75,52055.77,0.539,0.451,124,131,3,0.0236,1,0.0042,0.193,0.294,76,104,3.7,0.2,0.158,16660.12,0.358,33.06
UPI04747,Hyderabad,iOS,Full,26,2y+,5,1.25,4,647.94,1322.32,2730.24,0.386,0.676,0,4,1,0.2615,1,0.2,0.022,0.518,2,3,2.56,179.85,0.212,2658.65,0.238,71.34
UPI04748,Kolkata,Android,Full,21,1-2y,13,2.72,29,585.04,1897.21,15296.44,0.611,0.381,12,11,2,0.0777,0,0.0064,0.146,0.389,16,23,4.57,25.14,0.487,9290.55,0.359,26.71
UPI04749,Delhi,iOS,Full,9,6-12m,21,3.26,67,772.81,1551.26,51643.78,0.673,0.365,28,39,3,0.046,0,0.0057,0.047,0.227,64,75,4.67,11.48,0.365,19222.87,0.326,19.12
UPI04750,Bengaluru,Android,Full,25,2y+,22,14.69,313,1734.14,5957.96,545849.49,0.338,0.73,79,231,13,0.0532,4,0.018,0.557,0.601,79,197,14.63,1.38,0.845,350000,0.337,63.64
UPI04751,Ahmedabad,Android,Minimum,7,6-12m,24,1.97,40,85.84,258.23,3669.08,0.674,0.279,20,15,3,0.0786,2,0.0583,0.097,0.235,101,196,4.21,19.9,0.452,2195.96,0.412,28.48
UPI04752,Kolkata,Android,Minimum,21,1-2y,6,1.31,14,203.59,522.11,2811.3,0.47,0.523,6,10,2,0.1521,0,0.0016,0.119,0.487,11,17,4.63,52.74,0.327,819.08,0.258,24.59
UPI04753,Delhi,Android,Premium,1,0-6m,4,0.43,1,626.45,1689.03,629.29,0.636,0.322,1,1,0,0.0056,0,0.0015,0.084,0.484,8,8,5.37,250,0.282,1510.07,0.437,9.81
UPI04754,Pune,iOS,Premium,10,6-12m,26,4.56,128,799.72,2460.69,114650.97,0.505,0.479,51,74,3,0.0319,1,0.0158,0.135,0.282,59,88,6.46,6.72,0.476,49910.59,0.334,18.46
UPI04755,Delhi,Android,Full,15,1-2y,17,3.07,68,60,127.06,3559.82,0.804,0.202,50,24,0,0.0091,0,0.0084,0.144,0.311,58,107,5.67,7.05,0.278,1407.28,0.403,17.7
UPI04756,Hyderabad,Android,Minimum,1,0-6m,18,5.11,77,117.98,244.36,7783.13,0.549,0.435,33,44,4,0.0621,2,0.0299,0.17,0.364,33,47,6.24,4.73,0.259,4016.33,0.324,36.71
UPI04757,Hyderabad,Android,Full,19,1-2y,17,2.94,81,1022.85,2565.52,76236.8,0.466,0.516,25,56,4,0.0502,2,0.0255,0.15,0.21,44,84,6.9,6.0,0.203,17986.66,0.304,29.91
UPI04758,Bengaluru,Android,Full,11,6-12m,12,3.11,31,501.89,1481.9,14062.88,0.496,0.522,12,18,0,0.0028,1,0.0331,0.155,0.234,31,39,3.68,27.49,0.341,4259.66,0.348,19.23
UPI04759,Ahmedabad,Android,Minimum,21,1-2y,24,3.13,90,4962.01,14872.0,458392.35,0.787,0.23,63,25,0,0.0142,0,0.0004,0.037,0.361,39,72,4.58,8.5,0.428,51154.64,0.472,11.69
UPI04760,Delhi,Android,Full,17,1-2y,6,1.41,15,477.41,1397.55,6441.64,0.624,0.358,6,9,3,0.2016,1,0.0695,0.148,0.457,6,10,2.92,48.77,0.424,5327.84,0.397,65.92
UPI04761,Chennai,Android,Full,25,2y+,22,3.96,94,348.22,1031.03,32945.78,0.467,0.632,32,67,14,0.1652,6,0.0735,0.412,0.463,116,241,4.94,6.91,0.61,10006.0,0.336,77.38
UPI04762,Hyderabad,iOS,Premium,10,6-12m,16,6.05,91,913.51,1729.29,91526.74,0.581,0.459,54,35,2,0.0339,0,0.0032,0.064,0.369,43,73,6.65,9.38,0.135,23216.21,0.36,21.1
UPI04763,Mumbai,Android,Minimum,48,2y+,25,4.64,103,561.01,815.95,67886.55,0.828,0.181,74,26,6,0.0702,2,0.0212,0.095,0.382,29,34,7.88,10.19,0.056,22772.88,0.507,13.62
UPI04764,Pune,Android,Full,14,1-2y,27,5.64,158,181.12,419.87,33342.82,0.62,0.355,101,58,0,0.006,2,0.0181,0.212,0.279,90,174,7.49,1.24,0.462,15122.01,0.346,12.25
UPI04765,Chennai,Android,Premium,23,1-2y,15,5.83,91,6173.22,14628.02,474241.36,0.717,0.333,49,41,3,0.0352,0,0.0007,0.151,0.245,17,31,4.44,6.78,0.264,189808.35,0.365,36.55
UPI04766,Kolkata,Android,Premium,17,1-2y,20,5.01,83,186.98,541.07,14400.21,0.606,0.379,39,50,8,0.106,4,0.0522,0.158,0.262,88,177,5.53,6.04,0.555,2567.44,0.325,41.44
UPI04767,Hyderabad,Android,Full,23,1-2y,14,5.17,68,505.43,1724.13,30512.57,0.91,0.116,42,29,4,0.0705,3,0.0464,0.124,0.349,19,26,1.35,11.8,0.445,13099.56,0.43,20.97
UPI04768,Chennai,Android,Premium,22,1-2y,5,1.11,7,554.22,1652.47,4465.2,0.324,0.74,0,2,2,0.2987,1,0.1507,0.132,0.404,8,10,5.01,97.21,0.4,2146.48,0.306,81.27
UPI04769,Hyderabad,Android,Minimum,18,1-2y,23,5.81,141,975.83,2941.13,116834.5,0.929,0.079,119,21,3,0.0257,3,0.0241,0.199,0.41,49,60,4.01,1.86,0.517,13043.07,0.533,22.52
UPI04770,Mumbai,Android,Full,17,1-2y,11,7.82,79,605.86,2149.02,52503.97,0.893,0.125,63,16,3,0.0449,2,0.0305,0.077,0.408,29,37,6.13,8.15,0.624,12456.01,0.464,36.22
UPI04771,Chennai,Android,Minimum,14,1-2y,10,3.9,37,1372.05,5102.2,45057.56,0.416,0.633,13,22,13,0.35,9,0.2,0.317,0.612,61,132,7.17,18.71,0.553,25524.73,0.266,100
UPI04772,Chennai,Android,Full,7,6-12m,17,4.11,69,3893.83,7188.44,303257.69,0.702,0.321,37,33,2,0.0406,1,0.0239,0.119,0.303,31,39,6.17,10.04,0.22,175626.73,0.379,26.33
UPI04773,Hyderabad,Android,Full,18,1-2y,13,3.82,55,4192.99,13942.06,214259.75,0.73,0.328,37,14,3,0.0575,1,0.0195,0.078,0.363,21,39,4.39,15.59,0.507,25244.83,0.35,30.89
UPI04774,Hyderabad,Android,Full,8,6-12m,23,9.54,201,185.16,562.07,31401.83,0.707,0.284,147,54,5,0.0312,1,0.0116,0.209,0.249,87,105,3.36,5.62,0.508,17276.92,0.386,31.78
UPI04775,Kolkata,Android,Full,9,6-12m,23,4.14,119,4348.64,13209.78,497236.71,0.784,0.161,66,51,3,0.0391,1,0.0091,0.052,0.185,35,53,3.82,6.85,0.441,136477.21,0.406,21.24
UPI04776,Mumbai,Android,Full,18,1-2y,21,8.38,198,240.89,632.28,42547.87,0.707,0.329,142,53,0,0.001,0,0.0011,0.116,0.318,45,79,3.79,2.23,0.375,24210.35,0.454,17.21
UPI04777,Pune,iOS,Full,3,0-6m,20,3.24,69,1027.32,1983.88,66312.95,0.49,0.527,32,41,2,0.043,2,0.0291,0.126,0.332,48,64,8.36,13.41,0.157,10297.85,0.344,38.54
UPI04778,Chennai,iOS,Full,7,6-12m,18,13.19,229,40,124.76,8017.9,0.203,0.715,37,190,20,0.1044,9,0.0395,0.731,0.646,70,205,5.32,4.02,0.497,1193.59,0.313,78.81
UPI04779,Pune,Android,Minimum,12,6-12m,19,2.16,73,2334.37,6768.53,141737.47,0.554,0.461,25,48,3,0.0529,1,0.0234,0.033,0.327,34,63,3.51,11.85,0.39,101051.54,0.303,24.03
UPI04780,Mumbai,Android,Minimum,8,6-12m,25,1.19,11,3227.66,8570.21,34839.28,0.699,0.27,11,0,5,0.35,3,0.2,0.071,0.336,62,71,5.8,68.62,0.309,12176.64,0.393,97.72
UPI04781,Kolkata,Android,Minimum,8,6-12m,17,6.16,85,641.03,1657.58,53167.28,0.519,0.509,20,68,6,0.0746,1,0.0192,0.161,0.212,47,55,5.4,12.11,0.19,25600.95,0.349,41.96
UPI04782,Mumbai,Android,Full,16,1-2y,8,0.31,1,322.66,667.45,362.51,0.62,0.438,1,1,4,0.35,0,0.0065,0.126,0.453,14,14,5.1,250,0.252,1000.95,0.388,79.41
UPI04783,Ahmedabad,Android,Full,29,2y+,5,0.63,2,285.52,666.74,497.53,0.612,0.338,0,2,3,0.35,0,0.0095,0.086,0.423,7,8,6.11,250,0.078,1272.48,0.39,73.09
UPI04784,Chennai,Android,Full,16,1-2y,1,0.67,1,586.33,1222.54,580.12,0.337,0.677,0,0,0,0.001,0,0.0033,0.118,0.307,2,3,1.98,250,0.354,280.69,0.285,9.39
UPI04785,Hyderabad,Android,Full,13,1-2y,26,8.02,201,215.5,742.62,42005.05,0.549,0.459,74,130,7,0.0491,2,0.0189,0.053,0.316,96,148,3.26,2.14,0.534,24463.76,0.26,33.96
UPI04786,Delhi,iOS,Full,21,1-2y,16,4.81,76,214.27,695.09,18074.22,0.654,0.319,46,26,0,0.0029,0,0.0039,0.077,0.387,56,102,5.77,8.88,0.464,3673.4,0.441,21.15
UPI04787,Delhi,iOS,Full,9,6-12m,22,3.55,109,971.0,2934.82,120993.81,0.794,0.214,62,45,7,0.0673,0,0.0025,0.162,0.362,59,95,2.07,4.24,0.427,65090.58,0.347,39.94
UPI04788,Ahmedabad,iOS,Minimum,14,1-2y,20,3.29,64,631.47,1550.5,33283.68,0.783,0.19,50,16,6,0.1015,2,0.0357,0.102,0.275,55,94,3.76,10.41,0.3,16988.2,0.455,32.34
UPI04789,Kolkata,Android,Minimum,26,2y+,8,1.12,1,94.85,262.19,100,0.504,0.568,1,0,2,0.35,1,0.2,0.137,0.198,13,13,3.08,250,0.485,50,0.265,93.32
UPI04790,Chennai,Android,Full,17,1-2y,8,1.75,15,301.88,826.3,4514.47,0.529,0.46,7,9,2,0.1446,1,0.069,0.124,0.468,10,11,5.67,49.6,0.404,1433.53,0.395,46.46
UPI04791,Bengaluru,Android,Full,21,1-2y,25,4.35,118,230.19,515.31,30914.24,0.71,0.306,67,46,1,0.0206,2,0.023,0.053,0.29,74,135,3.78,7.16,0.356,13139.14,0.316,22.81
UPI04792,Ahmedabad,Android,Full,8,6-12m,16,3.1,40,2642.53,6821.13,122629.21,0.8,0.158,17,26,5,0.1361,2,0.0568,0.089,0.182,42,61,3.75,19.15,0.382,22673.8,0.384,41.02
UPI04793,Delhi,Android,Full,7,6-12m,5,0.55,4,634.63,2222.17,2944.62,0.389,0.66,4,0,2,0.35,0,0.0035,0.117,0.267,5,7,3.18,182.58,0.41,3142.19,0.33,84.9
UPI04794,Pune,Android,Full,8,6-12m,5,1.28,9,529.15,1114.38,4858.19,0.343,0.729,3,8,0,0.0094,0,0.0095,0.071,0.187,6,8,7.34,80.45,0.232,55.97,0.168,19.35
UPI04795,Mumbai,iOS,Minimum,24,1-2y,18,3.97,73,3000.26,7822.68,188814.86,0.631,0.386,30,39,0,0.0081,1,0.0204,0.084,0.349,35,61,2.47,14.29,0.3,113330.78,0.353,22.09
UPI04796,Mumbai,Android,Minimum,14,1-2y,7,0.38,3,20,34.0,100,0.32,0.638,0,3,2,0.35,0,0.0004,0.129,0.291,4,6,2.27,242.16,0.081,2688.26,0.234,69.49
UPI04797,Chennai,Android,Full,14,1-2y,7,1.78,1,164.91,432.65,152.33,0.538,0.508,1,0,3,0.35,0,0.0017,0.096,0.304,7,7,3.9,250,0.226,1540.93,0.34,79.12
UPI04798,Chennai,Android,Full,1,0-6m,5,0.62,4,714.73,1316.41,2951.9,0.409,0.585,4,0,2,0.35,1,0.2,0.072,0.472,9,13,3.42,180.66,0.063,2034.45,0.335,99.48
UPI04799,Chennai,Android,Minimum,40,2y+,26,6.84,169,179.75,534.69,35605.68,0.612,0.374,108,54,2,0.013,0,0.0086,0.152,0.226,74,141,7.59,2.47,0.354,19686.08,0.322,19.89
UPI04800,Kolkata,iOS,Full,28,2y+,21,3.5,96,578.51,757.94,47384.0,0.923,0.091,75,17,6,0.0766,4,0.0419,0.073,0.39,46,82,6.66,6.02,0.075,8429.67,0.489,35.81
UPI04801,Chennai,Android,Minimum,18,1-2y,19,7.0,120,195.33,397.31,20125.61,0.694,0.343,67,49,7,0.0694,3,0.0299,0.076,0.345,54,110,6.55,2.41,0.15,1332.67,0.396,34.59
UPI04802,Ahmedabad,iOS,Full,8,6-12m,8,1.58,7,321.28,1030.74,1864.8,0.383,0.567,3,3,3,0.35,0,0.0012,0.118,0.273,12,13,1.9,102.0,0.54,155.66,0.277,80.09
UPI04803,Ahmedabad,Android,Minimum,23,1-2y,17,4.36,76,468.82,1271.0,29490.68,0.957,0.046,72,6,5,0.0718,2,0.0361,0.117,0.376,46,64,5.43,10.69,0.475,13026.06,0.417,29.49
UPI04804,Mumbai,Android,Full,27,2y+,25,3.4,78,2642.44,7380.1,197445.11,0.695,0.316,33,45,1,0.0212,1,0.0134,0.088,0.247,41,69,4.62,8.74,0.4,27916.25,0.356,14.66
UPI04805,Ahmedabad,Android,Minimum,18,1-2y,4,1.61,5,329.11,757.5,1427.04,0.387,0.687,5,0,1,0.2048,0,0.0086,0.149,0.492,7,9,2.92,143.78,0.165,360.82,0.249,58.12
UPI04806,Delhi,Android,Minimum,18,1-2y,25,4.92,118,2838.04,7168.37,317109.56,0.746,0.211,52,67,0,0.0096,1,0.0139,0.114,0.256,67,101,4.96,1.59,0.139,85155.79,0.386,20.09
UPI04807,Bengaluru,Android,Full,17,1-2y,19,6.52,116,238.52,735.83,27141.57,0.581,0.403,65,55,5,0.0467,2,0.0216,0.099,0.276,44,77,6.0,5.5,0.276,15239.96,0.373,19.21
UPI04808,Pune,iOS,Full,17,1-2y,18,9.27,174,40,133.08,6327.63,0.56,0.383,83,93,16,0.1029,2,0.0118,0.427,0.322,87,210,7.37,4.24,0.429,5933.53,0.39,51.25
UPI04809,Bengaluru,Android,Premium,28,2y+,3,0.36,1,499.52,1711.05,468.82,0.555,0.475,1,1,2,0.35,1,0.2,0.136,0.324,5,8,7.11,250,0.415,50,0.392,99.11
UPI04810,Delhi,Android,Premium,1,0-6m,27,5.88,174,1085.42,3520.04,212425.93,0.492,0.5,84,86,1,0.0159,0,0.0084,0.169,0.333,64,85,4.95,4.98,0.375,123357.58,0.293,34.33
UPI04811,Pune,Android,Premium,5,0-6m,21,3.26,58,535.88,703.74,30652.03,0.603,0.435,32,26,2,0.0428,0,0.0034,0.059,0.249,51,90,4.59,13.47,0.176,20405.13,0.275,21.75
UPI04812,Delhi,Android,Full,15,1-2y,20,3.82,102,856.62,1011.87,95740.94,0.864,0.143,68,27,3,0.0416,0,0.001,0.2,0.298,59,112,5.93,6.14,0.122,40136.37,0.432,28.15
UPI04813,Pune,iOS,Premium,25,2y+,1,1.13,1,485.07,1453.77,564.22,0.562,0.388,0,0,1,0.35,0,0.0041,0.097,0.386,2,3,3.68,250,0.528,1655.16,0.322,70.43
UPI04814,Chennai,Android,Full,32,2y+,1,1.01,1,516.22,1278.71,525.07,0.491,0.484,0,0,0,0.0141,0,0.0073,0.096,0.255,2,3,3.43,250,0.371,50,0.327,24.26
UPI04815,Pune,Android,Full,26,2y+,22,4.45,84,174.13,534.79,15750.68,0.69,0.356,31,50,11,0.1352,0,0.0003,0.15,0.255,95,156,7.55,13.8,0.369,8077.75,0.327,35.19
UPI04816,Mumbai,Android,Full,14,1-2y,27,5.33,152,257.79,844.04,43859.44,0.946,0.073,136,14,8,0.0577,3,0.0225,0.155,0.437,80,141,6.81,7.15,0.188,24295.62,0.559,19.78
UPI04817,Kolkata,Android,Premium,20,1-2y,11,3.07,46,371.48,1099.36,14655.07,0.518,0.501,21,24,2,0.0488,2,0.046,0.101,0.356,15,22,1,15.32,0.415,7865.86,0.286,24.38
UPI04818,Mumbai,Android,Full,19,1-2y,20,6.23,113,175.12,365.65,19155.14,0.592,0.4,62,51,9,0.0951,2,0.0182,0.177,0.374,54,122,6.4,6.54,0.133,15713.23,0.336,47.91
UPI04819,Hyderabad,Android,Full,17,1-2y,20,1.36,14,1288.17,3643.81,17893.68,0.756,0.253,5,7,2,0.1457,0,0.0088,0.167,0.273,48,80,6.67,51.65,0.334,11470.68,0.431,41.65
UPI04820,Bengaluru,Android,Full,10,6-12m,18,8.61,152,40,140.71,5369.5,0.423,0.608,34,118,23,0.1749,6,0.0467,0.687,0.69,64,118,7.15,5.04,0.603,292.56,0.302,73.38
UPI04821,Delhi,Android,Full,20,1-2y,10,1.66,24,1803.0,3867.72,47223.63,0.665,0.315,12,10,0,0.014,0,0.0013,0.073,0.354,18,22,2.83,32.87,0.478,30008.83,0.3,12.36
UPI04822,Pune,Android,Full,28,2y+,28,4.64,157,252.06,461.85,36056.25,0.68,0.29,103,52,4,0.0291,3,0.02,0.136,0.347,106,226,5.19,4.58,0.154,20119.45,0.425,22.17
UPI04823,Bengaluru,Android,Minimum,2,0-6m,21,5.47,107,641.26,1312.73,75186.02,0.81,0.184,73,34,0,0.0138,3,0.0332,0.06,0.402,49,66,8.17,8.29,0.166,41125.69,0.451,7.24
UPI04824,Hyderabad,Android,Minimum,10,6-12m,12,12.91,159,273.01,593.16,47240.65,0.292,0.751,34,127,29,0.1932,4,0.0274,0.421,0.666,41,115,11.42,3.31,0.555,9553.93,0.36,93.67
UPI04825,Ahmedabad,Android,Minimum,17,1-2y,16,7.89,132,2916.51,10586.68,424030.37,0.225,0.69,18,112,2,0.0188,8,0.0693,0.338,0.487,55,135,8.13,1.93,0.7,93663.72,0.25,39.29
UPI04826,Bengaluru,Android,Minimum,25,2y+,25,5.46,129,507.9,1440.64,58543.32,0.89,0.13,85,42,5,0.0481,0,0.0007,0.156,0.221,64,129,4.44,1.75,0.217,31598.33,0.395,25.6
UPI04827,Hyderabad,Android,Full,6,0-6m,15,4.83,77,586.9,1263.39,40766.0,0.908,0.121,71,7,0,0.0062,1,0.0213,0.188,0.201,35,61,3.43,9.38,0.083,27230.16,0.458,32.72
UPI04828,Hyderabad,Android,Full,44,2y+,30,2.56,64,437.8,825.16,31303.2,0.497,0.495,26,42,0,0.0062,5,0.0866,0.054,0.329,80,127,5.55,4.24,0.284,22180.2,0.253,34.09
UPI04829,Bengaluru,Android,Minimum,23,1-2y,25,6.1,154,206.98,405.32,29539.26,0.669,0.329,76,75,3,0.0221,0,0.008,0.098,0.274,58,128,9.28,5.87,0.368,20969.87,0.384,36.0
UPI04830,Chennai,Android,Minimum,15,1-2y,8,0.51,5,223.86,370.92,1116.46,0.355,0.686,0,5,0,0.0116,0,0.0016,0.036,0.393,16,16,6.48,141.1,0.209,544.9,0.282,13.49
UPI04831,Chennai,Android,Minimum,12,6-12m,20,3.78,110,582.56,1262.35,70531.55,0.535,0.491,36,71,6,0.0694,1,0.0182,0.078,0.328,34,64,4.14,10.35,0.22,40474.9,0.326,32.09
UPI04832,Hyderabad,Android,Full,10,6-12m,12,0.4,7,662.86,1841.91,5327.55,0.47,0.563,0,7,3,0.35,0,0.0004,0.127,0.404,10,12,5.12,102.98,0.511,1814.89,0.254,72.68
UPI04833,Mumbai,iOS,Full,22,1-2y,19,5.19,107,1099.56,2570.72,132210.86,0.875,0.123,73,36,5,0.0474,3,0.032,0.133,0.216,43,61,5.38,7.73,0.366,92473.78,0.482,28.16
UPI04834,Ahmedabad,Android,Premium,11,6-12m,9,5.92,46,105.11,323.1,5444.92,0.894,0.092,35,8,3,0.0791,3,0.0692,0.105,0.325,21,42,4.94,13.82,0.397,50,0.378,37.17
UPI04835,Chennai,iOS,Full,1,0-6m,8,1.01,5,609.66,1632.32,2920.96,0.354,0.686,3,0,2,0.35,1,0.2,0.108,0.365,8,10,3.75,142.29,0.345,1041.53,0.231,100
UPI04836,Chennai,Android,Full,33,2y+,17,5.12,92,365.95,1207.21,30835.75,0.692,0.292,64,27,5,0.0601,1,0.0143,0.175,0.334,51,59,4.01,3.76,0.474,14328.22,0.404,31.42
UPI04837,Kolkata,iOS,Minimum,38,2y+,22,8.88,211,114.6,158.21,20759.86,0.655,0.339,133,76,5,0.0345,0,0.0055,0.211,0.37,49,104,2.66,3.09,0.073,7833.47,0.298,43.18
UPI04838,Delhi,Android,Full,17,1-2y,13,2.29,21,808.89,1761.5,18654.13,0.466,0.538,12,9,2,0.1004,2,0.0971,0.091,0.233,28,39,3.91,29.87,0.376,8791.46,0.291,46.62
UPI04839,Kolkata,Android,Full,20,1-2y,13,4.01,43,939.74,3028.34,40800.32,0.213,0.828,0,43,25,0.35,3,0.076,0.583,0.583,28,45,15.07,17.18,0.768,10265.39,0.298,100
UPI04840,Chennai,Android,Minimum,22,1-2y,31,6.73,194,1103.56,3229.23,251187.28,0.381,0.546,65,125,17,0.0953,8,0.0498,0.285,0.603,120,281,11.95,0.2,0.494,183384.59,0.371,42.89
UPI04841,Hyderabad,Android,Minimum,10,6-12m,5,0.19,1,257.76,692.07,281.92,0.445,0.506,0,1,2,0.35,0,0.0097,0.029,0.395,2,3,0.5,250,0.308,50,0.371,75.11
UPI04842,Mumbai,iOS,Full,4,0-6m,18,4.42,91,702.13,2486.98,53616.11,0.616,0.385,48,43,6,0.0808,0,0.0066,0.106,0.263,44,71,6.43,7.51,0.646,29433.82,0.405,33.0
UPI04843,Pune,Android,Minimum,28,2y+,6,1.2,9,488.45,1512.49,4549.14,0.432,0.63,8,1,0,0.0036,0,0.0072,0.032,0.352,11,14,3.97,79.52,0.632,50,0.221,25.11
UPI04844,Hyderabad,Android,Full,10,6-12m,11,11.48,128,2176.03,8606.92,314300.06,0.608,0.324,74,57,12,0.1107,8,0.0629,0.514,0.673,46,129,5.17,5.89,0.871,183397.43,0.388,76.46
UPI04845,Bengaluru,Android,Minimum,24,1-2y,9,1.22,21,555.52,1659.22,11572.07,0.318,0.702,5,18,0,0.0025,0,0.0063,0.104,0.457,13,17,4.86,31.95,0.408,5827.1,0.315,7.69
UPI04846,Ahmedabad,Android,Minimum,30,2y+,27,5.17,107,3548.22,15329.99,437968.63,0.554,0.415,52,56,0,0.0144,1,0.0121,0.078,0.276,54,61,5.04,4.17,0.643,219547.1,0.377,18.71
UPI04847,Bengaluru,Android,Full,4,0-6m,25,4.61,83,2761.7,6349.57,226664.87,0.709,0.262,43,44,0,0.0113,1,0.0156,0.047,0.274,48,67,4.32,4.35,0.119,110643.73,0.392,26.13
UPI04848,Ahmedabad,Android,Full,7,6-12m,7,10.67,75,1982.45,5412.1,148324.34,0.478,0.526,22,52,13,0.1812,8,0.1078,0.529,0.487,28,55,4.7,9.49,0.625,62531.98,0.342,74.27
UPI04849,Pune,Android,Full,46,2y+,13,7.64,114,2087.62,4371.62,243080.27,0.39,0.683,25,90,29,0.2771,5,0.0464,0.747,0.529,53,122,9.18,11.01,0.268,179334.66,0.247,100
UPI04850,Mumbai,Android,Full,13,1-2y,15,3.26,46,897.17,2690.45,35426.98,0.489,0.555,11,35,6,0.1409,1,0.0246,0.13,0.275,23,36,2.58,15.74,0.4,10076.87,0.329,34.79
UPI04851,Bengaluru,iOS,Full,21,1-2y,23,4.97,120,766.13,2417.96,101274.26,0.818,0.204,63,51,4,0.0479,0,0.0091,0.09,0.297,79,118,4.41,7.17,0.71,56805.31,0.477,34.01
UPI04852,Mumbai,Android,Full,28,2y+,26,5.85,131,199.26,838.75,23219.6,0.628,0.373,60,69,4,0.0408,0,0.0096,0.139,0.286,93,113,7.53,11.3,0.381,17897.38,0.276,25.67
UPI04853,Delhi,Android,Full,17,1-2y,10,1.74,17,344.56,754.9,5637.53,0.354,0.709,5,12,2,0.1233,0,0.0064,0.062,0.225,11,19,3.22,40.33,0.152,360.27,0.278,41.49
UPI04854,Hyderabad,Android,Full,12,6-12m,27,7.01,198,160.12,388.86,28481.95,0.715,0.277,139,62,6,0.0378,0,0.0057,0.185,0.244,87,193,6.32,0.3,0.38,13352.37,0.437,24.76
UPI04855,Kolkata,iOS,Full,27,2y+,13,6.65,84,1867.53,5419.87,129442.72,0.347,0.758,13,72,23,0.2843,9,0.1155,0.588,0.648,63,106,7.07,9.37,0.568,55716.74,0.36,99.33
UPI04856,Delhi,Android,Full,12,6-12m,9,2.5,34,991.9,3105.54,35422.28,0.587,0.457,9,27,2,0.0622,0,0.0081,0.142,0.201,18,32,2.78,27.75,0.596,24838.17,0.305,28.32
UPI04857,Bengaluru,iOS,Minimum,10,6-12m,23,6.39,173,215.66,462.22,35212.82,0.613,0.376,70,105,6,0.0352,4,0.0284,0.141,0.269,54,94,6.05,2.88,0.347,10278.28,0.37,29.81
UPI04858,Bengaluru,Android,Full,15,1-2y,16,6.94,139,253.59,621.36,31534.86,0.594,0.378,58,78,5,0.0461,0,0.0047,0.093,0.334,38,87,6.96,3.72,0.598,15200.52,0.313,28.63
UPI04859,Mumbai,Android,Premium,24,1-2y,26,4.48,123,240.5,732.96,31094.82,0.707,0.262,66,60,4,0.0433,4,0.034,0.186,0.27,65,110,5.82,5.69,0.617,4267.9,0.353,25.33
UPI04860,Pune,Android,Premium,14,1-2y,17,3.01,53,3396.14,6146.97,190046.08,0.817,0.236,25,25,3,0.0668,1,0.0249,0.084,0.254,24,41,3.12,14.92,0.293,29281.8,0.457,15.52
UPI04861,Chennai,Android,Full,9,6-12m,22,1.41,16,740.61,2599.91,11096.8,0.792,0.215,11,3,0,0.0023,1,0.0635,0.188,0.265,46,86,6.09,43.05,0.412,4366.0,0.381,23.52
UPI04862,Bengaluru,Android,Full,4,0-6m,23,2.89,62,4070.49,4467.66,213487.6,0.756,0.214,39,22,0,0.0061,1,0.0251,0.169,0.221,35,51,4.06,10.85,0.05,140339.76,0.365,24.21
UPI04863,Bengaluru,Android,Full,19,1-2y,15,4.4,72,4803.41,11213.6,308537.12,0.758,0.268,46,25,0,0.0015,2,0.035,0.087,0.307,26,40,3.4,12.93,0.217,130617.23,0.406,15.13
UPI04864,Hyderabad,Android,Minimum,8,6-12m,20,3.75,91,950.69,2354.65,102049.2,0.821,0.161,72,19,2,0.0293,4,0.0507,0.152,0.283,51,100,7.53,9.14,0.304,37962.33,0.488,11.27
UPI04865,Mumbai,Android,Premium,8,6-12m,17,14.28,253,273.98,1002.85,57283.05,0.538,0.465,127,124,24,0.1054,10,0.0464,0.687,0.459,56,124,15.45,0.2,0.621,18594.13,0.29,73.93
UPI04866,Chennai,Android,Full,12,6-12m,1,0.4,1,352.12,1210.15,329.52,0.306,0.676,0,1,2,0.35,0,0.0072,0.06,0.502,5,8,6.08,250,0.533,50,0.203,77.29
UPI04867,Mumbai,Android,Minimum,7,6-12m,27,2.4,95,1500.4,4234.95,123491.54,0.678,0.289,44,47,0,0.0064,3,0.0391,0.093,0.185,61,87,3.17,10.61,0.3,12448.54,0.33,15.97
UPI04868,Pune,Android,Full,35,2y+,20,5.09,93,200.79,690.63,19644.48,0.631,0.34,50,48,7,0.0877,1,0.0191,0.098,0.239,64,151,5.41,11.41,0.271,3462.83,0.271,26.64
UPI04869,Bengaluru,Android,Premium,28,2y+,18,4.89,78,172.05,492.37,12501.57,0.568,0.446,31,47,7,0.094,1,0.017,0.153,0.247,52,118,5.04,11.66,0.312,2654.51,0.271,45.12
UPI04870,Mumbai,Android,Full,10,6-12m,24,5.11,139,2155.21,6660.74,251857.58,0.656,0.366,80,57,4,0.029,1,0.0159,0.104,0.208,62,96,5.69,3.15,0.38,50605.74,0.352,16.24
UPI04871,Chennai,Android,Full,22,1-2y,4,1.76,6,128.81,403.66,764.8,0.306,0.681,5,4,1,0.1788,1,0.1739,0.122,0.313,4,4,4.36,119.93,0.217,2520.89,0.214,60.66
UPI04872,Bengaluru,iOS,Minimum,31,2y+,29,4.94,171,112.67,145.17,22435.32,0.596,0.41,76,87,7,0.0532,1,0.0137,0.126,0.233,61,104,6.43,1.07,0.212,15796.94,0.294,24.89
UPI04873,Pune,iOS,Minimum,17,1-2y,20,7.94,143,290.04,620.39,46563.21,0.57,0.428,72,73,7,0.0493,2,0.0142,0.096,0.382,55,103,6.34,4.02,0.05,5632.74,0.296,23.27
UPI04874,Pune,Android,Minimum,20,1-2y,22,4.95,94,210.45,499.67,17036.49,0.523,0.454,45,46,6,0.0703,0,0.0057,0.102,0.279,64,153,6.11,7.44,0.352,1213.34,0.27,31.1
UPI04875,Delhi,iOS,Full,2,0-6m,17,3.58,52,509.41,1323.6,27360.64,0.458,0.529,20,27,6,0.118,0,0.0079,0.15,0.26,45,63,8.38,15.55,0.237,15820.67,0.304,39.5
UPI04876,Pune,Android,Full,17,1-2y,16,4.16,77,1927.4,5172.79,168649.11,0.737,0.322,43,31,1,0.0179,0,0.006,0.096,0.267,33,61,2.87,8.71,0.461,49998.87,0.316,9.46
UPI04877,Kolkata,Android,Minimum,1,0-6m,19,4.98,70,145.92,397.42,9613.66,0.58,0.462,43,31,5,0.0857,0,0.0075,0.089,0.254,70,173,4.98,12.25,0.429,7044.08,0.305,45.58
UPI04878,Bengaluru,Android,Minimum,30,2y+,7,1.08,15,735.95,1722.83,11488.91,0.426,0.618,3,14,4,0.2715,0,0.0056,0.022,0.351,7,11,4.59,48.77,0.225,5893.52,0.223,59.39
UPI04879,Chennai,Android,Premium,7,6-12m,19,3.62,56,613.39,1089.27,36390.3,0.679,0.308,21,30,3,0.0673,0,0.0008,0.122,0.23,54,88,6.62,5.84,0.102,10702.78,0.426,31.54
UPI04880,Bengaluru,iOS,Premium,18,1-2y,11,15.33,178,2668.03,9051.14,392171.21,0.207,0.85,29,148,29,0.1823,6,0.0403,0.59,0.587,24,52,8.52,7.1,0.702,245726.86,0.295,92.73
UPI04881,Pune,Android,Premium,18,1-2y,13,3.22,30,693.4,1471.0,19793.59,0.549,0.491,16,8,3,0.1047,0,0.0077,0.114,0.212,28,54,4.18,24.32,0.218,12841.5,0.28,38.14
UPI04882,Mumbai,iOS,Full,33,2y+,26,6.21,155,160.31,319.63,24429.78,0.537,0.486,50,103,4,0.0405,4,0.0303,0.112,0.281,71,111,7.37,2.23,0.05,13335.63,0.24,33.21
UPI04883,Chennai,Android,Full,6,0-6m,4,1.47,4,281.88,768.35,954.34,0.375,0.575,1,3,3,0.35,0,0.0067,0.126,0.442,10,16,3.94,181.14,0.296,50,0.239,90.63
UPI04884,Ahmedabad,Android,Full,1,0-6m,10,0.48,14,699.98,1992.24,8666.5,0.348,0.703,4,11,1,0.0826,1,0.0756,0.142,0.514,13,19,1.89,50.54,0.433,3312.99,0.319,35.85
UPI04885,Bengaluru,iOS,Full,17,1-2y,5,1.29,14,475.72,1273.09,7741.73,0.468,0.493,1,10,3,0.223,0,0.0048,0.046,0.482,8,12,1.35,51.73,0.189,2273.48,0.367,52.05
UPI04886,Pune,Android,Full,6,0-6m,24,5.37,122,109.99,302.55,12349.44,0.549,0.461,39,80,0,0.008,0,0.0015,0.154,0.371,79,150,5.16,3.74,0.282,1693.85,0.325,29.39
UPI04887,Chennai,Android,Full,40,2y+,22,3.15,84,315.79,825.88,23611.09,0.637,0.333,54,30,0,0.0142,0,0.0014,0.175,0.294,62,118,2.44,7.91,0.363,11696.85,0.354,20.74
UPI04888,Ahmedabad,Android,Minimum,8,6-12m,20,9.35,177,115.87,364.39,23493.05,0.526,0.453,48,132,4,0.0337,0,0.0028,0.176,0.277,61,146,8.68,3.75,0.464,12173.62,0.285,32.61
UPI04889,Chennai,Android,Premium,13,1-2y,3,0.71,2,616.92,1832.0,1141.64,0.544,0.444,1,0,0,0.0073,1,0.2,0.135,0.428,4,6,2.9,250,0.576,50,0.293,21.9
UPI04890,Delhi,Android,Full,25,2y+,29,4.38,138,971.03,2226.79,114000.98,0.845,0.145,75,62,1,0.0162,0,0.0063,0.069,0.364,49,76,5.93,4.82,0.326,25543.68,0.452,6.47
UPI04891,Bengaluru,Android,Minimum,27,2y+,29,8.07,244,977.64,3379.38,259408.06,0.932,0.054,225,19,0,0.0097,2,0.0094,0.177,0.298,81,124,3.73,1.07,0.685,70991.86,0.404,11.79
UPI04892,Kolkata,iOS,Minimum,23,1-2y,24,2.06,57,1131.53,2870.02,55625.39,0.936,0.071,49,4,5,0.0917,3,0.0563,0.09,0.249,48,66,4.09,17.06,0.33,11698.41,0.478,34.56
UPI04893,Mumbai,Android,Full,36,2y+,24,5.12,114,687.49,2314.22,83185.76,0.953,0.067,67,49,6,0.0555,1,0.0092,0.171,0.221,69,106,5.66,6.57,0.545,58391.17,0.386,27.19
UPI04894,Ahmedabad,Android,Premium,31,2y+,15,4.08,42,672.9,2096.53,25057.68,0.94,0.088,34,7,0,0.0121,2,0.0553,0.094,0.404,46,89,5.22,13.05,0.407,17965.37,0.474,16.51
UPI04895,Delhi,iOS,Full,12,6-12m,7,1.73,9,481.94,1227.53,4648.94,0.394,0.588,9,0,1,0.1204,0,0.0001,0.059,0.423,10,13,3.1,80.52,0.188,2379.56,0.267,33.81
UPI04896,Hyderabad,Android,Full,17,1-2y,27,6.7,184,257.7,693.68,47796.92,0.58,0.382,73,109,3,0.0194,2,0.02,0.163,0.305,111,276,7.8,5.18,0.493,20097.95,0.404,15.88
UPI04897,Hyderabad,iOS,Full,20,1-2y,15,13.43,216,1641.07,4172.49,362504.71,0.578,0.478,97,117,13,0.0757,10,0.0471,0.666,0.429,68,188,11.5,0.2,0.373,161435.6,0.295,71.47
UPI04898,Hyderabad,Android,Minimum,19,1-2y,28,3.73,113,2309.42,8710.51,272190.38,0.578,0.383,70,40,0,0.0146,2,0.0273,0.16,0.207,44,79,2.51,9.31,0.579,202571.57,0.327,24.46
UPI04899,Chennai,Android,Full,9,6-12m,10,0.77,3,327.39,859.42,1139.61,0.584,0.415,3,0,0,0.012,0,0.0068,0.146,0.34,8,8,3.2,244.56,0.386,1575.87,0.274,24.17
UPI04900,Kolkata,Android,Minimum,33,2y+,2,1.81,4,607.55,1719.29,2379.63,0.444,0.632,4,0,2,0.35,0,0.002,0.099,0.353,4,4,3.35,180.41,0.413,1016.32,0.318,74.27
UPI04901,Bengaluru,iOS,Full,29,2y+,2,1.24,3,716.56,1930.58,2336.34,0.518,0.554,0,0,2,0.35,0,0.0015,0.097,0.324,3,4,4.86,234.99,0.409,875.18,0.352,73.67
UPI04902,Kolkata,Android,Full,16,1-2y,17,3.58,63,544.94,1526.44,39335.25,0.83,0.193,39,20,5,0.0795,0,0.0058,0.059,0.356,47,87,4.44,12.07,0.475,20832.61,0.388,23.05
UPI04903,Kolkata,Android,Minimum,19,1-2y,26,7.55,147,201.53,803.33,26683.7,0.537,0.457,54,91,5,0.0446,0,0.0094,0.072,0.288,72,147,5.7,6.56,0.492,16117.94,0.322,23.42
UPI04904,Pune,Android,Minimum,26,2y+,23,6.72,158,115.78,280.0,21559.1,0.497,0.535,70,89,6,0.0508,1,0.0117,0.054,0.292,66,122,9.36,0.86,0.3,11551.49,0.356,26.33
UPI04905,Mumbai,iOS,Minimum,26,2y+,21,3.97,90,739.59,1910.8,59039.97,0.848,0.153,78,11,10,0.1171,4,0.0527,0.096,0.384,63,94,3.84,8.67,0.311,16904.53,0.424,34.75
UPI04906,Pune,Android,Full,35,2y+,19,3.14,61,986.85,2625.86,64941.62,0.61,0.342,24,33,0,0.0126,4,0.0702,0.054,0.261,31,44,3.23,8.55,0.239,10710.68,0.384,32.68
UPI04907,Pune,Android,Full,10,6-12m,24,5.56,155,121.9,300.9,15977.42,0.671,0.357,111,41,7,0.0523,1,0.0132,0.175,0.387,65,128,4.17,7.53,0.413,11655.28,0.308,18.72
UPI04908,Delhi,Android,Minimum,15,1-2y,30,13.53,401,3396.53,10723.77,900000,0.318,0.66,117,284,18,0.0541,10,0.0324,0.306,0.557,116,200,11.85,0.2,0.462,344950.48,0.341,57.28
UPI04909,Bengaluru,Android,Full,20,1-2y,28,6.59,185,40,138.34,7681.58,0.201,0.721,22,162,12,0.0863,4,0.0295,0.58,0.521,74,158,7.9,1.58,0.653,4188.34,0.241,54.58
UPI04910,Bengaluru,Android,Minimum,13,1-2y,24,6.42,141,189.68,406.56,26527.09,0.584,0.411,58,86,0,0.0038,1,0.0103,0.072,0.285,89,119,5.58,5.41,0.277,10962.26,0.348,15.98
UPI04911,Chennai,Android,Minimum,9,6-12m,15,1.19,28,3696.0,7907.88,98415.92,0.687,0.275,12,17,1,0.0439,3,0.1131,0.15,0.269,28,38,2.52,29.43,0.274,36621.53,0.33,43.69
UPI04912,Delhi,Android,Full,20,1-2y,19,4.25,77,825.68,2610.78,55452.41,0.81,0.167,58,18,4,0.0529,2,0.0332,0.179,0.298,39,64,4.45,8.4,0.713,15985.98,0.353,25.96
UPI04913,Delhi,iOS,Minimum,13,1-2y,18,4.64,78,2336.39,4309.2,179718.3,0.633,0.368,48,28,4,0.0547,0,0.009,0.171,0.235,38,55,6.15,6.34,0.05,59454.17,0.314,28.13
UPI04914,Bengaluru,Android,Full,27,2y+,26,3.77,74,3673.26,7984.8,234796.75,0.554,0.464,32,45,0,0.0084,0,0.0008,0.175,0.219,49,75,5.46,11.98,0.143,35345.39,0.318,10.09
UPI04915,Hyderabad,Android,Premium,1,0-6m,15,4.28,74,869.11,1857.36,56441.33,0.627,0.36,36,37,1,0.0183,1,0.0216,0.169,0.323,29,47,4.19,0.86,0.224,14209.64,0.358,26.56
UPI04916,Mumbai,Android,Full,30,2y+,22,3.67,43,4941.65,11315.75,243062.4,0.571,0.446,21,16,3,0.08,0,0.0063,0.127,0.301,42,72,4.31,15.69,0.509,125732.02,0.273,26.84
UPI04917,Ahmedabad,Android,Full,21,1-2y,23,0.5,1,4133.28,13051.85,3402.51,0.773,0.221,1,0,5,0.35,1,0.2,0.075,0.272,57,93,5.06,250,0.359,50,0.364,95.78
UPI04918,Bengaluru,Android,Full,23,1-2y,16,9.24,141,1580.53,5644.63,254299.71,0.473,0.591,48,91,23,0.1721,7,0.0513,0.314,0.691,71,199,8.1,8.36,0.827,32729.24,0.42,71.71
UPI04919,Kolkata,Android,Full,29,2y+,24,4.23,116,247.5,629.38,31086.18,0.688,0.281,52,65,2,0.0236,0,0.0089,0.098,0.352,77,164,8.27,13.74,0.149,11144.79,0.408,22.18
UPI04920,Mumbai,Android,Full,11,6-12m,11,5.31,60,518.18,1247.53,27360.23,0.578,0.436,39,27,2,0.0378,1,0.0225,0.065,0.317,27,35,1.78,9.15,0.302,9678.51,0.349,18.61
UPI04921,Bengaluru,Android,Full,10,6-12m,25,7.27,204,229.63,738.73,46317.8,0.582,0.459,115,89,6,0.0381,2,0.0135,0.13,0.335,75,140,4.6,1.62,0.321,30186.3,0.404,28.87
UPI04922,Pune,Android,Minimum,17,1-2y,2,1.44,2,508.85,1625.91,856.92,0.353,0.598,2,0,0,0.0079,2,0.2,0.147,0.324,4,5,3.65,250,0.271,466.44,0.283,36.0
UPI04923,Kolkata,Android,Full,1,0-6m,5,1.82,15,632.22,2287.54,10851.28,0.44,0.558,1,15,2,0.1468,0,0.0078,0.121,0.489,14,24,4.01,48.91,0.462,1758.87,0.279,60.3
UPI04924,Pune,Android,Minimum,1,0-6m,3,0.53,1,20,54.56,100,0.64,0.312,0,1,3,0.35,0,0.0095,0.021,0.481,2,3,4.42,250,0.255,50,0.361,69.53
UPI04925,Hyderabad,Android,Minimum,9,6-12m,19,5.43,89,197.74,561.62,19342.29,0.61,0.394,36,56,5,0.0634,0,0.0079,0.133,0.295,63,92,4.05,12.78,0.403,3392.64,0.322,24.21
UPI04926,Pune,Android,Minimum,5,0-6m,16,7.92,110,287.83,779.55,29608.98,0.638,0.384,75,37,5,0.0545,1,0.0151,0.113,0.221,57,93,4.33,7.36,0.432,5988.73,0.412,29.44
UPI04927,Pune,Android,Full,12,6-12m,6,1.14,2,590.67,590.67,1063.0,0.545,0.527,0,2,0,0.0064,0,0.0083,0.063,0.242,10,14,4.53,250,0.184,50,0.304,11.07
UPI04928,Bengaluru,Android,Premium,14,1-2y,19,2.74,63,4099.96,8618.65,295705.41,0.698,0.33,37,31,4,0.0701,1,0.0224,0.034,0.214,34,52,4.77,13.0,0.451,92411.46,0.422,25.81
UPI04929,Bengaluru,Android,Minimum,1,0-6m,19,6.31,101,211.06,646.34,18872.31,0.603,0.391,51,47,3,0.0448,1,0.0115,0.161,0.349,66,120,8.42,5.24,0.354,9926.63,0.283,38.27
UPI04930,Delhi,Android,Premium,23,1-2y,6,2.96,20,358.22,1104.18,6656.19,0.489,0.574,8,17,4,0.2147,0,0.0099,0.061,0.269,10,16,5.48,36.25,0.423,6240.04,0.336,53.84
UPI04931,Mumbai,Android,Full,14,1-2y,26,2.57,62,184.3,184.3,12941.81,0.456,0.533,29,30,1,0.0241,1,0.0242,0.108,0.403,63,84,6.15,9.82,0.301,5053.09,0.302,26.4
UPI04932,Bengaluru,iOS,Minimum,24,1-2y,15,5.75,95,5277.88,16246.58,464013.49,0.628,0.411,60,33,3,0.0392,0,0.0052,0.089,0.202,32,54,4.87,8.16,0.319,110714.84,0.391,26.23
UPI04933,Bengaluru,Android,Full,13,1-2y,18,2.56,46,648.59,1307.04,25126.53,0.812,0.186,34,9,0,0.0155,0,0.0081,0.161,0.418,44,87,4.74,15.62,0.376,4276.17,0.384,14.06
UPI04934,Pune,Android,Full,23,1-2y,5,1.91,10,505.47,1509.31,4435.46,0.349,0.714,2,10,0,0.0059,1,0.1038,0.1,0.394,6,10,2.5,67.35,0.315,4589.45,0.29,33.67
UPI04935,Mumbai,Android,Full,21,1-2y,16,6.33,87,1241.01,4486.44,114042.35,0.946,0.037,65,27,4,0.0592,0,0.0049,0.16,0.393,35,56,1.05,6.71,0.547,20952.21,0.41,21.42
UPI04936,Hyderabad,Android,Full,7,6-12m,3,1.44,6,478.93,1232.0,2502.13,0.311,0.739,3,0,2,0.3454,0,0.0072,0.045,0.304,5,7,5.43,119.38,0.466,50,0.296,77.66
UPI04937,Hyderabad,Android,Full,2,0-6m,27,1.28,1,1087.63,3747.99,1129.67,0.855,0.132,0,0,2,0.35,0,0.0056,0.07,0.412,78,137,3.55,250,0.167,700.92,0.404,77.09
UPI04938,Kolkata,Android,Minimum,6,0-6m,13,5.36,67,920.11,2747.04,63019.88,0.361,0.723,23,46,6,0.1043,7,0.1116,0.31,0.579,41,94,9.67,12.32,0.514,35483.01,0.318,57.49
UPI04939,Delhi,Android,Full,20,1-2y,21,5.1,110,191.23,488.16,17472.32,0.628,0.361,54,55,0,0.0098,1,0.014,0.076,0.392,71,154,8.63,6.86,0.286,5742.56,0.325,16.36
UPI04940,Bengaluru,iOS,Minimum,16,1-2y,23,9.66,219,52.48,152.52,9525.69,0.561,0.478,121,95,8,0.0382,0,0.0048,0.203,0.264,86,175,6.17,1.33,0.36,125.33,0.298,37.71
UPI04941,Ahmedabad,Android,Full,11,6-12m,18,12.1,233,1585.53,5967.94,390491.99,0.481,0.471,86,148,15,0.0786,9,0.0407,0.305,0.494,57,144,13.09,1.41,0.667,118263.93,0.299,47.5
UPI04942,Chennai,Android,Full,31,2y+,12,2.92,31,509.42,1371.01,13689.7,0.8,0.175,14,13,2,0.0657,3,0.1043,0.129,0.44,32,48,6.5,20.7,0.185,4512.86,0.423,28.37
UPI04943,Ahmedabad,Android,Minimum,26,2y+,3,1.78,7,20,42.56,119.71,0.603,0.361,0,7,5,0.35,0,0.0075,0.099,0.331,8,10,3.57,97.89,0.331,1141.85,0.308,78.95
UPI04944,Hyderabad,iOS,Full,10,6-12m,14,4.32,58,503.85,956.83,30150.83,0.871,0.123,52,5,4,0.0743,2,0.042,0.045,0.213,38,47,5.0,11.56,0.126,7415.76,0.36,38.77
UPI04945,Hyderabad,Android,Premium,1,0-6m,17,9.41,175,2936.88,9358.32,496535.7,0.346,0.705,64,107,7,0.0554,7,0.0451,0.402,0.383,80,180,5.88,7.04,0.498,314977.57,0.213,60.82
UPI04946,Bengaluru,Android,Minimum,22,1-2y,6,0.66,1,42.07,127.55,100,0.52,0.444,1,0,0,0.0048,1,0.2,0.062,0.48,7,10,2.75,250,0.35,50,0.307,25.14
UPI04947,Hyderabad,iOS,Full,18,1-2y,24,10.12,252,191.95,545.84,53557.57,0.491,0.465,106,143,3,0.0127,0,0.0067,0.141,0.295,92,153,6.32,4.66,0.258,23026.96,0.289,32.55
UPI04948,Bengaluru,iOS,Minimum,20,1-2y,20,4.09,77,148.09,347.38,11751.44,0.706,0.319,44,27,8,0.1088,1,0.0161,0.127,0.226,51,125,7.24,10.16,0.388,4176.9,0.303,37.25
UPI04949,Kolkata,Android,Full,13,1-2y,12,0.79,4,432.83,1460.96,1974.37,0.303,0.67,0,2,1,0.2606,1,0.2,0.06,0.273,15,24,2.34,176.77,0.488,50,0.206,72.18
UPI04950,Bengaluru,Android,Full,12,6-12m,10,0.05,12,360.15,1041.82,3789.43,0.556,0.395,5,9,3,0.262,0,0.0019,0.035,0.209,8,14,2.4,57.25,0.461,2153.22,0.268,61.1
UPI04951,Delhi,Android,Minimum,1,0-6m,13,0.05,1,292.37,547.52,309.49,0.365,0.707,0,1,0,0.0115,0,0.0036,0.085,0.444,18,26,3.74,250,0.254,50,0.236,11.12
UPI04952,Bengaluru,Android,Full,15,1-2y,16,3.29,50,842.27,1908.74,41354.27,0.86,0.135,27,24,3,0.0672,0,0.0085,0.069,0.426,36,70,6.96,13.45,0.116,25154.59,0.379,14.34
UPI04953,Delhi,Android,Minimum,16,1-2y,17,2.7,36,566.21,1454.16,17056.13,0.493,0.553,14,23,2,0.0607,1,0.0291,0.056,0.293,41,77,5.33,20.42,0.308,1745.87,0.246,31.91
UPI04954,Ahmedabad,iOS,Premium,19,1-2y,15,4.1,65,597.86,1387.52,40844.7,0.95,0.058,49,21,4,0.0727,5,0.0831,0.113,0.417,48,68,4.95,10.53,0.437,18490.97,0.474,30.58
UPI04955,Chennai,iOS,Minimum,26,2y+,1,0.52,1,634.79,2163.68,614.52,0.483,0.574,0,0,0,0.0114,0,0.0019,0.149,0.244,2,3,1.64,250,0.606,50,0.243,19.58
UPI04956,Hyderabad,iOS,Full,13,1-2y,18,5.72,118,480.01,866.19,60916.62,0.711,0.256,85,36,4,0.0394,3,0.0321,0.077,0.331,40,53,1.69,7.54,0.326,42826.04,0.345,22.55
UPI04957,Delhi,Android,Full,16,1-2y,20,3.39,53,1221.86,2319.28,61954.63,0.94,0.068,49,6,5,0.1075,0,0.0014,0.174,0.301,44,58,3.55,13.55,0.288,40157.57,0.434,40.92
UPI04958,Delhi,Android,Minimum,16,1-2y,12,3.41,34,604.82,1368.52,22436.52,0.542,0.431,11,25,4,0.1325,0,0.009,0.097,0.337,31,39,2.33,24.55,0.237,15876.5,0.312,43.2
UPI04959,Ahmedabad,Android,Full,5,0-6m,22,7.84,172,121.39,253.35,24636.72,0.627,0.419,100,67,2,0.0261,0,0.0012,0.216,0.283,52,82,5.32,6.33,0.272,3528.22,0.273,42.33
UPI04960,Ahmedabad,iOS,Full,18,1-2y,3,1.6,6,41.23,112.28,291.39,0.61,0.332,0,5,2,0.3357,0,0.0066,0.129,0.383,2,3,3.58,118.89,0.28,50,0.316,71.4
UPI04961,Ahmedabad,Android,Full,11,6-12m,13,3.4,47,4727.3,11979.83,210938.67,0.79,0.179,31,10,5,0.1214,0,0.0039,0.086,0.29,27,46,3.3,18.16,0.223,24444.28,0.354,33.83
UPI04962,Delhi,Android,Minimum,18,1-2y,1,1.2,1,460.16,1103.31,525.47,0.524,0.419,1,1,0,0.0022,1,0.2,0.11,0.198,4,6,2.65,250,0.306,604.64,0.328,42.74
UPI04963,Kolkata,Android,Premium,17,1-2y,14,4.38,72,3373.39,7771.41,286571.76,0.584,0.428,37,35,2,0.0291,0,0.0048,0.14,0.207,31,58,4.85,12.05,0.233,37110.97,0.261,25.1
UPI04964,Ahmedabad,iOS,Full,20,1-2y,14,6.83,120,875.39,2321.01,95144.47,0.953,0.068,68,50,3,0.0256,3,0.0286,0.107,0.204,30,37,1.61,4.34,0.339,45340.74,0.417,22.54
UPI04965,Hyderabad,Android,Premium,10,6-12m,19,3.38,59,1228.62,4677.94,64035.08,0.89,0.097,37,24,0,0.0055,2,0.0435,0.174,0.359,51,68,4.76,14.07,0.627,28569.03,0.44,12.87
UPI04966,Hyderabad,Android,Minimum,4,0-6m,16,2.77,48,1283.59,4376.58,68350.98,0.282,0.703,10,44,24,0.35,6,0.1318,0.302,0.339,49,116,5.92,14.89,0.789,8464.18,0.308,100
UPI04967,Chennai,Android,Premium,38,2y+,5,0.73,3,65.35,202.87,222.15,0.421,0.527,3,3,2,0.35,0,0.0029,0.065,0.46,4,5,5.65,240.75,0.332,1013.58,0.26,66.16
UPI04968,Pune,Android,Full,1,0-6m,15,2.53,39,3217.85,8349.88,104666.18,0.719,0.223,25,17,1,0.0387,0,0.0002,0.157,0.206,30,40,6.22,17.96,0.509,24677.52,0.296,34.74
UPI04969,Ahmedabad,iOS,Full,22,1-2y,8,5.0,45,77.65,142.19,3260.44,0.801,0.217,21,23,3,0.0741,1,0.0275,0.054,0.287,21,26,6.15,14.3,0.537,2223.57,0.408,31.74
UPI04970,Hyderabad,iOS,Minimum,20,1-2y,14,4.88,74,944.97,3148.55,65369.43,0.865,0.154,55,14,5,0.0743,0,0.0073,0.07,0.28,36,55,4.34,10.89,0.322,22699.11,0.466,28.17
UPI04971,Mumbai,Android,Minimum,29,2y+,23,6.29,113,124.97,261.41,12402.0,0.599,0.427,60,52,4,0.0428,3,0.0303,0.209,0.356,81,99,4.97,5.21,0.314,4983.29,0.359,32.2
UPI04972,Kolkata,Android,Full,10,6-12m,25,3.88,83,686.31,1472.98,62818.26,0.563,0.424,44,32,7,0.0927,2,0.0273,0.136,0.304,55,87,3.31,6.72,0.49,42702.75,0.335,35.33
UPI04973,Pune,Android,Full,21,1-2y,22,2.94,55,632.77,1766.35,39669.53,0.532,0.477,30,27,3,0.0692,1,0.026,0.176,0.326,69,137,7.57,15.19,0.351,21697.15,0.285,12.49
UPI04974,Chennai,Android,Full,12,6-12m,23,10.71,283,203.67,696.05,60393.51,0.501,0.486,98,184,6,0.0258,1,0.0037,0.074,0.365,59,140,5.2,4.52,0.435,8649.43,0.308,22.69
UPI04975,Hyderabad,Android,Full,26,2y+,17,3.96,79,4710.06,12477.91,354092.88,0.716,0.291,35,44,2,0.0299,1,0.0198,0.119,0.243,33,51,4.7,11.46,0.321,156494.54,0.312,23.74
UPI04976,Ahmedabad,Android,Full,19,1-2y,29,10.98,296,186.73,598.91,57221.15,0.591,0.447,116,181,11,0.0476,1,0.0043,0.155,0.34,92,133,8.04,0.2,0.459,29750.04,0.394,31.28
UPI04977,Bengaluru,Android,Minimum,27,2y+,24,7.01,147,130.92,324.22,20551.35,0.709,0.336,71,80,3,0.0316,1,0.016,0.155,0.384,90,181,7.69,5.79,0.36,4864.0,0.418,30.83
UPI04978,Kolkata,Android,Premium,9,6-12m,17,2.88,60,2430.22,5693.0,154647.97,0.592,0.398,26,33,6,0.1053,0,0.0079,0.126,0.225,35,48,3.03,12.72,0.325,95613.7,0.306,25.24
UPI04979,Kolkata,Android,Full,15,1-2y,13,3.13,30,883.98,1979.01,26535.69,0.868,0.11,23,6,5,0.173,2,0.075,0.07,0.253,23,45,6.83,27.43,0.292,13170.5,0.431,41.88
UPI04980,Hyderabad,iOS,Full,17,1-2y,15,4.64,68,302.11,825.08,18449.39,0.934,0.074,46,16,7,0.1138,2,0.0343,0.17,0.228,57,99,4.68,10.46,0.389,4400.96,0.442,40.35
UPI04981,Mumbai,Android,Premium,17,1-2y,21,1.33,1,788.23,2800.73,849.59,0.947,0.063,0,0,2,0.35,3,0.2,0.058,0.339,79,126,2.99,250,0.321,2374.66,0.41,89.24
UPI04982,Mumbai,Android,Full,16,1-2y,20,5.54,119,3591.7,10791.03,498419.77,0.685,0.268,54,66,0,0.0092,2,0.0206,0.146,0.243,41,58,4.76,0.2,0.475,81029.28,0.403,8.1
UPI04983,Delhi,Android,Full,20,1-2y,23,2.92,62,2846.0,5833.76,167485.66,0.749,0.215,35,29,1,0.0249,0,0.0086,0.11,0.181,48,83,4.63,7.23,0.256,58746.99,0.351,6.37
UPI04984,Delhi,iOS,Full,1,0-6m,6,0.24,1,750.35,2450.15,865.31,0.528,0.408,1,1,0,0.0084,0,0.0061,0.106,0.505,3,3,5.7,250,0.464,928.62,0.348,25.74
UPI04985,Ahmedabad,Android,Full,31,2y+,22,6.21,128,246.47,639.88,33536.57,0.528,0.445,45,82,4,0.0451,3,0.0304,0.147,0.227,56,114,5.17,6.17,0.338,5223.29,0.329,32.14
UPI04986,Bengaluru,Android,Minimum,17,1-2y,12,3.03,42,733.77,2558.64,35338.33,0.459,0.589,21,20,7,0.168,2,0.0497,0.121,0.248,31,39,5.41,17.99,0.24,23568.16,0.263,47.54
UPI04987,Mumbai,iOS,Full,1,0-6m,12,3.47,30,3901.48,7936.86,110407.48,0.753,0.213,12,17,3,0.1024,2,0.0724,0.147,0.211,24,28,3.94,23.42,0.235,47539.26,0.388,47.45
UPI04988,Kolkata,Android,Minimum,15,1-2y,28,4.21,136,236.75,865.6,28052.1,0.627,0.328,54,76,4,0.0439,0,0.01,0.216,0.248,95,218,8.83,1.32,0.612,15636.69,0.268,33.9
UPI04989,Mumbai,iOS,Full,3,0-6m,24,6.64,135,577.41,1104.42,72268.25,0.914,0.067,93,39,2,0.0264,2,0.0199,0.077,0.33,44,71,3.33,7.6,0.339,51898.74,0.478,28.1
UPI04990,Bengaluru,Android,Full,18,1-2y,18,3.85,72,2334.61,6405.03,148278.1,0.807,0.159,44,30,2,0.0352,0,0.0019,0.101,0.258,27,49,3.12,13.78,0.476,111736.33,0.391,8.76
UPI04991,Mumbai,Android,Full,10,6-12m,21,7.6,135,155.96,521.56,19405.27,0.714,0.321,77,50,6,0.0494,0,0.001,0.163,0.273,46,71,8.51,6.48,0.344,7796.52,0.345,20.9
UPI04992,Bengaluru,Android,Full,25,2y+,18,2.83,62,746.26,1574.14,46994.19,0.469,0.558,25,38,3,0.0573,0,0.0004,0.054,0.384,43,83,1.02,12.35,0.345,12924.39,0.371,16.22
UPI04993,Hyderabad,Android,Full,17,1-2y,28,1.01,37,1030.44,3746.64,44290.76,0.916,0.059,27,13,2,0.0556,2,0.0584,0.159,0.252,78,117,5.21,18.29,0.481,21065.36,0.374,11.82
UPI04994,Delhi,Android,Premium,23,1-2y,10,7.14,76,2200.42,8908.38,172897.55,0.553,0.56,40,34,31,0.35,6,0.0813,0.443,0.477,41,96,2.78,9.1,0.798,115747.51,0.349,100
UPI04995,Pune,iOS,Premium,1,0-6m,5,0.75,6,287.28,844.29,1498.48,0.431,0.532,4,3,0,0.0004,1,0.1754,0.041,0.388,7,12,1.41,123.35,0.325,3737.81,0.227,44.73
UPI04996,Pune,Android,Minimum,8,6-12m,18,4.48,67,940.73,2901.85,58201.99,0.908,0.111,43,26,1,0.0199,4,0.0611,0.125,0.267,58,74,6.14,7.15,0.453,18684.33,0.495,22.53
UPI04997,Chennai,Android,Full,17,1-2y,24,7.28,193,181.42,486.13,32221.08,0.574,0.423,114,72,3,0.0246,3,0.0157,0.102,0.348,86,174,8.39,1.8,0.459,20604.92,0.277,28.53
UPI04998,Chennai,Android,Premium,19,1-2y,15,5.68,93,888.96,2727.36,89695.07,0.922,0.106,87,4,1,0.0122,3,0.0359,0.085,0.209,30,50,7.19,8.87,0.465,53699.9,0.46,18.29
UPI04999,Delhi,Android,Full,10,6-12m,16,2.87,30,629.53,1727.64,21045.22,0.538,0.502,13,19,6,0.2034,0,0.0022,0.096,0.383,36,50,5.61,22.94,0.455,11948.49,0.347,54.02
UPI05000,Chennai,Android,Premium,1,0-6m,11,3.99,21,1124.25,3674.26,22420.53,0.318,0.777,4,18,24,0.35,7,0.2,0.523,0.642,28,82,7.32,29.8,0.665,3160.98,0.282,100
